Date,eq
2018-06-20,0.9999206349206349
2018-06-21,0.9998412761400856
2018-06-22,0.9997619236578522
2018-06-25,0.9996825774734349
2018-06-26,0.9996032375863338
2018-06-27,0.9995239039960492
2018-06-28,0.9994445767020812
2018-06-29,0.9993652557039302
2018-07-02,0.9992859410010965
2018-07-03,0.9992066325930805
2018-07-05,0.9991273304793826
2018-07-06,0.9990480346595033
2018-07-09,0.998968745132943
2018-07-10,0.9988894618992022
2018-07-11,0.9988101849577816
2018-07-12,0.9987309143081817
2018-07-13,0.9986516499499033
2018-07-16,0.998572391882447
2018-07-17,0.9984931401053134
2018-07-18,0.9984138946180035
2018-07-19,0.9983346554200179
2018-07-20,0.9982554225108575
2018-07-23,0.9981761958900233
2018-07-24,0.998096975557016
2018-07-25,0.9980177615113369
2018-07-26,0.9979385537524867
2018-07-27,0.9978593522799667
2018-07-30,0.9977801570932777
2018-07-31,0.9977009681919211
2018-08-01,0.9976217855753979
2018-08-02,0.9975426092432094
2018-08-03,0.9974634391948567
2018-08-06,0.9973842754298412
2018-08-07,0.9973051179476642
2018-08-08,0.997225966747827
2018-08-09,0.9971468218298312
2018-08-10,0.997067683193178
2018-08-13,0.9969885508373689
2018-08-14,0.9969094247619056
2018-08-15,0.9968303049662895
2018-08-16,0.9967511914500223
2018-08-17,0.9966720842126057
2018-08-20,0.9965929832535412
2018-08-21,0.9965138885723306
2018-08-22,0.9964348001684756
2018-08-23,0.996355718041478
2018-08-24,0.9962766421908398
2018-08-27,0.9961975726160627
2018-08-28,0.9961185093166487
2018-08-29,0.9960394522920997
2018-08-30,0.9959604015419177
2018-08-31,0.9958813570656048
2018-09-04,0.995802318862663
2018-09-05,0.9957232869325945
2018-09-06,0.9956442612749014
2018-09-07,0.9955652418890858
2018-09-10,0.9954862287746501
2018-09-11,0.9954072219310965
2018-09-12,0.9953282213579273
2018-09-13,0.9952492270546449
2018-09-14,0.9951702390207516
2018-09-17,0.99509125725575
2018-09-18,0.9950122817591424
2018-09-19,0.9949333125304313
2018-09-20,0.9948543495691193
2018-09-21,0.9947753928747091
2018-09-24,0.9946964424467031
2018-09-25,0.9946174982846041
2018-09-26,0.9945385603879148
2018-09-27,0.9944596287561379
2018-09-28,0.9943807033887763
2018-10-01,0.9943017842853327
2018-10-02,0.99422287144531
2018-10-03,0.9941439648682111
2018-10-04,0.9940650645535389
2018-10-05,0.9939861705007965
2018-10-08,0.9939072827094869
2018-10-09,0.9938284011791131
2018-10-10,0.9937495259091782
2018-10-11,0.9936706568991853
2018-10-12,0.9935917941486377
2018-10-15,0.9935129376570386
2018-10-16,0.9934340874238912
2018-10-17,0.9933552434486987
2018-10-18,0.9932764057309647
2018-10-19,0.9931975742701923
2018-10-22,0.993118749065885
2018-10-23,0.9930399301175464
2018-10-24,0.99296111742468
2018-10-25,0.992882310986789
2018-10-26,0.9928035108033774
2018-10-29,0.9927247168739485
2018-10-30,0.9926459291980061
2018-10-31,1.0041542579457021
2018-11-01,1.0190423229593408
2018-11-02,1.0115960238978934
2018-11-05,1.0146253026926084
2018-11-06,1.019891788026144
2018-11-07,1.048992806593018
2018-11-08,1.0488961576754794
2018-11-09,1.0368919042519682
2018-11-12,1.0130073777395332
2018-11-13,1.0108143366566456
2018-11-14,1.001454303017879
2018-11-15,1.0121964574435338
2018-11-16,1.0136524758918446
2018-11-19,0.9881387509886013
2018-11-20,0.9704413924046792
2018-11-21,0.9742808903824871
2018-11-23,0.9702544168027368
2018-11-26,0.9878943620100087
2018-11-27,0.9928678743431752
2018-11-28,1.0221186987449047
2018-11-29,1.0182750722489702
2018-11-30,1.0326377016399952
2018-12-03,1.0452485973149919
2018-12-04,1.005771216266983
2018-12-06,1.00716176121403
2018-12-07,0.9723968558914549
2018-12-10,0.9782889935473306
2018-12-11,0.9824218189535756
2018-12-12,0.9907255690010462
2018-12-13,0.9919154949174953
2018-12-14,0.9615076447941494
2018-12-17,0.9327012237372027
2018-12-18,0.9311295263336397
2018-12-19,0.9117043640279201
2018-12-20,0.8896637015955114
2018-12-21,0.8671024321936981
2018-12-24,0.8385587747683715
2018-12-26,0.8919294781721875
2018-12-27,0.9017184721254988
2018-12-28,0.901346827893054
2018-12-31,0.9132334642772091
2019-01-02,0.9040205900609173
2019-01-03,0.874308560264259
2019-01-04,0.9160228101017207
2019-01-07,0.9242575591836514
2019-01-08,0.939214096308203
2019-01-09,0.9413911899725781
2019-01-10,0.9483598025442135
2019-01-11,0.9487765027196527
2019-01-14,0.9316744218590457
2019-01-15,0.9515774728955292
2019-01-16,0.9499324800936891
2019-01-17,0.9595019781341303
2019-01-18,0.9767232416876597
2019-01-22,0.9616808023464621
2019-01-23,0.9707760232623759
2019-01-24,0.9697353187660619
2019-01-25,0.9724742746093771
2019-01-28,0.9623692983231877
2019-01-29,0.9599775379374679
2019-01-30,0.9851415854631265
2019-01-31,1.007129962073187
2019-02-01,0.9993581546800375
2019-02-04,1.0055917122757498
2019-02-05,1.014122596257143
2019-02-06,1.013078282857117
2019-02-07,1.0091188007529803
2019-02-08,1.0160116621059951
2019-02-11,1.0137360867498553
2019-02-12,1.0312246476704308
2019-02-13,1.0316675494479572
2019-02-14,1.031195458784846
2019-02-15,1.0482897519075887
2019-02-19,1.0589855948538496
2019-02-20,1.058895979569016
2019-02-21,1.051633145668515
2019-02-22,1.064984096117868
2019-02-25,1.0602465131491134
2019-02-26,1.0622305085830024
2019-02-27,1.0532878463209685
2019-02-28,1.0498492769693628
2019-03-01,1.0508291461475676
2019-03-04,1.0454258213637766
2019-03-05,1.0455076629327222
2019-03-06,1.0373263110399167
2019-03-07,1.027913288265581
2019-03-08,1.0312508445346116
2019-03-11,1.0514338112701633
2019-03-12,1.064088368537105
2019-03-13,1.0755964353280474
2019-03-14,1.0674835170068013
2019-03-15,1.0829101539360706
2019-03-18,1.086461100463626
2019-03-19,1.0876200941793481
2019-03-20,1.0901254887607437
2019-03-21,1.1130294527511093
2019-03-22,1.0989295149366964
2019-03-25,1.1036446594127325
2019-03-26,1.1133447748013277
2019-03-27,1.1049102822295824
2019-03-28,1.1030225642814766
2019-03-29,1.1172772090256526
2019-04-01,1.116351761739395
2019-04-02,1.1161582967347217
2019-04-03,1.1150525018281168
2019-04-04,1.1177666942430249
2019-04-05,1.1290804195827482
2019-04-08,1.1308929521782773
2019-04-09,1.1282518644824706
2019-04-10,1.1346943362972275
2019-04-11,1.1255221896834988
2019-04-12,1.1268454994817987
2019-04-15,1.1312582542711183
2019-04-16,1.1166616133655947
2019-04-17,1.1085219521264773
2019-04-18,1.11269006306141
2019-04-22,1.110302639883167
2019-04-23,1.124406891713353
2019-04-24,1.1317329068309037
2019-04-25,1.1324059886789077
2019-04-26,1.1454286457808114
2019-04-29,1.1375193915586717
2019-04-30,1.1529645859157955
2019-05-01,1.136927007456599
2019-05-02,1.1325281432946237
2019-05-03,1.1515752759622517
2019-05-06,1.1469951059939736
2019-05-07,1.1247608020411826
2019-05-08,1.1174212181711474
2019-05-09,1.1136596494505755
2019-05-10,1.1267816133110358
2019-05-13,1.1015759483769036
2019-05-14,1.1105540378903953
2019-05-15,1.1224476056472648
2019-05-16,1.133686296304168
2019-05-17,1.1257399495915044
2019-05-20,1.1151001712401452
2019-05-21,1.1241185953355641
2019-05-22,1.1266405032483056
2019-05-23,1.1242311703171282
2019-05-24,1.12408414474618
2019-05-28,1.1040739569162885
2019-05-29,1.088704088510047
2019-05-30,1.1018001906912172
2019-05-31,1.0941986050900576
2019-06-03,1.1014657578497986
2019-06-04,1.1292456816258947
2019-06-05,1.1499525631196315
2019-06-06,1.1670948140006698
2019-06-07,1.190334520255187
2019-06-10,1.1885803013059566
2019-06-11,1.1880228679966116
2019-06-12,1.1956352319292627
2019-06-13,1.205317034527778
2019-06-14,1.2069703749895844
2019-06-17,1.2073366214974164
2019-06-18,1.2212216874396171
2019-06-19,1.234817387340441
2019-06-20,1.263139368476901
2019-06-21,1.2595528073410833
2019-06-24,1.2663898503839401
2019-06-25,1.2521248100843059
2019-06-26,1.2310711888991306
2019-06-27,1.2412850698545639
2019-06-28,1.245864993694594
2019-07-01,1.2505283940635643
2019-07-02,1.276107578552344
2019-07-03,1.2985785241982686
2019-07-05,1.2825152632545231
2019-07-08,1.2755278409368966
2019-07-09,1.2771790705160286
2019-07-10,1.2915369187842367
2019-07-11,1.2858585130648927
2019-07-12,1.2906405635628369
2019-07-15,1.2994755403190346
2019-07-16,1.2853183855747512
2019-07-17,1.292902335385452
2019-07-18,1.3106397418717126
2019-07-19,1.2846886530273987
2019-07-22,1.2862073688109668
2019-07-23,1.2896754262197898
2019-07-24,1.2970820950522344
2019-07-25,1.2850540430356316
2019-07-26,1.2974818976070588
2019-07-29,1.302836828403676
2019-07-30,1.2956229614550545
2019-07-31,1.2668004233573265
2019-08-01,1.2807395553549412
2019-08-02,1.2715018314011306
2019-08-05,1.2285432943915773
2019-08-06,1.2621940626327532
2019-08-07,1.2790585185974548
2019-08-08,1.3162695290815325
2019-08-09,1.3033520090852657
2019-08-12,1.2964852048801256
2019-08-13,1.3211006725242946
2019-08-14,1.2837932054172772
2019-08-15,1.303256056800835
2019-08-16,1.3225862055962128
2019-08-19,1.3347056805172057
2019-08-20,1.3311991300767023
2019-08-21,1.3479047675305045
2019-08-22,1.3433227155689749
2019-08-23,1.3100722969993523
2019-08-26,1.3336682986469037
2019-08-27,1.33870099202647
2019-08-28,1.3502129157959717
2019-08-29,1.3665090216146176
2019-08-30,1.3626135842004106
2019-09-03,1.370028486542265
2019-09-04,1.3906156533199872
2019-09-05,1.3862396621257271
2019-09-06,1.3871592084760989
2019-09-09,1.3678248477711477
2019-09-10,1.3507682784542465
2019-09-11,1.3686889674001803
2019-09-12,1.37391215446808
2019-09-13,1.3501898622787245
2019-09-16,1.347728050695648
2019-09-17,1.3625714835268348
2019-09-18,1.3638854953710566
2019-09-19,1.3709693511418937
2019-09-20,1.374639373995459
2019-09-23,1.3794779872122993
2019-09-24,1.3810534665498688
2019-09-25,1.3731405398320649
2019-09-26,1.376814323526671
2019-09-27,1.3635321600295691
2019-09-30,1.372767344968763
2019-10-01,1.3617293601476417
2019-10-02,1.3295721378210048
2019-10-03,1.351226420172359
2019-10-04,1.3865328347860464
2019-10-07,1.367598313373966
2019-10-08,1.3422894738759454
2019-10-09,1.3593549967369838
2019-10-10,1.3573303967617336
2019-10-11,1.3620962260140208
2019-10-14,1.3612439083790009
2019-10-15,1.3663879438303517
2019-10-16,1.3690303815853395
2019-10-17,1.3754291528798028
2019-10-18,1.3702831296653446
2019-10-21,1.3738740389537465
2019-10-22,1.3717917260519947
2019-10-23,1.3782987938966025
2019-10-24,1.3878269027399102
2019-10-25,1.3846735042017844
2019-10-28,1.3812152510211249
2019-10-29,1.3803184177371914
2019-10-30,1.4039119971899365
2019-10-31,1.4133423800944984
2019-11-01,1.4203056535523675
2019-11-04,1.4032215252460027
2019-11-05,1.3838499649172495
2019-11-06,1.394023536567613
2019-11-07,1.3723176628246494
2019-11-08,1.3712485669492025
2019-11-11,1.3642536412593493
2019-11-12,1.3740382955582657
2019-11-13,1.3890674284327236
2019-11-14,1.3986769281558646
2019-11-15,1.4130571406393198
2019-11-18,1.420067888106328
2019-11-19,1.4212495165660097
2019-11-20,1.4256261992428503
2019-11-21,1.4120223736853321
2019-11-22,1.415328065144273
2019-11-25,1.4298471322230983
2019-11-26,1.443600845248168
2019-11-27,1.4508315954329962
2019-11-29,1.4458136756198827
2019-12-02,1.4239882395304864
2019-12-03,1.4288707182677605
2019-12-04,1.439162098214153
2019-12-05,1.4389697179026741
2019-12-06,1.4441764138913338
2019-12-09,1.4383883398750703
2019-12-10,1.4386790775945049
2019-12-11,1.4525135024651588
2019-12-12,1.4541882473722114
2019-12-13,1.4706469659870076
2019-12-16,1.485745081649664
2019-12-17,1.4861882361288175
2019-12-18,1.484355356107576
2019-12-19,1.4962046573620789
2019-12-20,1.5116284874973749
2019-12-23,1.5077663285233327
2019-12-24,1.5158345055547073
2019-12-26,1.531841167851933
2019-12-27,1.5359333678663096
2019-12-30,1.5229599865505798
2019-12-31,1.5242449487331198
2020-01-02,1.5556811662760766
2020-01-03,1.551543664393252
2020-01-06,1.5684557937533603
2020-01-07,1.5605851943244742
2020-01-08,1.57078735533273
2020-01-09,1.5920375608327244
2020-01-10,1.5910664296469803
2020-01-13,1.6078904647285126
2020-01-14,1.6110506223376584
2020-01-15,1.636445122103187
2020-01-16,1.6632595180863312
2020-01-17,1.6743100031742115
2020-01-21,1.6796890608429873
2020-01-22,1.6830990895327198
2020-01-23,1.6970574676039702
2020-01-24,1.6729712997396378
2020-01-27,1.637072613926958
2020-01-28,1.6589742348066943
2020-01-29,1.667565732594182
2020-01-30,1.6741470979357445
2020-01-31,1.6265600590306264
2020-02-03,1.6463741416351925
2020-02-04,1.6796633687098905
2020-02-05,1.708031600409463
2020-02-06,1.7280304212457707
2020-02-07,1.7186360885495675
2020-02-10,1.7500307630744487
2020-02-11,1.7526024082165104
2020-02-12,1.7752810293604748
2020-02-13,1.7822602026102836
2020-02-14,1.7946659852610791
2020-02-18,1.8053747695837006
2020-02-19,1.816687908827318
2020-02-20,1.8093432654550714
2020-02-21,1.7892126504691683
2020-02-24,1.6817192615516274
2020-02-25,1.5649067430305117
2020-02-26,1.5493164695364559
2020-02-27,1.4048130255570954
2020-02-28,1.3606347268604835
2020-03-02,1.5053784122822305
2020-03-03,1.4433563274170107
2020-03-04,1.59214056128895
2020-03-05,1.5043295153573715
2020-03-06,1.4883887335704504
2020-03-09,1.2804415879514426
2020-03-10,1.3762737902164608
2020-03-11,1.201157914816947
2020-03-12,0.9210867377210805
2020-03-13,1.0754568627363221
2020-03-16,0.8180640474304833
2020-03-17,0.931979703724044
2020-03-18,0.8136320265750768
2020-03-19,0.8009305647537177
2020-03-20,0.7308802155123477
2020-03-23,0.708129100363603
2020-03-24,0.8614303784938919
2020-03-25,0.8824892937468182
2020-03-26,1.0140629778907504
2020-03-27,0.95948736671423
2020-03-30,1.0339849476408518
2020-03-31,0.9792753230338586
2020-04-01,0.8605871723949184
2020-04-02,0.9371608655100018
2020-04-03,0.8962566047174908
2020-04-06,1.0823261699399784
2020-04-07,1.086152627944921
2020-04-08,1.204089325942943
2020-04-09,1.270082472243204
2020-04-13,1.2314992406693268
2020-04-14,1.3342388957272464
2020-04-15,1.2424212968349035
2020-04-16,1.2464149416091752
2020-04-17,1.364808732303017
2020-04-20,1.2849313336862345
2020-04-21,1.1873345023843849
2020-04-22,1.2728264357752266
2020-04-23,1.290649313243537
2020-04-24,1.335825643471824
2020-04-27,1.3845464060711403
2020-04-28,1.3977522274678942
2020-04-29,1.5019104473671951
2020-04-30,1.4236690855632752
2020-05-01,1.3163169535559502
2020-05-04,1.3404715218923537
2020-05-05,1.366475191863452
2020-05-06,1.3043504710869218
2020-05-07,1.365488676704237
2020-05-08,1.4452434148429802
2020-05-11,1.424521876965123
2020-05-12,1.3573484970591465
2020-05-13,1.2871912028355377
2020-05-14,1.3344131002987647
2020-05-15,1.3515914055962586
2020-05-18,1.492181008989629
2020-05-19,1.4466573996082848
2020-05-20,1.5242788442664061
2020-05-21,1.4828665685937097
2020-05-22,1.4967365098538672
2020-05-26,1.5451558814316617
2020-05-27,1.608704086606062
2020-05-28,1.6083070236919133
2020-05-29,1.6330539458424196
2020-06-01,1.6623583058171323
2020-06-02,1.7097274364778212
2020-06-03,1.766866418184316
2020-06-04,1.742688947564658
2020-06-05,1.8694884273504708
2020-06-08,1.9718815737454451
2020-06-09,1.907406963601253
2020-06-10,1.8683287824968209
2020-06-11,1.545356109974107
2020-06-12,1.5924131981591372
2020-06-15,1.6337053306345326
2020-06-16,1.7145939639975558
2020-06-17,1.6855318327202464
2020-06-18,1.6987123334806693
2020-06-19,1.664812794836434
2020-06-22,1.6929732678376714
2020-06-23,1.7037508979705032
2020-06-24,1.5722394596664246
2020-06-25,1.6077656635022286
2020-06-26,1.5100266942077174
2020-06-29,1.58956625403489
2020-06-30,1.6492001942973702
2020-07-01,1.6685035437462303
2020-07-02,1.7036752811166007
2020-07-06,1.758925470487295
2020-07-07,1.7219722699084996
2020-07-08,1.7388214303789131
2020-07-09,1.6849523838979588
2020-07-10,1.7513581908672764
2020-07-13,1.7249589566225507
2020-07-14,1.8186680362159953
2020-07-15,1.8765121716174662
2020-07-16,1.8727860767141382
2020-07-17,1.9014775335236116
2020-07-20,1.90129536830724
2020-07-21,1.9609016831229986
2020-07-22,2.0101442926743487
2020-07-23,1.980199413454562
2020-07-24,1.954122181519648
2020-07-27,1.9963041633001615
2020-07-28,1.9662509218885573
2020-07-29,2.031936378131141
2020-07-30,1.9851685607376854
2020-07-31,2.011525858905013
2020-08-03,2.0237011086973964
2020-08-04,2.0962663131091896
2020-08-05,2.1302671716484225
2020-08-06,2.1698881226353897
2020-08-07,2.1779152252141567
2020-08-10,2.2246758179596937
2020-08-11,2.124304060701503
2020-08-12,2.1931262037084975
2020-08-13,2.1851912357276237
2020-08-14,2.1810447428033877
2020-08-17,2.216630287895862
2020-08-18,2.2254463730431735
2020-08-19,2.167674768887032
2020-08-20,2.1643818602983913
2020-08-21,2.1703992757321555
2020-08-24,2.2458952052911902
2020-08-25,2.2360914617517587
2020-08-26,2.2740616027357725
2020-08-27,2.2548201886220025
2020-08-28,2.3204446924141275
2020-08-31,2.287527058041678
2020-09-01,2.3350487666531947
2020-09-02,2.447048196018674
2020-09-03,2.2456563770827453
2020-09-04,2.189097904810527
2020-09-08,2.0447943850446877
2020-09-09,2.1563911359640304
2020-09-10,2.045899278596612
2020-09-11,2.0675303570010115
2020-09-14,2.1455837075090702
2020-09-15,2.171089000638303
2020-09-16,2.1793036931334173
2020-09-17,2.142755557709761
2020-09-18,2.063717423087101
2020-09-21,1.9499272809324957
2020-09-22,1.9901479596678855
2020-09-23,1.840843409047884
2020-09-24,1.8631023389615153
2020-09-25,1.9302797357305181
2020-09-28,2.0209607997364154
2020-09-29,1.985446428802005
2020-09-30,2.0139808782255186
2020-10-01,2.0225099141092437
2020-10-02,2.0040998126028433
2020-10-05,2.0987500946963134
2020-10-06,2.020015808887006
2020-10-07,2.1130990082492094
2020-10-08,2.1981465333917383
2020-10-09,2.243288938458561
2020-10-12,2.31683702905477
2020-10-13,2.2664845983846216
2020-10-14,2.249420541595017
2020-10-15,2.2484995407066863
2020-10-16,2.2442244488686534
2020-10-19,2.143570567801632
2020-10-20,2.171661619992176
2020-10-21,2.1528085775721535
2020-10-22,2.201060762331864
2020-10-23,2.2252411177146048
2020-10-26,2.1032895889830394
2020-10-27,2.0791019954877408
2020-10-28,1.8562102363446806
2020-10-29,1.9145031586966523
2020-10-30,1.8661003396489777
2020-11-02,1.9757995261387526
2020-11-03,2.0673738202019605
2020-11-04,2.155589495013498
2020-11-05,2.2827643476484183
2020-11-06,2.261428273330231
2020-11-09,2.367279938714846
2020-11-10,2.423063562849705
2020-11-11,2.437696523552401
2020-11-12,2.3626452908531035
2020-11-13,2.4863336523233595
2020-11-16,2.613942612739742
2020-11-17,2.5790894111016462
2020-11-18,2.4721429194673403
2020-11-19,2.5028112349057343
2020-11-20,2.477942634351472
2020-11-23,2.544254823361543
2020-11-24,2.6612117982453873
2020-11-25,2.622593491250947
2020-11-27,2.6262581574071406
2020-11-30,2.541276099325637
2020-12-01,2.610718344494482
2020-12-02,2.634886178393533
2020-12-03,2.644111542625202
2020-12-04,2.722694493647416
2020-12-07,2.714915364764774
2020-12-08,2.7538546643135287
2020-12-09,2.70170659751277
2020-12-10,2.7122368932447327
2020-12-11,2.702573043756403
2020-12-14,2.6271203396202454
2020-12-15,2.7439750656400848
2020-12-16,2.73350295641849
2020-12-17,2.7851049081348793
2020-12-18,2.7571366595693374
2020-12-21,2.681944761930334
2020-12-22,2.639365717213199
2020-12-23,2.6664008343615735
2020-12-24,2.6962923489118467
2020-12-28,2.735083664625619
2020-12-29,2.7199612502121244
2020-12-30,2.763522190209961
2020-12-31,2.8073779633439546
2021-01-04,2.7220107636856268
2021-01-05,2.810051601598864
2021-01-06,2.8903859026704484
2021-01-07,2.9603956095170445
2021-01-08,2.9625926731221384
2021-01-11,2.9168337916341605
2021-01-12,2.953620684157413
2021-01-13,2.967112820646368
2021-01-14,2.953755725794762
2021-01-15,2.874785335147742
2021-01-19,2.946042375936631
2021-01-20,3.0575910089509373
2021-01-21,2.9996239786740966
2021-01-22,2.968638545235719
2021-01-25,3.0127971184188502
2021-01-26,2.972536452316439
2021-01-27,2.7514784058919357
2021-01-28,2.825002864382605
2021-01-29,2.654647430917177
2021-02-01,2.7598384746831224
2021-02-02,2.846479263507307
2021-02-03,2.875343582370712
2021-02-04,2.919044216302903
2021-02-05,2.986515325902845
2021-02-08,3.07640243624827
2021-02-09,3.0630014357613464
2021-02-10,3.093025431264035
2021-02-11,3.0622690028262336
2021-02-12,3.092056298397265
2021-02-16,3.0577146615096282
2021-02-17,3.0721832560602715
2021-02-18,3.0224744623790514
2021-02-19,3.007723832608725
2021-02-22,2.9883600387601508
2021-02-23,3.0123331103417477
2021-02-24,3.090383062165536
2021-02-25,2.8636461142076657
2021-02-26,2.7986470615965042
2021-03-01,2.9742027300499436
2021-03-02,2.9346529553827225
2021-03-03,2.8286964574287676
2021-03-04,2.7428481748005678
2021-03-05,2.919810140893714
2021-03-08,2.907148528623267
2021-03-09,3.023928126904383
2021-03-10,3.1157325702978924
2021-03-11,3.172676706721049
2021-03-12,3.186798114989331
2021-03-15,3.254191015104816
2021-03-16,3.2055966621434395
2021-03-17,3.2265792445546637
2021-03-18,3.0692759089110426
2021-03-19,3.0889486490245317
2021-03-22,3.1429404328900286
2021-03-23,3.0743860051654703
2021-03-24,3.0655696373776795
2021-03-25,3.1169223251604867
2021-03-26,3.250607946233543
2021-03-29,3.239041388778313
2021-03-30,3.1876012233921895
2021-03-31,3.2174964922913865
2021-04-01,3.328103384378172
2021-04-05,3.4290521934780074
2021-04-06,3.4518646497927996
2021-04-07,3.4239397689392392
2021-04-08,3.458775748043477
2021-04-09,3.4904514352182883
2021-04-12,3.4874981778150826
2021-04-13,3.5341543057055413
2021-04-14,3.535674052984977
2021-04-15,3.6695271330729473
2021-04-16,3.709341972755228
2021-04-19,3.6481763385437467
2021-04-20,3.594729240127694
2021-04-21,3.702274200785203
2021-04-22,3.5971328380858427
2021-04-23,3.680805174117869
2021-04-26,3.6831924548228896
2021-04-27,3.6640942513845856
2021-04-28,3.705106688275344
2021-04-29,3.779200006165505
2021-04-30,3.68953378241424
2021-05-03,3.7850863632950977
2021-05-04,3.757109490710254
2021-05-05,3.802694548148314
2021-05-06,3.9285465241376687
2021-05-07,4.036569142277097
2021-05-10,3.9634209616374165
2021-05-11,3.8185641091250404
2021-05-12,3.5601749245871472
2021-05-13,3.6945894330923705
2021-05-14,3.8969133134512144
2021-05-17,3.9118119878839694
2021-05-18,3.7911075862731978
2021-05-19,3.7104087852361927
2021-05-20,3.8209488535807257
2021-05-21,3.838977933993533
2021-05-24,3.9453043005243464
2021-05-25,3.8988332159461807
2021-05-26,3.924736597438483
2021-05-27,3.947570121048039
2021-05-28,3.9672808105429747
2021-06-01,4.003173000359107
2021-06-02,4.032710437741005
2021-06-03,3.9875570299028245
2021-06-04,4.101462122299468
2021-06-07,4.07345608023865
2021-06-08,4.072571484199275
2021-06-09,4.046702231992333
2021-06-10,4.092055153565875
2021-06-11,4.097444695235533
2021-06-14,4.062186446312404
2021-06-15,4.064393127419846
2021-06-16,3.941339680341239
2021-06-17,3.834887542593199
2021-06-18,3.6417332578151904
2021-06-21,3.8463291471595116
2021-06-22,3.8925706411978207
2021-06-23,3.8629285829926325
2021-06-24,3.9415640435475408
2021-06-25,3.9960426845933745
2021-06-28,3.9885315472389045
2021-06-29,3.9419366170916703
2021-06-30,3.99371843669432
2021-07-01,4.090595700135564
2021-07-02,4.165124591356757
2021-07-06,4.089365059827481
2021-07-07,4.143251019507238
2021-07-08,4.0253197449493685
2021-07-09,4.176226918845786
2021-07-12,4.215895930631657
2021-07-13,4.1274381381713265
2021-07-14,4.136723338105708
2021-07-15,4.1277530915756175
2021-07-16,4.001355976769444
2021-07-19,3.797922836565934
2021-07-20,3.9595768688866633
2021-07-21,4.053645984002491
2021-07-22,4.064614347546227
2021-07-23,4.1719389809457015
2021-07-26,4.228234661318197
2021-07-27,4.215360215995616
2021-07-28,4.22062493971097
2021-07-29,4.30509607985886
2021-07-30,4.225385566315996
2021-08-02,4.201592297744722
2021-08-03,4.320343650669983
2021-08-04,4.204930439332892
2021-08-05,4.280983181568699
2021-08-06,4.2774385125026235
2021-08-09,4.22408210974426
2021-08-10,4.299345810103023
2021-08-11,4.395405313422968
2021-08-12,4.412999334424913
2021-08-13,4.4618987249059305
2021-08-16,4.475986086676411
2021-08-17,4.372840501216983
2021-08-18,4.223589210498397
2021-08-19,4.188512743868747
2021-08-20,4.284489810527493
2021-08-23,4.421570420089222
2021-08-24,4.446580586994798
2021-08-25,4.472229165025104
2021-08-26,4.378453758404963
2021-08-27,4.551074865215205
2021-08-30,4.56030280653921
2021-08-31,4.532680108727829
2021-09-01,4.530572572963495
2021-09-02,4.626069158246259
2021-09-03,4.582295758748228
2021-09-07,4.446026005557896
2021-09-08,4.444477150754735
2021-09-09,4.420791894051197
2021-09-10,4.307972953689074
2021-09-13,4.382016415271568
2021-09-14,4.303336554485134
2021-09-15,4.429340196003137
2021-09-16,4.326751031923321
2021-09-17,4.1827378193648705
2021-09-20,3.9756982500438443
2021-09-21,3.9680703200461545
2021-09-22,4.0984493039542915
2021-09-23,4.227035132450999
2021-09-24,4.241142757751002
2021-09-27,4.270876280337067
2021-09-28,4.0183243819824
2021-09-29,4.050033960252206
2021-09-30,3.8955348915870114
2021-10-01,4.06753848270568
2021-10-04,3.989534347197484
2021-10-05,4.086190927111965
2021-10-06,4.1350858277856375
2021-10-07,4.217636556609551
2021-10-08,4.212745194403212
2021-10-11,4.110815734690436
2021-10-12,4.128641708619332
2021-10-13,4.212747700809088
2021-10-14,4.441762875568671
2021-10-15,4.487777614442585
2021-10-18,4.501203155409169
2021-10-19,4.597894486699372
2021-10-20,4.699917686530552
2021-10-21,4.697839520882243
2021-10-22,4.7457881658194205
2021-10-25,4.839965496132967
2021-10-26,4.858757367312132
2021-10-27,4.741247063787598
2021-10-28,4.872463980205719
2021-10-29,4.859618943223262
2021-11-01,4.929344401317851
2021-11-02,4.971951253231275
2021-11-03,5.011220005649671
2021-11-04,5.069686998757342
2021-11-05,5.209937325549869
2021-11-08,5.214600285620973
2021-11-09,5.220388287616782
2021-11-10,5.105836279255711
2021-11-11,5.113665412957961
2021-11-12,5.193737826710239
2021-11-15,5.200845278378762
2021-11-16,5.200727739880057
2021-11-17,5.161053541822696
2021-11-18,5.141591809707038
2021-11-19,5.056275892776198
2021-11-22,5.03174031620882
2021-11-23,5.06904750246646
2021-11-24,5.106350238315186
2021-11-26,4.771516016252151
2021-11-29,4.890353245557998
2021-11-30,4.536091012257858
2021-12-01,4.391790448666939
2021-12-02,4.644970597031054
2021-12-03,4.611495091180569
2021-12-06,4.797839201100401
2021-12-07,5.042546955619872
2021-12-08,5.045815690804744
2021-12-09,4.959314385111121
2021-12-10,5.080888977429574
2021-12-13,4.9981436529307315
2021-12-14,4.906674894665943
2021-12-15,5.070126965501652
2021-12-16,5.0839393346102675
2021-12-17,4.88102933644679
2021-12-20,4.689871313280554
2021-12-21,4.922590659892669
2021-12-22,5.07312982895742
2021-12-23,5.166991614035703
2021-12-27,5.389772815546252
2021-12-28,5.4057170421934515
2021-12-29,5.4062617130229675
2021-12-30,5.40069087808524
2021-12-31,5.406017955938007
2022-01-03,5.414989409687279
2022-01-04,5.537509314776148
2022-01-05,5.313239652408945
2022-01-06,5.297919124400652
2022-01-07,5.296584896102621
2022-01-10,5.2276413296018225
2022-01-11,5.4195721656517435
2022-01-12,5.469775935321542
2022-01-13,5.3339944211422905
2022-01-14,5.301926789090634
2022-01-18,5.029052909896831
2022-01-19,4.958400828877088
2022-01-20,4.805939996155712
2022-01-21,4.550105189465004
2022-01-24,4.582444064406336
2022-01-25,4.478118493437423
2022-01-26,4.3566747755109745
2022-01-27,4.3417476110273965
2022-01-28,4.569101878467062
2022-01-31,4.803279665865149
2022-02-01,4.934097271214684
2022-02-02,5.080931174020366
2022-02-03,4.744945778360146
2022-02-04,4.749742310925969
2022-02-07,4.737018925025891
2022-02-08,4.82030870906154
2022-02-09,5.031233616199439
2022-02-10,4.751869493928913
2022-02-11,4.625581921387041
2022-02-14,4.517590352925338
2022-02-15,4.6477446469486114
2022-02-16,4.706505723933557
2022-02-17,4.499264588404959
2022-02-18,4.441792058502523
2022-02-22,4.29278775149108
2022-02-23,4.073686800686137
2022-02-24,4.160328744904856
2022-02-25,4.520148044131207
2022-02-28,4.560147190911782
2022-03-01,4.403465178751749
2022-03-02,4.603594004142647
2022-03-03,4.60914624845659
2022-03-04,4.635028339630149
2022-03-07,4.298627962849349
2022-03-08,4.223465374524178
2022-03-09,4.414600464239325
2022-03-10,4.401570200436901
2022-03-11,4.237641876150881
2022-03-14,4.110981723516903
2022-03-15,4.28308073153378
2022-03-16,4.531166625101052
2022-03-17,4.739087091992417
2022-03-18,4.8479970319278545
2022-03-21,4.883092606846243
2022-03-22,4.991191017882701
2022-03-23,4.914289246206788
2022-03-24,5.105644338901642
2022-03-25,5.2144179618635755
2022-03-28,5.245628847984376
2022-03-29,5.429756701370365
2022-03-30,5.413278599072937
2022-03-31,5.180853735776088
2022-04-01,5.255202887594627
2022-04-04,5.331119283520635
2022-04-05,5.115677509990251
2022-04-06,5.036829313357748
2022-04-07,5.112102885358206
2022-04-08,5.145166389248041
2022-04-11,4.891176001825024
2022-04-12,4.881955825907613
2022-04-13,5.0607274938816245
2022-04-14,4.8990471451678115
2022-04-18,4.889616077364321
2022-04-19,5.067740668901673
2022-04-20,5.1128717907961345
2022-04-21,4.825057070779551
2022-04-22,4.380634884425798
2022-04-25,4.377437739285003
2022-04-26,4.0659765208625425
2022-04-27,4.067312451671104
2022-04-28,4.361556135187344
2022-04-29,3.8829781292901693
2022-05-02,3.892045527627097
2022-05-03,3.988116987255764
2022-05-04,4.40613353911165
2022-05-05,3.932745718753122
2022-05-06,3.8708127027011723
2022-05-09,3.4716957290948973
2022-05-10,3.459098709903218
2022-05-11,3.3825293870857527
2022-05-12,3.3668074492403255
2022-05-13,3.5769603261304823
2022-05-16,3.5784060191234244
2022-05-17,3.773991935652414
2022-05-18,3.3418229872994685
2022-05-19,3.314306513663869
2022-05-20,3.320425776882647
2022-05-23,3.5068569499212754
2022-05-24,3.4901898286663195
2022-05-25,3.593853354690647
2022-05-26,3.811073492059952
2022-05-27,4.084443414218892
2022-05-31,3.9355373647327734
2022-06-01,3.8505279480878385
2022-06-02,4.079353403183062
2022-06-03,3.904341228315621
2022-06-06,3.9204995126172757
2022-06-07,4.072453992201236
2022-06-08,3.9042746629559395
2022-06-09,3.6077976496966957
2022-06-10,3.3185632089213013
2022-06-13,2.826629804655852
2022-06-14,2.749823857379132
2022-06-15,2.85914112056582
2022-06-16,2.57333088017177
2022-06-17,2.538660872528954
2022-06-21,2.723106991421154
2022-06-22,2.7138281672027547
2022-06-23,2.759604049777986
2022-06-24,3.0129291298618477
2022-06-27,3.00070106625064
2022-06-28,2.8647233815434245
2022-06-29,2.846808907476299
2022-06-30,2.7835408062558176
2022-07-01,2.9084117851548243
2022-07-05,2.8308269118182796
2022-07-06,2.8168051966236924
2022-07-07,2.9380513821179086
2022-07-08,2.904755943582278
2022-07-11,2.822854858601225
2022-07-12,2.757451541430754
2022-07-13,2.734894223200603
2022-07-14,2.651966794027025
2022-07-15,2.8054456418182347
2022-07-18,2.757930768150893
2022-07-19,2.991747329385481
2022-07-20,3.026097921181166
2022-07-21,3.1263380908047576
2022-07-22,3.081198527027126
2022-07-25,3.1259542595023313
2022-07-26,3.026405215559714
2022-07-27,3.235048388430085
2022-07-28,3.397489711180505
2022-07-29,3.560053874298003
2022-08-01,3.56136226779152
2022-08-02,3.4538337331870315
2022-08-03,3.5824473871107925
2022-08-04,3.5627492891293886
2022-08-05,3.513895580156888
2022-08-08,3.5599618890866425
2022-08-09,3.5409192252147785
2022-08-10,3.749854773801749
2022-08-11,3.764602473773103
2022-08-12,3.9834138960875403
2022-08-15,3.9940973469008236
2022-08-16,4.045995296310802
2022-08-17,3.9338551629187446
2022-08-18,3.9860583603603117
2022-08-19,3.8118799854742242
2022-08-22,3.5702037566644673
2022-08-23,3.5848275800267744
2022-08-24,3.628049338355338
2022-08-25,3.807139844988028
2022-08-26,3.4359995160109564
2022-08-29,3.3863274133532926
2022-08-30,3.2304436828055425
2022-08-31,3.1323150126189434
2022-09-01,3.1210837000889873
2022-09-02,3.0532822457090103
2022-09-06,2.9848182781794663
2022-09-07,3.193790488311147
2022-09-08,3.239082993727942
2022-09-09,3.410369174112773
2022-09-12,3.515799755584611
2022-09-13,3.04783630204652
2022-09-14,3.0853070282125397
2022-09-15,2.9559048901483904
2022-09-16,2.858947224521529
2022-09-19,2.942479221257692
2022-09-20,2.8060653553493795
2022-09-21,2.6683786008560078
2022-09-22,2.5702292378757656
2022-09-23,2.376083899660321
2022-09-26,2.2521741659124443
2022-09-27,2.2095393591434904
2022-09-28,2.417388045526704
2022-09-29,2.2560697200537607
2022-09-30,2.1452095167136114
2022-10-03,2.369172178652154
2022-10-04,2.6232891521844732
2022-10-05,2.5760106463724353
2022-10-06,2.484818203358035
2022-10-07,2.2731637424173194
2022-10-10,2.2148331025243913
2022-10-11,2.1714475896937664
2022-10-12,2.1466885859166958
2022-10-13,2.323974921670114
2022-10-14,2.1289255297751852
2022-10-17,2.2910842231405057
2022-10-18,2.3975587325246175
2022-10-19,2.331602359550849
2022-10-20,2.234489102340328
2022-10-21,2.4123999806442225
2022-10-24,2.4802932477913417
2022-10-25,2.640529091359018
2022-10-26,2.6426616900243634
2022-10-27,2.616702317690906
2022-10-28,2.7735206654193525
2022-10-31,2.701898762844652
2022-11-01,2.7105779644723422
2022-11-02,2.496904132700336
2022-11-03,2.458565468613257
2022-11-04,2.583460037418821
2022-11-07,2.6349183798594007
2022-11-08,2.713645154564099
2022-11-09,2.5351506692745875
2022-11-10,3.000372403580108
2022-11-11,3.09463714105103
2022-11-14,3.022611329445936
2022-11-15,3.1196985325844047
2022-11-16,3.0694794469863207
2022-11-17,2.998636068141058
2022-11-18,3.042512888480278
2022-11-21,3.017683706267916
2022-11-22,3.1756252356815713
2022-11-23,3.2592406427254637
2022-11-25,3.261412424475534
2022-11-28,3.092316181243119
2022-11-29,3.0894362131747037
2022-11-30,3.3761882163676566
2022-12-01,3.4292046570841888
2022-12-02,3.4437124135147057
2022-12-05,3.20102709371011
2022-12-06,3.0795738962151966
2022-12-07,3.094102797694348
2022-12-08,3.148258420025332
2022-12-09,3.0421474845810934
2022-12-12,3.180446540825842
2022-12-13,3.28540724076436
2022-12-14,3.2208975570154643
2022-12-15,2.9703675169950876
2022-12-16,2.871552125626559
2022-12-19,2.77385404415954
2022-12-20,2.7938800540612236
2022-12-21,2.929259906540344
2022-12-22,2.7964793282912974
2022-12-23,2.8637192480477216
2022-12-27,2.8412662990550483
2022-12-28,2.715823352591855
2022-12-29,2.866293921716939
2022-12-30,2.832182193228801
2023-01-03,2.820461026357185
2023-01-04,2.92995315210014
2023-01-05,2.8385741410717666
2023-01-06,3.0892896752242525
2023-01-09,3.0908709352212127
2023-01-10,3.14888306017952
2023-01-11,3.273584345575694
2023-01-12,3.3433606750165286
2023-01-13,3.38497525363978
2023-01-17,3.333296441083964
2023-01-18,3.1641880484562503
2023-01-19,3.1025395615770575
2023-01-20,3.2486687463566595
2023-01-23,3.342696956528321
2023-01-24,3.3648103442054493
2023-01-25,3.3726795018647433
2023-01-26,3.470309108826809
2023-01-27,3.471129295018593
2023-01-30,3.3379283315417037
2023-01-31,3.50810349593616
2023-02-01,3.6102390376086224
2023-02-02,3.700781566915052
2023-02-03,3.510269724382368
2023-02-06,3.457226990782838
2023-02-07,3.5735102021260965
2023-02-08,3.45330302595637
2023-02-09,3.318792049333587
2023-02-10,3.381197570361409
2023-02-13,3.4919768700299763
2023-02-14,3.480419679467971
2023-02-15,3.485171834423873
2023-02-16,3.3270602021457045
2023-02-17,3.3177529636552703
2023-02-21,3.09322711719483
2023-02-22,3.0905913795726625
2023-02-23,3.1298647586786723
2023-02-24,3.0394173824725654
2023-02-27,3.071194889986485
2023-02-28,3.0346708316498563
2023-03-01,3.0042197853217876
2023-03-02,3.078961796765168
2023-03-03,3.266880049330252
2023-03-06,3.239311318914755
2023-03-07,3.0600208363174275
2023-03-08,3.064627936622322
2023-03-09,2.8896382913042733
2023-03-10,2.807998736607764
2023-03-13,2.7954632772861046
2023-03-14,2.9171116470730283
2023-03-15,2.8379501477145945
2023-03-16,2.964313075354324
2023-03-17,2.875976200661154
2023-03-20,2.976800141734858
2023-03-21,3.0741563499449587
2023-03-22,2.9255964698341033
2023-03-23,2.9285569188697242
2023-03-24,3.001635524800143
2023-03-27,3.018930856535329
2023-03-28,3.038291432490341
2023-03-29,3.1657189586739114
2023-03-30,3.2314246540324016
2023-03-31,3.385670477128792
2023-04-03,3.464584320631887
2023-04-04,3.416424071237502
2023-04-05,3.439932724120209
2023-04-06,3.451251259098769
2023-04-10,3.4504415917827216
2023-04-11,3.4928210544658405
2023-04-12,3.45721866285188
2023-04-13,3.589632785119421
2023-04-14,3.5249744798684377
2023-04-17,3.5401769718457867
2023-04-18,3.5563623981619195
2023-04-19,3.5422849177993476
2023-04-20,3.498895454585319
2023-04-21,3.488148164093455
2023-04-24,3.5389022344579093
2023-04-25,3.389950435117064
2023-04-26,3.2585920442892005
2023-04-27,3.4509320776644508
2023-04-28,3.565242322632757
2023-05-01,3.5124604559319597
2023-05-02,3.409020908810504
2023-05-03,3.336413971220916
2023-05-04,3.252172502904112
2023-05-05,3.4116402168239057
2023-05-08,3.3962073706307123
2023-05-09,3.359710487097812
2023-05-10,3.3873604281122836
2023-05-11,3.3559912471714015
2023-05-12,3.3434685317001582
2023-05-15,3.3608136388991867
2023-05-16,3.223237462898645
2023-05-17,3.3305928364348807
2023-05-18,3.387059796001823
2023-05-19,3.3823552577058846
2023-05-22,3.360042452625113
2023-05-23,3.2674281856702625
2023-05-24,3.178516302319225
2023-05-25,3.148783587242938
2023-05-26,3.2560558600089453
2023-05-30,3.2458562840995047
2023-05-31,3.2011969660948054
2023-06-01,3.302191942200231
2023-06-02,3.4742910306873784
2023-06-05,3.461411370461962
2023-06-06,3.5077626985243597
2023-06-07,3.517291169230255
2023-06-08,3.594697947632529
2023-06-09,3.577495979560496
2023-06-12,3.6442013767386148
2023-06-13,3.7132062544352484
2023-06-14,3.7056092132197
2023-06-15,3.8735151926635862
2023-06-16,3.847837201184095
2023-06-20,3.7463997184091817
2023-06-21,3.7354168308255327
2023-06-22,3.7113485944438445
2023-06-23,3.6323250657533435
2023-06-26,3.6476754527397692
2023-06-27,3.754714247014842
2023-06-28,3.738297440898247
2023-06-29,3.781637107983545
2023-06-30,3.9329838530493597
2023-07-03,3.9690875892859068
2023-07-05,3.916279962052053
2023-07-06,3.7693547676672092
2023-07-07,3.7650532609380147
2023-07-10,3.8083916862401566
2023-07-11,3.9432469763303573
2023-07-12,4.072301487433269
2023-07-13,4.160396061117623
2023-07-14,4.097998250494088
2023-07-17,4.108396993750359
2023-07-18,4.206212309638149
2023-07-19,4.2684040566822
2023-07-20,4.237257891644997
2023-07-21,4.260019167207896
2023-07-24,4.305672542396287
2023-07-25,4.35206008211206
2023-07-26,4.3782011758284405
2023-07-27,4.220206162414716
2023-07-28,4.350266940379616
2023-07-31,4.395249228661728
2023-08-01,4.297171928727804
2023-08-02,4.129047586955955
2023-08-03,4.046155148150208
2023-08-04,4.024307718228432
2023-08-07,4.117989357913025
2023-08-08,4.080316941457194
2023-08-09,4.037519432634689
2023-08-10,4.012121889778248
2023-08-11,4.027466267492699
2023-08-14,4.037280301341524
2023-08-15,3.8486277417735537
2023-08-16,3.751626805584034
2023-08-17,3.6676010633355833
2023-08-18,3.688905319297728
2023-08-21,3.6968235521093766
2023-08-22,3.675557917125936
2023-08-23,3.8100282940139683
2023-08-24,3.659973082917337
2023-08-25,3.7459300756034675
2023-08-28,3.8241261671757494
2023-08-29,4.001936048788962
2023-08-30,4.031247038805017
2023-08-31,4.000207771580655
2023-09-01,4.010119662602046
2023-09-05,3.8862722185621306
2023-09-06,3.8398454631976975
2023-09-07,3.838193421311422
2023-09-08,3.872397508745048
2023-09-11,3.946412977255822
2023-09-12,3.918077296784938
2023-09-13,3.9260464236208144
2023-09-14,4.0528364246404
2023-09-15,3.9092307213497035
2023-09-18,3.924277581272712
2023-09-19,3.877319835279954
2023-09-20,3.794125961509295
2023-09-21,3.5578490590953025
2023-09-22,3.5368611748789416
2023-09-25,3.5487960394277014
2023-09-26,3.3670679262664867
2023-09-27,3.34551289607452
2023-09-28,3.3864320313053295
2023-09-29,3.3272805321346577
2023-10-02,3.200239317094057
2023-10-03,3.0828541432446905
2023-10-04,3.142030075609327
2023-10-05,3.0877892265515468
2023-10-06,3.1842875776382473
2023-10-09,3.315747230240517
2023-10-10,3.3917274814334357
2023-10-11,3.45045223377107
2023-10-12,3.316725660606716
2023-10-13,3.3691359359576896
2023-10-16,3.466236556318122
2023-10-17,3.4895836490644916
2023-10-18,3.3530262539257554
2023-10-19,3.236957395342423
2023-10-20,3.122403129821961
2023-10-23,3.0819988284096227
2023-10-24,3.1761228743630445
2023-10-25,3.045269373174136
2023-10-26,2.989669885594456
2023-10-27,2.9089687331133427
2023-10-30,3.0086840674577267
2023-10-31,3.0620578043455353
2023-11-01,3.1488469574088014
2023-11-02,3.3834345352296706
2023-11-03,3.4844333115019026
2023-11-06,3.4510331946980846
2023-11-07,3.4374210987548315
2023-11-08,3.4219686332435755
2023-11-09,3.3093846536215286
2023-11-10,3.4417314000916717
2023-11-13,3.443457363457799
2023-11-14,3.7139589470494
2023-11-15,3.72175382373838
2023-11-16,3.731274797048078
2023-11-17,3.784294686575363
2023-11-20,3.8444084688777926
2023-11-21,3.854067100110843
2023-11-22,3.90266463258959
2023-11-24,3.9215204717672623
2023-11-27,3.917932570192018
2023-11-28,3.953579662760743
2023-11-29,3.9503453453154833
2023-11-30,4.008219051171027
2023-12-01,4.160635590790427
2023-12-04,4.065958589127108
2023-12-05,4.011823983644631
2023-12-06,4.013379648208604
2023-12-07,4.071569370998106
2023-12-08,4.087598983744016
2023-12-11,4.137833731155699
2023-12-12,4.170017892232094
2023-12-13,4.454648514470905
2023-12-14,4.578198549739227
2023-12-15,4.510068208990927
2023-12-18,4.571203232679415
2023-12-19,4.700135660284808
2023-12-20,4.460797497096862
2023-12-21,4.598096164355334
2023-12-22,4.6377145517971545
2023-12-26,4.729444131614714
2023-12-27,4.786886011765526
2023-12-28,4.754475467330984
2023-12-29,4.699252537150719
2024-01-02,4.694632811767455
2024-01-03,4.597392492314947
2024-01-04,4.525227885677676
2024-01-05,4.531864655903107
2024-01-08,4.66566338311387
2024-01-09,4.5831820468510225
2024-01-10,4.608440182710796
2024-01-11,4.5736126098349
2024-01-12,4.604645824497344
2024-01-16,4.441370610465234
2024-01-17,4.331702639819822
2024-01-18,4.391584522634158
2024-01-19,4.5019261710268585
2024-01-22,4.528201936940117
2024-01-23,4.566491932638678
2024-01-24,4.503084157672291
2024-01-25,4.641304347579271
2024-01-26,4.667227014717176
2024-01-29,4.795328800863972
2024-01-30,4.8434511698347364
2024-01-31,4.647386496587376
2024-02-01,4.894381042719609
2024-02-02,4.927414136368491
2024-02-05,4.73853830623054
2024-02-06,4.836389790914526
2024-02-07,4.918233229963598
2024-02-08,4.919115288316845
2024-02-09,4.920086423321422
2024-02-12,4.982623060840752
2024-02-13,4.705830464534071
2024-02-14,4.839537431316324
2024-02-15,5.051087322620051
2024-02-16,4.993405882625826
2024-02-20,4.951643472807094
2024-02-21,5.02273098600726
2024-02-22,5.215397480399346
2024-02-23,5.274562321878662
2024-02-26,5.180084674795004
2024-02-27,5.221957288215125
2024-02-28,5.235496149751059
2024-02-29,5.312992238691926
2024-03-01,5.452080677263725
2024-03-04,5.459604077401089
2024-03-05,5.3889200090299125
2024-03-06,5.506338468797656
2024-03-07,5.6684362581107415
2024-03-08,5.623816852569364
2024-03-11,5.664773863804211
2024-03-12,5.712850419250408
2024-03-13,5.773841575221001
2024-03-14,5.668351403648016
2024-03-15,5.59437397591293
2024-03-18,5.697217903474669
2024-03-19,5.809485165808354
2024-03-20,5.971837299276918
2024-03-21,6.044012525066498
2024-03-22,5.977357945863127
2024-03-25,5.946430350307348
2024-03-26,5.916541552746908
2024-03-27,6.196525282103493
2024-03-28,6.263637636351309
2024-04-01,6.187748694208606
2024-04-02,6.114477269318017
2024-04-03,6.157224368556301
2024-04-04,5.9695982410830295
2024-04-05,6.142177069701757
2024-04-08,6.169336489630559
2024-04-09,6.239115336650751
2024-04-10,5.9572641215057525
2024-04-11,6.0277759600283405
2024-04-12,5.731317696499057
2024-04-15,5.56525887222114
2024-04-16,5.469836580853693
2024-04-17,5.475159609098043
2024-04-18,5.462172522854508
2024-04-19,5.495510410773645
2024-04-22,5.564871017877683
2024-04-23,5.708253594342239
2024-04-24,5.725862227897103
2024-04-25,5.657778266593727
2024-04-26,5.734187326420586
2024-04-29,5.8537925821596914
2024-04-30,5.5110443810138765
2024-05-01,5.515983004699156
2024-05-02,5.626128696773729
2024-05-03,5.789674090110788
2024-05-06,5.976348225988002
2024-05-07,6.055115390245434
2024-05-08,6.035262483211297
2024-05-09,6.249394696646009
2024-05-10,6.268255948927285
2024-05-13,6.220820935108076
2024-05-14,6.31177125678204
2024-05-15,6.532739320663267
2024-05-16,6.484688693272115
2024-05-17,6.5829109870343245
2024-05-20,6.540150167665634
2024-05-21,6.594912138526994
2024-05-22,6.43708314314096
2024-05-23,6.124671900295873
2024-05-24,6.258406219322349
2024-05-28,6.17854250347926
2024-05-29,5.927671768273771
2024-05-30,5.98892885546862
2024-05-31,6.248587157336304
2024-06-03,6.197686938362444
2024-06-04,6.182855763653394
2024-06-05,6.338718766258037
2024-06-06,6.351650819167978
2024-06-07,6.169560130993386
2024-06-10,6.235569258192216
2024-06-11,6.236978302917643
2024-06-12,6.279462413139677
2024-06-13,6.263757722632014
2024-06-14,6.241496636001955
2024-06-17,6.3444738656432005
2024-06-18,6.392588948631482
2024-06-20,6.46728742335678
2024-06-21,6.431872559459367
2024-06-24,6.556564045657151
2024-06-25,6.5054284170244125
2024-06-26,6.419528575187536
2024-06-27,6.467765363089388
2024-06-28,6.362971859763722
2024-07-01,6.2545372762876905
2024-07-02,6.39536148239533
2024-07-03,6.509320963456489
2024-07-05,6.630923483583651
2024-07-08,6.590314309920536
2024-07-09,6.573098606109137
2024-07-10,6.772812884273197
2024-07-11,6.867783456650144
2024-07-12,7.00831619064428
2024-07-15,7.000202230483525
2024-07-16,7.333644685347421
2024-07-17,7.199995932098066
2024-07-18,7.004456619597046
2024-07-19,6.80451321489741
2024-07-22,6.949053709041345
2024-07-23,6.878716084553679
2024-07-24,6.5298879202509195
2024-07-25,6.494051157593867
2024-07-26,6.794013290120538
2024-07-29,6.840157954727784
2024-07-30,6.869727338351
2024-07-31,7.164216935924885
2024-08-01,6.976608344235369
2024-08-02,6.662811537201678
2024-08-05,6.082156252067248
2024-08-06,6.21446479015511
2024-08-07,6.082758499693482
2024-08-08,6.481852338387468
2024-08-09,6.577337994582881
2024-08-12,6.579534749733552
2024-08-13,6.832995273184451
2024-08-14,6.882872642052774
2024-08-15,7.184652730323442
2024-08-16,7.297221400467479
2024-08-19,7.496516042181152
2024-08-20,7.439628001173336
2024-08-21,7.57591933976029
2024-08-22,7.406721414524388
2024-08-23,7.695874100919656
2024-08-26,7.723829832579756
2024-08-27,7.709723299356566
2024-08-28,7.580199045141416
2024-08-29,7.6530516611598705
2024-08-30,7.842514787013203
2024-09-03,7.477439714602803
2024-09-04,7.487868093945573
2024-09-05,7.408546040661067
2024-09-06,7.05084007435243
2024-09-09,7.322383648521374
2024-09-10,7.373899398841275
2024-09-11,7.439558337913478
2024-09-12,7.665436297826871
2024-09-13,7.882135250774452
2024-09-16,8.06912241483034
2024-09-17,8.064360745046496
2024-09-18,7.92571079704288
2024-09-19,8.256514516691643
2024-09-20,8.288551645509104
2024-09-23,8.438115702188098
2024-09-24,8.529122928856689
2024-09-25,8.364992708471405
2024-09-26,8.477442908242187
2024-09-27,8.560373212398021
2024-09-30,8.59576582759382
2024-10-01,8.609424956333772
2024-10-02,8.560756824904605
2024-10-03,8.433895631239764
2024-10-04,8.606994240834654
2024-10-07,8.32448451220715
2024-10-08,8.37847940331054
2024-10-09,8.505815716372599
2024-10-10,8.449980377915917
2024-10-11,8.682409239204533
2024-10-14,8.857967839774854
2024-10-15,8.73273224338805
2024-10-16,8.940276628695084
2024-10-17,8.86377997561094
2024-10-18,8.990138781523587
2024-10-21,8.776879146997437
2024-10-22,8.740742425496713
2024-10-23,8.561939630887746
2024-10-24,8.616235253794516
2024-10-25,8.49586509015147
2024-10-28,8.592214257501247
2024-10-29,8.496897760404252
2024-10-30,8.501273479322332
2024-10-31,8.210607506751805
2024-11-01,8.180350658464189
2024-11-04,8.1980236207945
2024-11-05,8.507189712123598
2024-11-06,8.94103129493916
2024-11-07,9.124556776361487
2024-11-08,9.336634861332508
2024-11-11,9.362872459508951
2024-11-12,9.083302579668366
2024-11-13,9.074526813973423
2024-11-14,8.889078357788017
2024-11-15,8.65340103725785
2024-11-18,8.890039144561976
2024-11-19,8.934006925595579
2024-11-20,9.0140576134769
2024-11-21,9.310150459253185
2024-11-22,9.505511873758117
2024-11-25,9.602851233025342
2024-11-26,9.698538447498798
2024-11-27,9.685116080104804
2024-11-29,9.907425589244456
2024-12-02,9.798233487621411
2024-12-03,9.703407782240308
2024-12-04,9.725046434726577
2024-12-05,9.636708239209607
2024-12-06,9.601816983608504
2024-12-09,9.390621914262304
2024-12-10,9.344710624904426
2024-12-11,9.402618028706444
2024-12-12,9.18174615369189
2024-12-13,9.043175724739303
2024-12-16,8.969839878050946
2024-12-17,8.826728214471382
2024-12-18,7.925375492287345
2024-12-19,7.808330154009594
2024-12-20,8.119928429126949
2024-12-23,8.175063026473111
2024-12-24,8.443694437080849
2024-12-26,8.458438893691847
2024-12-27,8.213910378844636
2024-12-30,7.950686936095605
2024-12-31,7.958801733963714
2025-01-02,7.972028026593583
2025-01-03,8.182282921597672
2025-01-06,8.174780935741188
2025-01-07,8.035014022718991
2025-01-08,8.09764430411451
2025-01-10,7.800625781493852
2025-01-13,7.9406036707388274
2025-01-14,8.076094247029443
2025-01-15,8.500682756532585
2025-01-16,8.676774309920356
2025-01-17,8.860708907643966
2025-01-21,9.221152260504779
2025-01-22,9.117808997537976
2025-01-23,9.265850394007035
2025-01-24,9.285676680610173
2025-01-27,9.215061340234527
2025-01-28,9.162714373036037
2025-01-29,9.108412638043827
2025-01-30,9.438999987364788
2025-01-31,9.194857589062082
2025-02-03,9.180141615404604
2025-02-04,9.332251209952583
2025-02-05,9.49979244973016
2025-02-06,9.499889942130945
2025-02-07,9.296412323134383
2025-02-10,9.545852133145788
2025-02-11,9.578123436364859
2025-02-12,9.389887290662026
2025-02-13,9.754362191378094
2025-02-14,9.670896584780222
2025-02-18,9.859802786239195
2025-02-19,9.945390068082016
2025-02-20,9.85923375726621
2025-02-21,9.454973704554556
2025-02-24,9.44569178407448
2025-02-25,9.404317734778296
2025-02-26,9.348927945048132
2025-02-27,9.010001910618634
2025-02-28,9.45545482477916
2025-03-03,9.115531224508288
2025-03-04,8.65771644728664
2025-03-05,8.87778442894327
2025-03-06,8.496976420408146
2025-03-07,8.679129933888406
2025-03-10,8.230454865498393
2025-03-11,7.959890267631558
2025-03-12,7.936335527659282
2025-03-13,7.754028800424511
2025-03-14,8.214868005720035
2025-03-17,8.519813166522436
2025-03-18,8.34446881389669
2025-03-19,8.626191852585405
2025-03-20,8.571567035755594
2025-03-21,8.470134417352218
2025-03-24,8.837926675500812
2025-03-25,8.841177189083103
2025-03-26,8.738428398071846
2025-03-27,8.716509259834075
2025-03-28,8.34590879983514
2025-03-31,8.658598508632718
2025-04-01,8.729555021037156
2025-04-02,8.92388290648021
2025-04-03,7.702472343781106
2025-04-04,6.1015760821531115
2025-04-07,5.859742645474525
2025-04-08,5.5307944723985125
2025-04-09,7.051357427314546
2025-04-10,6.323956456755566
2025-04-11,6.726865511130131
2025-04-14,6.958740386475477
2025-04-15,6.91464840298722
2025-04-16,6.667355479940904
2025-04-17,6.794244259412507
2025-04-21,6.337276916845452
2025-04-22,6.829190478956503
2025-04-23,7.011565132156432
2025-04-24,7.428031163552961
2025-04-25,7.478541259666935
2025-04-28,7.5905601899507245
2025-04-29,7.744198746133797
2025-04-30,7.686357230630889
2025-05-01,7.616863161202679
2025-05-02,7.9613413005157945
2025-05-05,7.889447544449094
2025-05-06,7.82461406334286
2025-05-07,7.884486326076874
2025-05-08,7.944712908859641
2025-05-09,7.959338976841674
2025-05-12,8.489148611140905
2025-05-13,8.545382370283425
2025-05-14,8.35041028767743
2025-05-15,8.669848347865791
2025-05-16,8.903816074507429
2025-05-19,8.955071864946149
2025-05-20,8.921234634633421
2025-05-21,8.39008795284881
2025-05-22,8.29472171398103
2025-05-23,8.314539782610881
2025-05-27,8.753109885133576
2025-05-28,8.507425295032604
2025-05-29,8.631964288611192
2025-05-30,8.647666449034212
2025-06-02,8.808178621743167
2025-06-03,8.932891775795612
2025-06-04,8.886084856056154
2025-06-05,8.725616336190686
2025-06-06,8.924349712577506
2025-06-09,8.949286303694342
2025-06-10,9.164913021577794
2025-06-11,9.156948618616331
2025-06-12,9.313943484793272
2025-06-13,9.077783949030106
2025-06-16,9.194407532515942
2025-06-17,8.987090599537185
2025-06-18,8.944340270651212
2025-06-20,8.94666537556523
2025-06-23,9.208007451623903
2025-06-24,9.398209348780593
2025-06-25,9.237486258899532
2025-06-26,9.49868644242868
2025-06-27,9.549029625228032
2025-06-30,9.726695204902985
2025-07-01,9.959959873766243
2025-07-02,10.064424890619334
2025-07-03,10.1918287452631
2025-07-07,9.923987749242668
2025-07-08,9.9191968862615
2025-07-09,10.076338314986355
2025-07-10,10.242374017728208
2025-07-11,10.084973848348323
2025-07-14,10.10745847351886
2025-07-15,9.690186336151054
2025-07-16,9.803569309317739
2025-07-17,9.959115230226663
2025-07-18,9.984008036463758
2025-07-21,10.075425567118257
2025-07-22,10.360594957580679
2025-07-23,10.554257268620464
2025-07-24,10.438943122958777
2025-07-25,10.556045994081341
2025-07-28,10.388511123489351
2025-07-29,10.406095954411555
2025-07-30,10.169841608914794
2025-07-31,9.98469341976784
2025-08-01,9.733997566585838
2025-08-04,10.145092352310412
2025-08-05,10.062722175892137
2025-08-06,10.074928866379489
2025-08-07,10.066901722318029
2025-08-08,10.19910133267274
2025-08-11,10.099075779083817
2025-08-12,10.413411696291963
2025-08-13,10.729688902098262
