Date,ret
2018-06-20,-7.936507936507937e-05
2018-06-21,-7.936507936507937e-05
2018-06-22,-7.936507936507937e-05
2018-06-25,-7.936507936507937e-05
2018-06-26,-7.936507936507937e-05
2018-06-27,-7.936507936507937e-05
2018-06-28,-7.936507936507937e-05
2018-06-29,-7.936507936507937e-05
2018-07-02,-7.936507936507937e-05
2018-07-03,-7.936507936507937e-05
2018-07-05,-7.936507936507937e-05
2018-07-06,-7.936507936507937e-05
2018-07-09,-7.936507936507937e-05
2018-07-10,-7.936507936507937e-05
2018-07-11,-7.936507936507937e-05
2018-07-12,-7.936507936507937e-05
2018-07-13,-7.936507936507937e-05
2018-07-16,-7.936507936507937e-05
2018-07-17,-7.936507936507937e-05
2018-07-18,-7.936507936507937e-05
2018-07-19,-7.936507936507937e-05
2018-07-20,-7.936507936507937e-05
2018-07-23,-7.936507936507937e-05
2018-07-24,-7.936507936507937e-05
2018-07-25,-7.936507936507937e-05
2018-07-26,-7.936507936507937e-05
2018-07-27,-7.936507936507937e-05
2018-07-30,-7.936507936507937e-05
2018-07-31,-7.936507936507937e-05
2018-08-01,-7.936507936507937e-05
2018-08-02,-7.936507936507937e-05
2018-08-03,-7.936507936507937e-05
2018-08-06,-7.936507936507937e-05
2018-08-07,-7.936507936507937e-05
2018-08-08,-7.936507936507937e-05
2018-08-09,-7.936507936507937e-05
2018-08-10,-7.936507936507937e-05
2018-08-13,-7.936507936507937e-05
2018-08-14,-7.936507936507937e-05
2018-08-15,-7.936507936507937e-05
2018-08-16,-7.936507936507937e-05
2018-08-17,-7.936507936507937e-05
2018-08-20,-7.936507936507937e-05
2018-08-21,-7.936507936507937e-05
2018-08-22,-7.936507936507937e-05
2018-08-23,-7.936507936507937e-05
2018-08-24,-7.936507936507937e-05
2018-08-27,-7.936507936507937e-05
2018-08-28,-7.936507936507937e-05
2018-08-29,-7.936507936507937e-05
2018-08-30,-7.936507936507937e-05
2018-08-31,-7.936507936507937e-05
2018-09-04,-7.936507936507937e-05
2018-09-05,-7.936507936507937e-05
2018-09-06,-7.936507936507937e-05
2018-09-07,-7.936507936507937e-05
2018-09-10,-7.936507936507937e-05
2018-09-11,-7.936507936507937e-05
2018-09-12,-7.936507936507937e-05
2018-09-13,-7.936507936507937e-05
2018-09-14,-7.936507936507937e-05
2018-09-17,-7.936507936507937e-05
2018-09-18,-7.936507936507937e-05
2018-09-19,-7.936507936507937e-05
2018-09-20,-7.936507936507937e-05
2018-09-21,-7.936507936507937e-05
2018-09-24,-7.936507936507937e-05
2018-09-25,-7.936507936507937e-05
2018-09-26,-7.936507936507937e-05
2018-09-27,-7.936507936507937e-05
2018-09-28,-7.936507936507937e-05
2018-10-01,-7.936507936507937e-05
2018-10-02,-7.936507936507937e-05
2018-10-03,-7.936507936507937e-05
2018-10-04,-7.936507936507937e-05
2018-10-05,-7.936507936507937e-05
2018-10-08,-7.936507936507937e-05
2018-10-09,-7.936507936507937e-05
2018-10-10,-7.936507936507937e-05
2018-10-11,-7.936507936507937e-05
2018-10-12,-7.936507936507937e-05
2018-10-15,-7.936507936507937e-05
2018-10-16,-7.936507936507937e-05
2018-10-17,-7.936507936507937e-05
2018-10-18,-7.936507936507937e-05
2018-10-19,-7.936507936507937e-05
2018-10-22,-7.936507936507937e-05
2018-10-23,-7.936507936507937e-05
2018-10-24,-7.936507936507937e-05
2018-10-25,-7.936507936507937e-05
2018-10-26,-7.936507936507937e-05
2018-10-29,-7.936507936507937e-05
2018-10-30,-7.936507936507937e-05
2018-10-31,0.011593588820732885
2018-11-01,0.01482647202442441
2018-11-02,-0.007307153877400322
2018-11-05,0.002994553876400692
2018-11-06,0.005190571651977752
2018-11-07,0.028533437476925907
2018-11-08,-9.213496692379615e-05
2018-11-09,-0.011444653825517397
2018-11-12,-0.023034731406901664
2018-11-13,-0.0021648816495110374
2018-11-14,-0.009259894027349792
2018-11-15,0.010726554764689058
2018-11-16,0.0014384741594415454
2018-11-19,-0.025170090844789262
2018-11-20,-0.017909791075612108
2018-11-21,0.003956444982518578
2018-11-23,-0.004132764605666798
2018-11-26,0.018180741980438998
2018-11-27,0.005034457655014135
2018-11-28,0.029460943553119057
2018-11-29,-0.0037604502301485858
2018-11-30,0.014104862018574051
2018-12-03,0.012212313820199055
2018-12-04,-0.03776841332235932
2018-12-06,0.0013825658604629323
2018-12-07,-0.03451769781317914
2018-12-10,0.0060593960379211305
2018-12-11,0.004224544519568965
2018-12-12,0.008452326574256399
2018-12-13,0.0012010651119551386
2018-12-14,-0.0306556861740275
2018-12-17,-0.029959638088071585
2018-12-18,-0.001685102756985146
2018-12-19,-0.02086193355097109
2018-12-20,-0.02417522971485278
2018-12-21,-0.025359323260409745
2018-12-24,-0.03291843773648913
2018-12-26,0.06364575150806591
2018-12-27,0.010975076161146426
2018-12-28,-0.00041215106924540735
2018-12-31,0.013187638782665718
2019-01-02,-0.010088191658179676
2019-01-03,-0.0328665410094876
2019-01-04,0.04771113052450693
2019-01-07,0.008989676884810492
2019-01-08,0.016182217798426147
2019-01-09,0.002317995090717403
2019-01-10,0.007402462064509422
2019-01-11,0.00043939038150017423
2019-01-14,-0.01802540515240853
2019-01-15,0.021362667654618403
2019-01-16,-0.001728700866398788
2019-01-17,0.010073871818234314
2019-01-18,0.017948127201382287
2019-01-22,-0.015400922901359372
2019-01-23,0.009457629697631094
2019-01-24,-0.0010720335807395138
2019-01-25,0.002824436514079235
2019-01-28,-0.010390995988298322
2019-01-29,-0.002485283341735027
2019-01-30,0.02621316284100158
2019-01-31,0.02232001667021663
2019-02-01,-0.007716786994551502
2019-02-04,0.006237561145141224
2019-02-05,0.008483446986736833
2019-02-06,-0.001029770368868858
2019-02-07,-0.003908367370160049
2019-02-08,0.006830574703267319
2019-02-11,-0.0022397138153149145
2019-02-12,0.017251591562302614
2019-02-13,0.00042949107018257465
2019-02-14,-0.00045759960499265346
2019-02-15,0.016577160980602513
2019-02-19,0.010203136038292449
2019-02-20,-8.462370524116043e-05
2019-02-21,-0.006858873808791939
2019-02-22,0.012695444703643113
2019-02-25,-0.004448501142903583
2019-02-26,0.0018712586264453702
2019-02-27,-0.008418758630801652
2019-02-28,-0.0032646055526191968
2019-03-01,0.0009333427185218992
2019-03-04,-0.005141963185547411
2019-03-05,7.828539076923152e-05
2019-03-06,-0.007825243355803065
2019-03-07,-0.009074312175595912
2019-03-08,0.0032469239449779497
2019-03-11,0.019571345655149553
2019-03-12,0.012035524377568241
2019-03-13,0.010814954031274237
2019-03-14,-0.007542715887461722
2019-03-15,0.014451405275582389
2019-03-18,0.0032790776913934686
2019-03-19,0.0010667604346142963
2019-03-20,0.0023035567242676736
2019-03-21,0.021010392130545383
2019-03-22,-0.012668072511074706
2019-03-25,0.004290670522492812
2019-03-26,0.008789165340370263
2019-03-27,-0.007575813676630731
2019-03-28,-0.0017084807503977856
2019-03-29,0.012923257606667205
2019-04-01,-0.0008283058839664961
2019-04-02,-0.00017330111467009577
2019-04-03,-0.0009907151251214554
2019-04-04,0.002434138671011617
2019-04-05,0.010121723431189968
2019-04-08,0.001605317534599663
2019-04-09,-0.002335400261111742
2019-04-10,0.005710136200583033
2019-04-11,-0.00808336335198389
2019-04-12,0.0011757296394769925
2019-04-15,0.003916024682486611
2019-04-16,-0.012903013834739565
2019-04-17,-0.007289281857360952
2019-04-18,0.0037600616992177643
2019-04-22,-0.0021456317958609065
2019-04-23,0.012703069706895578
2019-04-24,0.006515448430227377
2019-04-25,0.0005947355987807674
2019-04-26,0.0114999896080524
2019-04-29,-0.006905060608771562
2019-04-30,0.013577961370803773
2019-05-01,-0.013909862154576043
2019-05-02,-0.0038690823009084633
2019-05-03,0.016818242248901872
2019-05-06,-0.003977308356547445
2019-05-07,-0.019384828964482004
2019-05-08,-0.006525461997533668
2019-05-09,-0.0033662943386096804
2019-05-10,0.011782741582613691
2019-05-13,-0.022369609724164272
2019-05-14,0.008150222893591838
2019-05-15,0.010709580399583554
2019-05-16,0.01001266393224865
2019-05-17,-0.007009299431922995
2019-05-20,-0.00945136428286119
2019-05-21,0.008087546148781604
2019-05-22,0.00224345360285465
2019-05-23,-0.0021385108419506686
2019-05-24,-0.00013077877115489012
2019-05-28,-0.01780132557105843
2019-05-29,-0.013921049681463488
2019-05-30,0.012029074125268368
2019-05-31,-0.006899241500757669
2019-06-03,0.006641529906851673
2019-06-04,0.02522086917193504
2019-06-05,0.018336914482526875
2019-06-06,0.014906920016365146
2019-06-07,0.01991244068239322
2019-06-10,-0.0014737192943496142
2019-06-11,-0.00046899086980711085
2019-06-12,0.006407590407319352
2019-06-13,0.008097622368398177
2019-06-14,0.0013717058785734254
2019-06-17,0.0003034428312583899
2019-06-18,0.011500575477433593
2019-06-19,0.011132868045709498
2019-06-20,0.022936169693447552
2019-06-21,-0.002839402543634159
2019-06-24,0.005428151168421406
2019-06-25,-0.011264335619327189
2019-06-26,-0.01681431516699815
2019-06-27,0.00829674274528921
2019-06-28,0.0036896631976462676
2019-07-01,0.003743102497118185
2019-07-02,0.020454701076926825
2019-07-03,0.01760897437143698
2019-07-05,-0.012369880330234813
2019-07-08,-0.005448217668689001
2019-07-09,0.0012945460899694162
2019-07-10,0.011241844311155828
2019-07-11,-0.004396626714077397
2019-07-12,0.0037189554288876055
2019-07-15,0.006845420022913817
2019-07-16,-0.010894514213640103
2019-07-17,0.005900444509170716
2019-07-18,0.013719061371308077
2019-07-19,-0.019800321946024206
2019-07-22,0.0011821664182907641
2019-07-23,0.0026963439122800635
2019-07-24,0.005743048740685622
2019-07-25,-0.009273161708487162
2019-07-26,0.009671075421909339
2019-07-29,0.004127171875378965
2019-07-30,-0.005537045615651263
2019-07-31,-0.022246084667532334
2019-08-01,0.011003415960876178
2019-08-02,-0.007212804441922989
2019-08-05,-0.03378566664132539
2019-08-06,0.027390787442978078
2019-08-07,0.0133612227025729
2019-08-08,0.029092500415759802
2019-08-09,-0.009813734733554506
2019-08-12,-0.005268572233190764
2019-08-13,0.018986308174989815
2019-08-14,-0.02823968519804945
2019-08-15,0.015160425605486366
2019-08-16,0.014832195633779433
2019-08-19,0.009163466902733588
2019-08-20,-0.0026272087484819455
2019-08-21,0.012549315182349665
2019-08-22,-0.003399388496803427
2019-08-23,-0.024752368276255293
2019-08-26,0.018011220984976734
2019-08-27,0.00377357202287277
2019-08-28,0.00859932414935709
2019-08-29,0.012069285982973304
2019-08-30,-0.0028506488816329185
2019-09-03,0.005441676516241138
2019-09-04,0.015026816580785758
2019-09-05,-0.0031468013349430423
2019-09-06,0.0006633386531170067
2019-09-09,-0.013938097794983112
2019-09-10,-0.012469849004932598
2019-09-11,0.013267034199560365
2019-09-12,0.003816197245909728
2019-09-13,-0.017266236500061823
2019-09-16,-0.001823307707940917
2019-09-17,0.011013670616653894
2019-09-18,0.0009643617675168782
2019-09-19,0.005193878661280004
2019-09-20,0.0026769547039899194
2019-09-23,0.003519914610605419
2019-09-24,0.0011420837100513189
2019-09-25,-0.005729630973355357
2019-09-26,0.0026754608053852465
2019-09-27,-0.009647025942524971
2019-09-30,0.006772986519799895
2019-10-01,-0.008040681373705423
2019-10-02,-0.023614987873324673
2019-10-03,0.01628665473303519
2019-10-04,0.026129162430959463
2019-10-07,-0.013656020930079294
2019-10-08,-0.018506047609536547
2019-10-09,0.012713742596640048
2019-10-10,-0.001489382817667262
2019-10-11,0.0035111784600546352
2019-10-14,-0.000625739664160234
2019-10-15,0.0037789226601398396
2019-10-16,0.0019338854436759421
2019-10-17,0.004673943968324182
2019-10-18,-0.0037413946066823917
2019-10-21,0.0026205600949628163
2019-10-22,-0.001515650520143308
2019-10-23,0.004743480895117527
2019-10-24,0.006912948691169103
2019-10-25,-0.0022721843278152034
2019-10-28,-0.002497522462996053
2019-10-29,-0.0006493074003276778
2019-10-30,0.017092852742936638
2019-10-31,0.006717217976224714
2019-11-01,0.004926812891157714
2019-11-04,-0.01202848715249086
2019-11-05,-0.013805062123285982
2019-11-06,0.007351643536712181
2019-11-07,-0.015570665181456103
2019-11-08,-0.0007790440248697908
2019-11-11,-0.005101136189637434
2019-11-12,0.007172166526075077
2019-11-13,0.01093792867567164
2019-11-14,0.0069179505086973
2019-11-15,0.010281296698312799
2019-11-18,0.004961404082949175
2019-11-19,0.0008320929369491236
2019-11-20,0.0030794611543054707
2019-11-21,-0.009542350978638899
2019-11-22,0.0023411041641734423
2019-11-25,0.010258446388784969
2019-11-26,0.009619009413744427
2019-11-27,0.005008829281743184
2019-11-29,-0.0034586507689170045
2019-12-02,-0.015095607724168804
2019-12-03,0.0034287352955133963
2019-12-04,0.0072024570276511424
2019-12-05,-0.00013367522096192674
2019-12-06,0.0036183499373762785
2019-12-09,-0.004007871864260282
2019-12-10,0.0002021274167584091
2019-12-11,0.009616060375177858
2019-12-12,0.0011529978235729657
2019-12-13,0.011318148557821175
2019-12-16,0.01026630864636051
2019-12-17,0.0002982708707077432
2019-12-18,-0.0012332758238053094
2019-12-19,0.007982792803453308
2019-12-20,0.010308636628955061
2019-12-23,-0.0025549657247041797
2019-12-24,0.005351079194928246
2019-12-26,0.010559637109836211
2019-12-27,0.002671425798090402
2019-12-30,-0.008446578209152506
2019-12-31,0.0008437268174395385
2020-01-02,0.020624124468370413
2020-01-03,-0.002659607876290337
2020-01-06,0.010900195558931814
2020-01-07,-0.00501805626925044
2020-01-08,0.006537394462897109
2020-01-09,0.013528378254288325
2020-01-10,-0.0006099926343673695
2020-01-13,0.010574062005233184
2020-01-14,0.001965406026385774
2020-01-15,0.01576269510928264
2020-01-16,0.016385759363981612
2020-01-17,0.006643873050306862
2020-01-21,0.003212701147683469
2020-01-22,0.00203015472876941
2020-01-23,0.008293259831258953
2020-01-24,-0.014192900549407464
2020-01-27,-0.02145804044472646
2020-01-28,0.013378527435749637
2020-01-29,0.005178801217783069
2020-01-30,0.003946690204124126
2020-01-31,-0.028424646175831167
2020-02-03,0.012181586836931569
2020-02-04,0.020219721770918356
2020-02-05,0.016889236395838916
2020-02-06,0.011708694869294902
2020-02-07,-0.00543643941721268
2020-02-10,0.01826720312348189
2020-02-11,0.0014694856778080683
2020-02-12,0.012939969178202138
2020-02-13,0.003931306161888533
2020-02-14,0.00696070227715703
2020-02-18,0.0059670069029939795
2020-02-19,0.006266366094296361
2020-02-20,-0.004042875684127638
2020-02-21,-0.011125923626681218
2020-02-24,-0.060078598756471924
2020-02-25,-0.06946017756455938
2020-02-26,-0.009962429750839009
2020-02-27,-0.09326915889727477
2020-02-28,-0.031447813974455875
2020-03-02,0.10637953196720722
2020-03-03,-0.04120032834215491
2020-03-04,0.1030821225817461
2020-03-05,-0.055152822600342113
2020-03-06,-0.010596602422664128
2020-03-09,-0.1397129264208886
2020-03-10,0.07484308785872751
2020-03-11,-0.12723912686876906
2020-03-12,-0.23316765734216424
2020-03-13,0.16759564402933264
2020-03-16,-0.2393334630372299
2020-03-17,0.13925029055043633
2020-03-18,-0.12698525158441595
2020-03-19,-0.015610818412378538
2020-03-20,-0.08746120116281254
2020-03-23,-0.031128377353594402
2020-03-24,0.21648775350649105
2020-03-25,0.024446450669345112
2020-03-26,0.14909380213022747
2020-03-27,-0.05381875915639644
2020-03-30,0.07764310767502798
2020-03-31,-0.05291143234900959
2020-04-01,-0.12119998109544569
2020-04-02,0.08897842725448406
2020-04-03,-0.043647000528826994
2020-04-06,0.20760746893590667
2020-04-07,0.0035354019067602785
2020-04-08,0.1085820675324118
2020-04-09,0.054807517082323266
2020-04-13,-0.030378524558119506
2020-04-14,0.08342648672855056
2020-04-15,-0.06881646096990474
2020-04-16,0.00321440463427788
2020-04-17,0.09498746103042552
2020-04-20,-0.05852644163698669
2020-04-21,-0.0759549002683763
2020-04-22,0.07200324189953072
2020-04-23,0.014002598443404684
2020-04-24,0.03500279259805606
2020-04-27,0.036472396556702244
2020-04-28,0.009538012838607082
2020-04-29,0.07451837160580974
2020-04-30,-0.05209455859440536
2020-05-01,-0.07540525610616254
2020-05-04,0.018350115655011035
2020-05-05,0.019398897735916604
2020-05-06,-0.045463482356976496
2020-05-07,0.046872529256932235
2020-05-08,0.05840746942789787
2020-05-11,-0.014337749381898275
2020-05-12,-0.04715503565946351
2020-05-13,-0.051687016544102564
2020-05-14,0.03668600077377974
2020-05-15,0.012873303846947964
2020-05-18,0.1040178287693011
2020-05-19,-0.03050810130077226
2020-05-20,0.05365572019964041
2020-05-21,-0.027168438260800683
2020-05-22,0.009353465479575317
2020-05-26,0.032349963576770044
2020-05-27,0.04112737487399647
2020-05-28,-0.00024682159848705726
2020-05-29,0.015386939052034443
2020-06-01,0.017944514355645303
2020-06-02,0.028495138800659837
2020-06-03,0.03341993611812518
2020-06-04,-0.013683813541774791
2020-06-05,0.07276082169627003
2020-06-08,0.05477067677818722
2020-06-09,-0.03269699915179354
2020-06-10,-0.020487594860538333
2020-06-11,-0.17286715033694203
2020-06-12,0.030450643629201028
2020-06-15,0.02593053896007007
2020-06-16,0.049512376464858614
2020-06-17,-0.01694986211753094
2020-06-18,0.007819787502411826
2020-06-19,-0.019956020790627402
2020-06-22,0.016915098855907293
2020-06-23,0.006366095872616576
2020-06-24,-0.07718935817479772
2020-06-25,0.022595924315079556
2020-06-26,-0.060791800393102266
2020-06-29,0.05267427399282203
2020-06-30,0.03751585698998554
2020-07-01,0.011704673280786471
2020-07-02,0.021079809810532712
2020-07-06,0.0324300000023966
2020-07-07,-0.021008963255593673
2020-07-08,0.009784803602736784
2020-07-09,-0.030980206213133497
2020-07-10,0.03941108817312386
2020-07-13,-0.01507357797073638
2020-07-14,0.05432539669055411
2020-07-15,0.03180576897465238
2020-07-16,-0.0019856492058434976
2020-07-17,0.015320199763452565
2020-07-20,-9.580192937326201e-05
2020-07-21,0.03135037080999533
2020-07-22,0.025112227693600782
2020-07-23,-0.01489688045227199
2020-07-24,-0.01316899285886622
2020-07-27,0.021586153711079716
2020-07-28,-0.015054440081877203
2020-07-29,0.03340644650759706
2020-07-30,-0.023016378808311817
2020-07-31,0.013277108397048808
2020-08-03,0.006052743363195287
2020-08-04,0.035857668951173226
2020-08-05,0.01621972281222366
2020-08-06,0.01859905251053929
2020-08-07,0.003699316335728035
2020-08-10,0.02147034567929015
2020-08-11,-0.04511747574540736
2020-08-12,0.032397501035829876
2020-08-13,-0.0036181082362956706
2020-08-14,-0.0018975423553057712
2020-08-17,0.016315825344662478
2020-08-18,0.003977246541948168
2020-08-19,-0.025959557981683506
2020-08-20,-0.0015190971615781945
2020-08-21,0.0027802004554476605
2020-08-24,0.034784350696747866
2020-08-25,-0.004365182986425549
2020-08-26,0.016980584932902634
2020-08-27,-0.008461254563474345
2020-08-28,0.02910409624823807
2020-08-31,-0.014185916380624046
2020-09-01,0.02077427169416716
2020-09-02,0.047964492632848306
2020-09-03,-0.082299898818336
2020-09-04,-0.025185719796406075
2020-09-08,-0.06591917129367908
2020-09-09,0.05457602570485539
2020-09-10,-0.05123924668611771
2020-09-11,0.010572895073914465
2020-09-14,0.037751973142138746
2020-09-15,0.0118873447071628
2020-09-16,0.0037836737658838147
2020-09-17,-0.016770556365692756
2020-09-18,-0.03688621146648103
2020-09-21,-0.05513843168721592
2020-09-22,0.020626758304625428
2020-09-23,-0.07502183437904648
2020-09-24,0.012091701990634812
2020-09-25,0.03605674007496948
2020-09-28,0.04697819819964022
2020-09-29,-0.017573013261337117
2020-09-30,0.014371805257284547
2020-10-01,0.004234914033165901
2020-10-02,-0.009102601365743325
2020-10-05,0.04722832740079064
2020-10-06,-0.0375148456256293
2020-10-07,0.046080431129640775
2020-10-08,0.040247771074860515
2020-10-09,0.020536576784609486
2020-10-12,0.03278583036510071
2020-10-13,-0.021733263945065497
2020-10-14,-0.007528865098737654
2020-10-15,-0.00040943917391181534
2020-10-16,-0.0019013087441812925
2020-10-19,-0.044850184712033864
2020-10-20,0.013104794688123282
2020-10-21,-0.00868139043691843
2020-10-22,0.022413597410563597
2020-10-23,0.010985773676290396
2020-10-26,-0.054803736889786334
2020-10-27,-0.011499887424913915
2020-10-28,-0.10720578385610738
2020-10-29,0.03140426725949109
2020-10-30,-0.02528218291403923
2020-11-02,0.05878525616173984
2020-11-03,0.04634796843087052
2020-11-04,0.042670403363683704
2020-11-05,0.05899771404950345
2020-11-06,-0.009346595210393228
2020-11-09,0.04680743874698974
2020-11-10,0.023564439178723685
2020-11-11,0.0060390329527659084
2020-11-12,-0.030787767047362778
2020-11-13,0.05235164243617567
2020-11-16,0.051324149635805234
2020-11-17,-0.013333575675391278
2020-11-18,-0.04146676387951368
2020-11-19,0.012405559240483519
2020-11-20,-0.009936266949512433
2020-11-23,0.02676098634842954
2020-11-24,0.04596904909442889
2020-11-25,-0.014511549595527206
2020-11-27,0.0013973443343082027
2020-11-30,-0.03235860794637383
2020-12-01,0.027325738115300785
2020-12-02,0.009257158647548622
2020-12-03,0.0035012382346222347
2020-12-04,0.02971998334994331
2020-12-07,-0.0028571435028029255
2020-12-08,0.014342730552165178
2020-12-09,-0.018936390317372775
2020-12-10,0.003897645933002799
2020-12-11,-0.0035630550975834716
2020-12-14,-0.027918839903502923
2020-12-15,0.04448015732569418
2020-12-16,-0.003816401013524569
2020-12-17,0.018877591332112354
2020-12-18,-0.010042080814927665
2020-12-21,-0.027271734020883853
2020-12-22,-0.015876182582704984
2020-12-23,0.010243035655142143
2020-12-24,0.011210435492318007
2020-12-28,0.014386910132140333
2020-12-29,-0.005529050028370667
2020-12-30,0.016015279627398838
2020-12-31,0.015869520892344065
2021-01-04,-0.030408160487462154
2021-01-05,0.03234404473626315
2021-01-06,0.028588194261584102
2021-01-07,0.024221577742236364
2021-01-08,0.0007421520279354527
2021-01-11,-0.015445552776499312
2021-01-12,0.012611926201884194
2021-01-13,0.004567999053271846
2021-01-14,-0.004501714514750374
2021-01-15,-0.026735586141190308
2021-01-19,0.024786908405885048
2021-01-20,0.03786389290440599
2021-01-21,-0.018958398983757205
2021-01-22,-0.010329772551049492
2021-01-25,0.014875025204398802
2021-01-26,-0.013363218471059991
2021-01-27,-0.07436680759700591
2021-01-28,0.02672180102639595
2021-01-29,-0.06030274716293396
2021-02-01,0.039625240828911834
2021-02-02,0.03139342741213591
2021-02-03,0.01014035803227291
2021-02-04,0.015198404183808805
2021-02-05,0.023114110167675662
2021-02-08,0.03009765580836307
2021-02-09,-0.0043560622397849
2021-02-10,0.009802148687281286
2021-02-11,-0.009943800696534177
2021-02-12,0.009727197559567826
2021-02-16,-0.011106407378622925
2021-02-17,0.004731832807283701
2021-02-18,-0.01618028272993269
2021-02-19,-0.004880315765750461
2021-02-22,-0.0064380225466974805
2021-02-23,0.008022149697712944
2021-02-24,0.02591013309777461
2021-02-25,-0.0733685576826155
2021-02-26,-0.02269800457838551
2021-03-01,0.06272876307357327
2021-03-02,-0.01329760552891327
2021-03-03,-0.03610529066464569
2021-03-04,-0.030349061456468308
2021-03-05,0.06451759441844178
2021-03-08,-0.0043364505428328546
2021-03-09,0.04016980802023877
2021-03-10,0.030359333800532618
2021-03-11,0.018276323509277336
2021-03-12,0.00445094460408369
2021-03-15,0.021147527293460557
2021-03-16,-0.014932852047042934
2021-03-17,0.00654560901532583
2021-03-18,-0.04875235465209601
2021-03-19,0.006409570432027063
2021-03-22,0.01747901632568324
2021-03-23,-0.021812194404690094
2021-03-24,-0.002867684075121903
2021-03-25,0.016751434107605163
2021-03-26,0.0428902638971516
2021-03-29,-0.003558275143156608
2021-03-30,-0.01588129301599494
2021-03-31,0.009378610059442485
2021-04-01,0.034376693914595524
2021-04-05,0.030332233539883468
2021-04-06,0.006652700229579762
2021-04-07,-0.00808979600496121
2021-04-08,0.010174238291297384
2021-04-09,0.00915806328083839
2021-04-12,-0.0008460961162236898
2021-04-13,0.013378108177159903
2021-04-14,0.00043001723976292554
2021-04-15,0.03785786757548123
2021-04-16,0.010850128160502095
2021-04-19,-0.016489618552491824
2021-04-20,-0.014650360469523642
2021-04-21,0.02991740225021489
2021-04-22,-0.028399129021038392
2021-04-23,0.02326084128618149
2021-04-26,0.0006485756762697545
2021-04-27,-0.005185230930112316
2021-04-28,0.011193062753574278
2021-04-29,0.01999762061498153
2021-04-30,-0.023726244603350037
2021-05-03,0.025898280518882585
2021-05-04,-0.007391343261316881
2021-05-05,0.012133012772391358
2021-05-06,0.033095473327101055
2021-05-07,0.027496840746499725
2021-05-10,-0.018121374380426446
2021-05-11,-0.03654843982369497
2021-05-12,-0.0676665828185083
2021-05-13,0.03775502927593092
2021-05-14,0.054762209447857146
2021-05-17,0.003823198833119626
2021-05-18,-0.0308563913563915
2021-05-19,-0.02128633893936396
2021-05-20,0.02979188405988432
2021-05-21,0.004718482529781028
2021-05-24,0.02769652974280224
2021-05-25,-0.01177883403619576
2021-05-26,0.006643880375892296
2021-05-27,0.005817848674088861
2021-05-28,0.004993119536962694
2021-06-01,0.00904705049381668
2021-06-02,0.007378506344654209
2021-06-03,-0.011196788992237744
2021-06-04,0.02856513186957966
2021-06-07,-0.006828306888060937
2021-06-08,-0.00021716105978545014
2021-06-09,-0.006352068295746299
2021-06-10,0.011207378001522278
2021-06-11,0.0013170745425953381
2021-06-14,-0.00860493589190506
2021-06-15,0.000543224969263889
2021-06-16,-0.03027597066052607
2021-06-17,-0.02700912541971596
2021-06-18,-0.050367652931849735
2021-06-21,0.05618091025894233
2021-06-22,0.012022240497139444
2021-06-23,-0.007615034109199088
2021-06-24,0.020356436539136998
2021-06-25,0.01382157956687691
2021-06-28,-0.0018796439245829075
2021-06-29,-0.011682226803368235
2021-06-30,0.013136137039375965
2021-07-01,0.024257409473621212
2021-07-02,0.01821956914948183
2021-07-06,-0.01818901928803976
2021-07-07,0.013177096906586902
2021-07-08,-0.028463463594801668
2021-07-09,0.03748948740923341
2021-07-12,0.009498768279774108
2021-07-13,-0.020981967751532334
2021-07-14,0.0022496278862450237
2021-07-15,-0.0021684424596299127
2021-07-16,-0.030621287659898754
2021-07-19,-0.050841050230115974
2021-07-20,0.0425638011294868
2021-07-21,0.0237573655546376
2021-07-22,0.0027058020327926247
2021-07-23,0.02640462888299967
2021-07-26,0.013493888724071023
2021-07-27,-0.003044874836385633
2021-07-28,0.0012489380374605197
2021-07-29,0.02001389399781029
2021-07-30,-0.01851538550226209
2021-08-02,-0.005631028978976521
2021-08-03,0.02826341646451588
2021-08-04,-0.02671389608537121
2021-08-05,0.018086563697798753
2021-08-06,-0.0008280035019376356
2021-08-09,-0.012473914610907143
2021-08-10,0.017817764523360303
2021-08-11,0.022342818550258298
2021-08-12,0.004002821070497105
2021-08-13,0.011080760900996195
2021-08-16,0.003157257176601912
2021-08-17,-0.02304421494214651
2021-08-18,-0.03413142799904289
2021-08-19,-0.008304895405656817
2021-08-20,0.022914354695288696
2021-08-23,0.031994616774418616
2021-08-24,0.005656399091133549
2021-08-25,0.0057681576952236585
2021-08-26,-0.020968381350738405
2021-08-27,0.03942512958572993
2021-08-30,0.0020276399745773046
2021-08-31,-0.006057206940682044
2021-09-01,-0.0004649645935251039
2021-09-02,0.021078259700031455
2021-09-03,-0.009462331409378497
2021-09-07,-0.029738314671237543
2021-09-08,-0.000348368363393425
2021-09-09,-0.0053291435415560705
2021-09-10,-0.025520074924571083
2021-09-13,0.017187540956841246
2021-09-14,-0.01795517253477899
2021-09-15,0.02928045248672818
2021-09-16,-0.023161274487877144
2021-09-17,-0.033284377006188276
2021-09-20,-0.049498576832258626
2021-09-21,-0.0019186390711632903
2021-09-22,0.032857024546535905
2021-09-23,0.03137426352270479
2021-09-24,0.00333747528893203
2021-09-27,0.007010733730130696
2021-09-28,-0.059133508389696325
2021-09-29,0.007891244024993754
2021-09-30,-0.038147598311885106
2021-10-01,0.04415403684103437
2021-10-04,-0.019177233562719227
2021-10-05,0.02422753421896944
2021-10-06,0.011965887435472855
2021-10-07,0.019963486191559788
2021-10-08,-0.001159740091562419
2021-10-11,-0.02419549605045963
2021-10-12,0.004336359272556571
2021-10-13,0.02037134683161502
2021-10-14,0.0543624235354988
2021-10-15,0.010359566722260577
2021-10-18,0.002991578932828057
2021-10-19,0.021481219121160265
2021-10-20,0.02218911289206583
2021-10-21,-0.0004421706478528578
2021-10-22,0.01020653104986706
2021-10-25,0.01984440245180771
2021-10-26,0.0038826456912097445
2021-10-27,-0.02418525862499298
2021-10-28,0.02767561248185558
2021-10-29,-0.002636250782897376
2021-11-01,0.014347927051321862
2021-11-02,0.008643512898395309
2021-11-03,0.007898056601595711
2021-11-04,0.01166721737256701
2021-11-05,0.027664494243314266
2021-11-08,0.0008950126997185232
2021-11-09,0.001109960817470286
2021-11-10,-0.021943196951996417
2021-11-11,0.0015333695155990961
2021-11-12,0.01565851640378654
2021-11-15,0.0013684656225754284
2021-11-16,-2.2599883752151312e-05
2021-11-17,-0.007628585852155528
2021-11-18,-0.0037708835914893905
2021-11-19,-0.01659328863286435
2021-11-22,-0.0048524995644385165
2021-11-23,0.007414370359587446
2021-11-24,0.007358924103705059
2021-11-26,-0.06557212224704585
2021-11-29,0.024905549703926156
2021-11-30,-0.07244103145757892
2021-12-01,-0.03181165527785416
2021-12-02,0.057648503798937864
2021-12-03,-0.0072068283643992965
2021-12-06,0.040408610707666735
2021-12-07,0.05100374236455156
2021-12-08,0.0006482309859760013
2021-12-09,-0.01714317584989462
2021-12-10,0.02451439511143824
2021-12-13,-0.016285599796888806
2021-12-14,-0.018300546085976227
2021-12-15,0.03331218683622143
2021-12-16,0.0027242649350988487
2021-12-17,-0.03991196291075182
2021-12-20,-0.0391634653245891
2021-12-21,0.04962169131445287
2021-12-22,0.0305812892977847
2021-12-23,0.01850175103789365
2021-12-27,0.04311623051707349
2021-12-28,0.002958237237979766
2021-12-29,0.00010075829446210699
2021-12-30,-0.001030441224165764
2021-12-31,0.0009863697021399516
2022-01-03,0.0016595308825079263
2022-01-04,0.0226260655043357
2022-01-05,-0.040500096635281195
2022-01-06,-0.002883462634956934
2022-01-07,-0.00025184006525997866
2022-01-10,-0.013016607465600951
2022-01-11,0.0367146144788284
2022-01-12,0.009263419350328341
2022-01-13,-0.024823962770107445
2022-01-14,-0.0060119358064101205
2022-01-18,-0.05146692703401237
2022-01-19,-0.014048784589381554
2022-01-20,-0.030747984679548927
2022-01-21,-0.053233042213459064
2022-01-24,0.0071072807319284255
2022-01-25,-0.022766359938630104
2022-01-26,-0.02711936231799608
2022-01-27,-0.0034262746825821574
2022-01-28,0.052364689937807074
2022-01-31,0.05125247666323733
2022-02-01,0.027235059053338014
2022-02-02,0.029759020695093587
2022-02-03,-0.06612673625223821
2022-02-04,0.001010871944564365
2022-02-07,-0.0026787528811425647
2022-02-08,0.017582742512516465
2022-02-09,0.04375755161518784
2022-02-10,-0.055525969092557456
2022-02-11,-0.026576397500650946
2022-02-14,-0.023346590828364426
2022-02-15,0.02881055692422223
2022-02-16,0.012642922847218765
2022-02-17,-0.04403290842179026
2022-02-18,-0.012773760860952305
2022-02-22,-0.03354598888217164
2022-02-23,-0.051039316054896595
2022-02-24,0.02126868079404769
2022-02-25,0.08648818910453186
2022-02-28,0.008849078921764052
2022-03-01,-0.03435898132242199
2022-03-02,0.04544803178110476
2022-03-03,0.0012060673267335325
2022-03-04,0.00561537642296018
2022-03-07,-0.07257784680721975
2022-03-08,-0.017485250869523895
2022-03-09,0.045255512420693554
2022-03-10,-0.002951629237566489
2022-03-11,-0.03724314660930528
2022-03-14,-0.029889300779948107
2022-03-15,0.04186323841635775
2022-03-16,0.05792230152020317
2022-03-17,0.045886740456543625
2022-03-18,0.022981206679966178
2022-03-21,0.007239190677563628
2022-03-22,0.022137284655404887
2022-03-23,-0.015407499212189086
2022-03-24,0.03893850831888979
2022-03-25,0.021304582877649997
2022-03-28,0.005985497585553376
2022-03-29,0.035101197343906564
2022-03-30,-0.003034777284453479
2022-03-31,-0.0429360615832064
2022-04-01,0.014350752908758133
2022-04-04,0.014445949576031668
2022-04-05,-0.04041210899113626
2022-04-06,-0.015413050662111325
2022-04-07,0.014944634276335453
2022-04-08,0.006467691404359994
2022-04-11,-0.04936485396347633
2022-04-12,-0.0018850632064702612
2022-04-13,0.03661886226526356
2022-04-14,-0.03194804480369339
2022-04-18,-0.0019250820667836132
2022-04-19,0.03642915695609539
2022-04-20,0.008905570518122541
2022-04-21,-0.056292184078366475
2022-04-22,-0.09210713569486348
2022-04-25,-0.0007298360226647341
2022-04-26,-0.07115149020333822
2022-04-27,0.00032856333569720363
2022-04-28,0.07234351602256336
2022-04-29,-0.10972643502996392
2022-05-02,0.002335165956390647
2022-05-03,0.02468405339729915
2022-05-04,0.1048155190009921
2022-05-05,-0.1074383733848364
2022-05-06,-0.015748034701716183
2022-05-09,-0.10310934789682774
2022-05-10,-0.0036284917154774023
2022-05-11,-0.022135628161824638
2022-05-12,-0.00464798263259798
2022-05-13,0.06241903644878015
2022-05-16,0.0004041680256783386
2022-05-17,0.054657273513333826
2022-05-18,-0.11451241966637536
2022-05-19,-0.008233971021258515
2022-05-20,0.0018463178325690615
2022-05-23,0.056146767181664975
2022-05-24,-0.004752723448080709
2022-05-25,0.029701400529248346
2022-05-26,0.06044212602214054
2022-05-27,0.07173042522755935
2022-05-31,-0.03645687658880096
2022-06-01,-0.02160045980168382
2022-06-02,0.059427033949684224
2022-06-03,-0.04290193998168478
2022-06-06,0.004138543061879151
2022-06-07,0.038758958927281685
2022-06-08,-0.04129680275513506
2022-06-09,-0.07593651544862874
2022-06-10,-0.08016925250774812
2022-06-13,-0.1482368643583415
2022-06-14,-0.02717226965844979
2022-06-15,0.039754278403446176
2022-06-16,-0.09996367032680392
2022-06-17,-0.013472813741115712
2022-06-21,0.07265488702650509
2022-06-22,-0.0034074401952003336
2022-06-23,0.016867642221583334
2022-06-24,0.09179761861280142
2022-06-27,-0.0040585301160961295
2022-06-28,-0.04531530522536138
2022-06-29,-0.006253474308389696
2022-06-30,-0.022224217809044555
2022-07-01,0.0448604808014195
2022-07-05,-0.02667602769750661
2022-07-06,-0.0049532223733102995
2022-07-07,0.04304386602223868
2022-07-08,-0.011332490213846925
2022-07-11,-0.028195513348377433
2022-07-12,-0.023169210053852852
2022-07-13,-0.008180494884942465
2022-07-14,-0.030321987764678305
2022-07-15,0.05787359334094515
2022-07-18,-0.016936658104894444
2022-07-19,0.08477970655926026
2022-07-20,0.011481782387933447
2022-07-21,0.033125223384861534
2022-07-22,-0.014438478010550603
2022-07-25,0.01452542966077146
2022-07-26,-0.03184596947956178
2022-07-27,0.06894092430110475
2022-07-28,0.05021294993032551
2022-07-29,0.04784831653280054
2022-08-01,0.00036752070044881004
2022-08-02,-0.030193090879004927
2022-08-03,0.03723794017295756
2022-08-04,-0.005498503077051606
2022-08-05,-0.013712362282005704
2022-08-08,0.013109754652327226
2022-08-09,-0.005349120149359207
2022-08-10,0.05900601942544932
2022-08-11,0.003932872300652467
2022-08-12,0.05812338057971148
2022-08-15,0.0026819836180660473
2022-08-16,0.012993661621754903
2022-08-17,-0.027716328166349752
2022-08-18,0.013270238806360697
2022-08-19,-0.043696895313480345
2022-08-22,-0.06340079691141974
2022-08-23,0.004096075282820638
2022-08-24,0.012056858346375569
2022-08-25,0.04936275390176333
2022-08-26,-0.09748534177583866
2022-08-29,-0.01445637650011403
2022-08-30,-0.046033271895993974
2022-08-31,-0.03037622067485715
2022-09-01,-0.0035856267599872252
2022-09-02,-0.02172368987670658
2022-09-06,-0.022423071966491508
2022-09-07,0.0700117027758016
2022-09-08,0.014181426609716335
2022-09-09,0.052881071808442
2022-09-12,0.030914712187798957
2022-09-13,-0.13310298824464126
2022-09-14,0.012294205610996594
2022-09-15,-0.0419414135711212
2022-09-16,-0.032801348226733376
2022-09-19,0.02921774701529945
2022-09-20,-0.04636017985201116
2022-09-21,-0.049067550843351085
2022-09-22,-0.03678239772600344
2022-09-23,-0.0755361955091217
2022-09-26,-0.05214871990235291
2022-09-27,-0.018930510532555078
2022-09-28,0.09406878656544271
2022-09-29,-0.06673249078543995
2022-09-30,-0.04913864246070713
2022-10-03,0.10440129982345303
2022-10-04,0.1072598166659583
2022-10-05,-0.01802260561809128
2022-10-06,-0.03540064678801638
2022-10-07,-0.08517905279938856
2022-10-10,-0.02566055352919641
2022-10-11,-0.019588614953052412
2022-10-12,-0.011402072928024153
2022-10-13,0.08258595909835353
2022-10-14,-0.08392921544728095
2022-10-17,0.07616926524548025
2022-10-18,0.04647341564692091
2022-10-19,-0.027509804902387882
2022-10-20,-0.0416508659003194
2022-10-21,0.07962038307439331
2022-10-24,0.02814345369418733
2022-10-25,0.06460358818876097
2022-10-26,0.0008076406627460494
2022-10-27,-0.009823191682631864
2022-10-28,0.05992976223097094
2022-10-31,-0.025823460941788733
2022-11-01,0.00321226011390323
2022-11-02,-0.07882962031442675
2022-11-03,-0.015354479807607395
2022-11-04,0.05079977344512618
2022-11-07,0.019918381432364803
2022-11-08,0.02987825934437446
2022-11-09,-0.06577664916479607
2022-11-10,0.18350851487601713
2022-11-11,0.031417679138244156
2022-11-14,-0.02327439642265523
2022-11-15,0.032120306766753745
2022-11-16,-0.01609741616811991
2022-11-17,-0.023079932629885565
2022-11-18,0.014632259247925593
2022-11-21,-0.008160748408452594
2022-11-22,0.052338662625775176
2022-11-23,0.026330376174235958
2022-11-25,0.0006663459339578008
2022-11-28,-0.05184754984172446
2022-11-29,-0.0009313304007798176
2022-11-30,0.09281693597366321
2022-12-01,0.015703046548030165
2022-12-02,0.004230647593618064
2022-12-05,-0.07047200540096993
2022-12-06,-0.03794194611272234
2022-12-07,0.004717828494717218
2022-12-08,0.017502851673622317
2022-12-09,-0.03370464596212684
2022-12-12,0.04546099653146588
2022-12-13,0.03300187523707395
2022-12-14,-0.019635216891373104
2022-12-15,-0.07778267876750533
2022-12-16,-0.03326705897608702
2022-12-19,-0.03402274351739364
2022-12-20,0.007219561513645192
2022-12-21,0.04845585703735933
2022-12-22,-0.045329053237160404
2022-12-23,0.02404449018312945
2022-12-27,-0.007840485413498533
2022-12-28,-0.044150365808693505
2022-12-29,0.055405138549045094
2022-12-30,-0.01190098762366457
2023-01-03,-0.004138563860629714
2023-01-04,0.03882064836909686
2023-01-05,-0.031187874441908466
2023-01-06,0.08832446210399933
2023-01-09,0.0005118522907196741
2023-01-10,0.018768860354939083
2023-01-11,0.039601751799910996
2023-01-12,0.021314963072553324
2023-01-13,0.012446930698868196
2023-01-17,-0.0152671167980467
2023-01-18,-0.05073307928553767
2023-01-19,-0.019483193139949385
2023-01-20,0.047099861864556766
2023-01-23,0.02894361275741439
2023-01-24,0.006615432976638957
2023-01-25,0.0023386630610089097
2023-01-26,0.028947193739602792
2023-01-27,0.0002363438431745101
2023-01-30,-0.038373956184243954
2023-01-31,0.05098227028614974
2023-02-01,0.029114175733634402
2023-02-02,0.025079372408095147
2023-02-03,-0.05147881307987951
2023-02-06,-0.015110728737195019
2023-02-07,0.0336348211017895
2023-02-08,-0.03363840296250119
2023-02-09,-0.03895139685447408
2023-02-10,0.018803685226482614
2023-02-13,0.032763332329239336
2023-02-14,-0.0033096412124590914
2023-02-15,0.001365397105393895
2023-02-16,-0.04536695456920148
2023-02-17,-0.0027974361523220403
2023-02-21,-0.06767407004681665
2023-02-22,-0.0008520996106350314
2023-02-23,0.012707399420573164
2023-02-24,-0.028898173940362416
2023-02-27,0.010455131202832186
2023-02-28,-0.011892458683007655
2023-03-01,-0.010034381986501447
2023-03-02,0.024879009121955776
2023-03-03,0.06103299260241406
2023-03-06,-0.008438856033648683
2023-03-07,-0.05534833331715512
2023-03-08,0.0015055780830692134
2023-03-09,-0.057099800999306075
2023-03-10,-0.028252516912647917
2023-03-13,-0.004464196923679195
2023-03-14,0.04351635407817712
2023-03-15,-0.027136945354101483
2023-03-16,0.044526126627520056
2023-03-17,-0.0298001164005294
2023-03-20,0.035057293259424714
2023-03-21,0.03270498641986819
2023-03-22,-0.04832541458521303
2023-03-23,0.001011912977796541
2023-03-24,0.02495379395208179
2023-03-27,0.005761969297167443
2023-03-28,0.006413057097051613
2023-03-29,0.04194052118269783
2023-03-30,0.02075537854630465
2023-03-31,0.047733071202484004
2023-04-03,0.02330818785708226
2023-04-04,-0.013900729477873347
2023-04-05,0.006881069911848343
2023-04-06,0.003290336145005668
2023-04-10,-0.00023460109254957258
2023-04-11,0.012282330117990112
2023-04-12,-0.01019301906933933
2023-04-13,0.03830076578329915
2023-04-14,-0.018012512455039827
2023-04-17,0.004312794905090073
2023-04-18,0.004571925766664143
2023-04-19,-0.00395839309566651
2023-04-20,-0.012249004306797717
2023-04-21,-0.003071623782808187
2023-04-24,0.014550434206582832
2023-04-25,-0.042089831668848526
2023-04-26,-0.03874935440562787
2023-04-27,0.05902550265914167
2023-04-28,0.033124455189413544
2023-05-01,-0.01480456640092301
2023-05-02,-0.02944931293013234
2023-05-03,-0.02129847235666333
2023-05-04,-0.025249105489741453
2023-05-05,0.04903421137021269
2023-05-08,-0.0045235854933029255
2023-05-09,-0.010746364856431613
2023-05-10,0.008229858233515823
2023-05-11,-0.0092606563743686
2023-05-12,-0.0037314505756825753
2023-05-15,0.0051877584713526355
2023-05-16,-0.040935377793100074
2023-05-17,0.033306690795189366
2023-05-18,0.016954026607282815
2023-05-19,-0.0013889740894127717
2023-05-22,-0.006596824810148849
2023-05-23,-0.027563421671203358
2023-05-24,-0.027211579964013455
2023-05-25,-0.009354274840305815
2023-05-26,0.034067845500914205
2023-05-30,-0.003132494142595044
2023-05-31,-0.013758871033037403
2023-06-01,0.03154912902114578
2023-06-02,0.05211662177713365
2023-06-05,-0.0037071333724360664
2023-06-06,0.013390875311133926
2023-06-07,0.00271639547050988
2023-06-08,0.022007498008535454
2023-06-09,-0.0047853723240813386
2023-06-12,0.018645834281640062
2023-06-13,0.01893552813439452
2023-06-14,-0.002045951852654133
2023-06-15,0.04531130234804149
2023-06-16,-0.006629118566031536
2023-06-20,-0.026362207513274696
2023-06-21,-0.002931584563622776
2023-06-22,-0.006443253182100514
2023-06-23,-0.021292402661610543
2023-06-26,0.0042260499015228355
2023-06-27,0.029344385393354013
2023-06-28,-0.004372318380725449
2023-06-29,0.011593423950472031
2023-06-30,0.0400214882454747
2023-07-03,0.009179731619939168
2023-07-05,-0.013304727105645597
2023-07-06,-0.03751651970965263
2023-07-07,-0.0011411785290394915
2023-07-10,0.011510707099889557
2023-07-11,0.03541003688707693
2023-07-12,0.03272798074215789
2023-07-13,0.021632625667869984
2023-07-14,-0.014998045788643754
2023-07-17,0.002537517739305409
2023-07-18,0.02380863291366054
2023-07-19,0.01478568899186184
2023-07-20,-0.0072969111226578775
2023-07-21,0.00537169937373402
2023-07-24,0.01071670652090344
2023-07-25,0.010773587461427321
2023-07-26,0.006006602212093857
2023-07-27,-0.036086741350762425
2023-07-28,0.030818583964742356
2023-07-31,0.010340121399121965
2023-08-01,-0.022314388748277618
2023-08-02,-0.03912441590895873
2023-08-03,-0.02007543799388788
2023-08-04,-0.005399553186131493
2023-08-07,0.02327894540972968
2023-08-08,-0.009148254932577976
2023-08-09,-0.010488770709860902
2023-08-10,-0.006290382815536688
2023-08-11,0.003824504373494546
2023-08-14,0.0024367761756415008
2023-08-15,-0.04672763481527005
2023-08-16,-0.025204031851835864
2023-08-17,-0.022397148384637904
2023-08-18,0.005808771345149795
2023-08-21,0.0021464993341590104
2023-08-22,-0.0057524073528764375
2023-08-23,0.0365850246193861
2023-08-24,-0.03938427736413052
2023-08-25,0.023485689850378508
2023-08-28,0.020874946940830075
2023-08-29,0.046496865908723664
2023-08-30,0.007324202500668387
2023-08-31,-0.007699668843307261
2023-09-01,0.0024778440489539102
2023-09-05,-0.030883727783712615
2023-09-06,-0.011946346718246638
2023-09-07,-0.0004302365556397759
2023-09-08,0.008911506971928334
2023-09-11,0.019113602966540712
2023-09-12,-0.007180110301225332
2023-09-13,0.002033938136548551
2023-09-14,0.03229457508621436
2023-09-15,-0.03543338251146876
2023-09-18,0.0038490590593265378
2023-09-19,-0.011965959344172803
2023-09-20,-0.021456541452596407
2023-09-21,-0.06227439595073491
2023-09-22,-0.005899037274419309
2023-09-25,0.0033744226755432283
2023-09-26,-0.0512083847992913
2023-09-27,-0.0064017212197638555
2023-09-28,0.012231049917285193
2023-09-29,-0.017467204014093584
2023-10-02,-0.03818169637746049
2023-10-03,-0.03668012364648931
2023-10-04,0.01919517746057039
2023-10-05,-0.0172629948640008
2023-10-06,0.031251599123710304
2023-10-09,0.04128385059359852
2023-10-10,0.022914970869901654
2023-10-11,0.01731411284046196
2023-10-12,-0.038756245298953565
2023-10-13,0.015801812001956933
2023-10-16,0.028820630038731632
2023-10-17,0.006735573976857725
2023-10-18,-0.03913286193192274
2023-10-19,-0.03461614964912299
2023-10-20,-0.03538948819199515
2023-10-23,-0.012940129679745145
2023-10-24,0.030539935669602936
2023-10-25,-0.041199130627196115
2023-10-26,-0.018257658277936562
2023-10-27,-0.02699333223041347
2023-10-30,0.034278585812664526
2023-10-31,0.017739894150105472
2023-11-01,0.02834340780245837
2023-11-02,0.07449951712290011
2023-11-03,0.029850962157119545
2023-11-06,-0.009585523331316561
2023-11-07,-0.003944353813856596
2023-11-08,-0.004495365876718831
2023-11-09,-0.032900354061788144
2023-11-10,0.03999134592145796
2023-11-13,0.000501481134199277
2023-11-14,0.07855522953824896
2023-11-15,0.0020988052910957842
2023-11-16,0.0025581953456919487
2023-11-17,0.014209591201706772
2023-11-20,0.015885069023742066
2023-11-21,0.002512384235764986
2023-11-22,0.012609415253135975
2023-11-24,0.004831529468408412
2023-11-27,-0.0009149261367051415
2023-11-28,0.009098444633767121
2023-11-29,-0.0008180731694176516
2023-11-30,0.014650290239604891
2023-12-01,0.03802600049387791
2023-12-04,-0.022755417915687345
2023-12-05,-0.013314106451364173
2023-12-06,0.00038776989476967214
2023-12-07,0.014498933041501632
2023-12-08,0.0039369617180266435
2023-12-11,0.012289548855321191
2023-12-12,0.007778021826750958
2023-12-13,0.06825645107399192
2023-12-14,0.027735080526997958
2023-12-15,-0.014881473577020994
2023-12-18,0.013555232616352319
2023-12-19,0.028205358861241987
2023-12-20,-0.05092154365038954
2023-12-21,0.030778950927009743
2023-12-22,0.008616258996265396
2023-12-26,0.019779048234439663
2023-12-27,0.01214558805480593
2023-12-28,-0.006770694843136446
2023-12-29,-0.011614936402493586
2024-01-02,-0.0009830766375590978
2024-01-03,-0.020713083078354354
2024-01-04,-0.01569685571938927
2024-01-05,0.001466615691650674
2024-01-08,0.029523990094558535
2024-01-09,-0.01767837271787911
2024-01-10,0.005511047914216645
2024-01-11,-0.007557345109209904
2024-01-12,0.006785273985757241
2024-01-16,-0.035458799711253236
2024-01-17,-0.024692370951210452
2024-01-18,0.01382409823422863
2024-01-19,0.025125702994898774
2024-01-22,0.005836560821979223
2024-01-23,0.008455894024115698
2024-01-24,-0.013885445523988583
2024-01-25,0.030694560676038752
2024-01-26,0.005585211655302242
2024-01-29,0.027447087048230668
2024-01-30,0.01003525951381979
2024-01-31,-0.04048036541969531
2024-02-01,0.053146977621423175
2024-02-02,0.006749187151666252
2024-02-05,-0.03833163296421304
2024-02-06,0.020650141111094433
2024-02-07,0.01692242407814597
2024-02-08,0.0001793445556573127
2024-02-09,0.00019742066360662464
2024-02-12,0.012710475414192571
2024-02-13,-0.0555515825553892
2024-02-14,0.028413043731589566
2024-02-15,0.043712832952753265
2024-02-16,-0.011419608553570671
2024-02-20,-0.008363511959650748
2024-02-21,0.0143563472593609
2024-02-22,0.03835891170138965
2024-02-23,0.011344263155717429
2024-02-26,-0.017911940615768018
2024-02-27,0.008083383969351531
2024-02-28,0.0025926794856189644
2024-02-29,0.014802052513122615
2024-03-01,0.02617892749002804
2024-03-04,0.001379913574782332
2024-03-05,-0.012946738878696084
2024-03-06,0.02178886670631446
2024-03-07,0.02943839907982982
2024-03-08,-0.007871554606886998
2024-03-11,0.007282778281823672
2024-03-12,0.008486932859471781
2024-03-13,0.010676133890198213
2024-03-14,-0.018270361283500673
2024-03-15,-0.013050960052948547
2024-03-18,0.018383455951379253
2024-03-19,0.019705628999237525
2024-03-20,0.02794604493081162
2024-03-21,0.012085933050841904
2024-03-22,-0.011028200045405752
2024-03-25,-0.0051741247279967865
2024-03-26,-0.005026342830853933
2024-03-27,0.047322194369884024
2024-03-28,0.01083064317378739
2024-04-01,-0.012115793816404404
2024-04-02,-0.011841370506718697
2024-04-03,0.006991128980524089
2024-04-04,-0.030472517524526132
2024-04-05,0.02890962199617261
2024-04-08,0.004421790453221411
2024-04-09,0.01131059185010834
2024-04-10,-0.04517486854094606
2024-04-11,0.011836278715264608
2024-04-12,-0.04918203090081163
2024-04-15,-0.0289739346292657
2024-04-16,-0.01714606518013827
2024-04-17,0.0009731603797785031
2024-04-18,-0.002372001397357227
2024-04-19,0.006103411743156361
2024-04-22,0.012621322119244834
2024-04-23,0.02576566033676705
2024-04-24,0.0030847672171252943
2024-04-25,-0.011890604173405109
2024-04-26,0.013505135094815329
2024-04-29,0.020858274927297384
2024-04-30,-0.05855147689899219
2024-05-01,0.0008961320838375505
2024-05-02,0.01996846110307764
2024-05-03,0.029068903708307104
2024-05-06,0.032242598283047985
2024-05-07,0.013179815044062262
2024-05-08,-0.003278700033713399
2024-05-09,0.03548018235004313
2024-05-10,0.0030180926628619476
2024-05-13,-0.0075674979142047755
2024-05-14,0.014620308577068055
2024-05-15,0.03500888338496011
2024-05-16,-0.007355356617271853
2024-05-17,0.015146801706011797
2024-05-20,-0.006495731060759098
2024-05-21,0.008373197779479393
2024-05-22,-0.023931932991799697
2024-05-23,-0.048533044532441186
2024-05-24,0.021835344195338027
2024-05-28,-0.012761031010821185
2024-05-29,-0.04060354607323957
2024-05-30,0.010334088928930141
2024-05-31,0.04335638444437103
2024-06-03,-0.00814587645050283
2024-06-04,-0.002393017726863134
2024-06-05,0.025208901608363612
2024-06-06,0.002040168271667353
2024-06-07,-0.02866824599757281
2024-06-10,0.01069916263028659
2024-06-11,0.00022596889988450958
2024-06-12,0.006811649513380614
2024-06-13,-0.0025009609858959833
2024-06-14,-0.003553950777761728
2024-06-17,0.016498803996345297
2024-06-18,0.007583778262345101
2024-06-20,0.011685167828800955
2024-06-21,-0.0054759996856659525
2024-06-24,0.019386498262376043
2024-06-25,-0.007799150328838592
2024-06-26,-0.013204332801830488
2024-06-27,0.007514070127874164
2024-06-28,-0.016202428109669348
2024-07-01,-0.017041499768640844
2024-07-02,0.02251552751016995
2024-07-03,0.017819083624101128
2024-07-05,0.018681291153077602
2024-07-08,-0.006124210868011432
2024-07-09,-0.0026122735581037386
2024-07-10,0.030383581645716057
2024-07-11,0.014022323368400263
2024-07-12,0.02046260411109158
2024-07-15,-0.0011577617133750337
2024-07-16,0.04763326028094824
2024-07-17,-0.018224056248100518
2024-07-18,-0.02715825319140707
2024-07-19,-0.02854516996225438
2024-07-22,0.021241856629433314
2024-07-23,-0.010121899676232072
2024-07-24,-0.05071123157504083
2024-07-25,-0.005488112980609242
2024-07-26,0.046190294047177116
2024-07-29,0.006791959720530341
2024-07-30,0.004322909473570988
2024-07-31,0.04286772721383932
2024-08-01,-0.026186894306446076
2024-08-02,-0.04497841810096369
2024-08-05,-0.08714868819151673
2024-08-06,0.021753557883833083
2024-08-07,-0.021193504977335322
2024-08-08,0.06561066639652013
2024-08-09,0.014731229779783441
2024-08-12,0.0003339884847762517
2024-08-13,0.0385225601948775
2024-08-14,0.007299488273329091
2024-08-15,0.0438450780604105
2024-08-16,0.01566793474497819
2024-08-19,0.027311031251005362
2024-08-20,-0.007588597248070919
2024-08-21,0.018319644284023186
2024-08-22,-0.02233364924411344
2024-08-23,0.03903922804876218
2024-08-26,0.0036325609402522224
2024-08-27,-0.0018263650972329144
2024-08-28,-0.016800117097063517
2024-08-29,0.009610910687780718
2024-08-30,0.024756546047490894
2024-09-03,-0.046550766217864754
2024-09-04,0.001394645726451581
2024-09-05,-0.010593409537842076
2024-09-06,-0.048282883624587575
2024-09-09,0.03851222993366277
2024-09-10,0.007035379842505729
2024-09-11,0.008904235808061144
2024-09-12,0.030361743218313572
2024-09-13,0.028269617609243302
2024-09-16,0.023722907322291552
2024-09-17,-0.0005901099945010358
2024-09-18,-0.01719292481909136
2024-09-19,0.04173805077169709
2024-09-20,0.003880224367400254
2024-09-23,0.018044655215490042
2024-09-24,0.010785254656438429
2024-09-25,-0.01924350507717264
2024-09-26,0.013442952515296336
2024-09-27,0.009782466842118667
2024-09-30,0.00413447104672231
2024-10-01,0.0015890531470861714
2024-10-02,-0.0056528899056566655
2024-10-03,-0.014818922702696202
2024-10-04,0.02052415836801662
2024-10-07,-0.03282327380761773
2024-10-08,0.006486274438280248
2024-10-09,0.01519802185247895
2024-10-10,-0.006564371991883785
2024-10-11,0.027506437990799444
2024-10-14,0.02022003291178728
2024-10-15,-0.01413818594197868
2024-10-16,0.023766260034386873
2024-10-17,-0.008556407845213344
2024-10-18,0.01425563430729634
2024-10-21,-0.023721506387024627
2024-10-22,-0.00411726319748713
2024-10-23,-0.020456247982711274
2024-10-24,0.0063415096634055635
2024-10-25,-0.013970157510501525
2024-10-28,0.011340712961822525
2024-10-29,-0.011093356641308129
2024-10-30,0.0005149784122944274
2024-10-31,-0.03419087425872317
2024-11-01,-0.003685092517543298
2024-11-04,0.002160416230082276
2024-11-05,0.03771227135097422
2024-11-06,0.050997050435738475
2024-11-07,0.020526209490644178
2024-11-08,0.023242562917734192
2024-11-11,0.0028101771747661404
2024-11-12,-0.02985941344919776
2024-11-13,-0.000966142613655418
2024-11-14,-0.020436157166877363
2024-11-15,-0.02651313342554605
2024-11-18,0.027346254528741
2024-11-19,0.004945735369511491
2024-11-20,0.008960222277417261
2024-11-21,0.032847898080171634
2024-11-22,0.020983701107726557
2024-11-25,0.010240306946115116
2024-11-26,0.009964458695806576
2024-11-27,-0.0013839577444223778
2024-11-29,0.022953726863049202
2024-12-02,-0.011021238629496622
2024-12-03,-0.009677836877525022
2024-12-04,0.0022300054755890163
2024-12-05,-0.009083575704227829
2024-12-06,-0.0036206611983062038
2024-12-09,-0.02199532335460433
2024-12-10,-0.004889057378420299
2024-12-11,0.00619681080842561
2024-12-12,-0.02349046556397663
2024-12-13,-0.015091947286831567
2024-12-16,-0.008109523570103075
2024-12-17,-0.015954762350859197
2024-12-18,-0.10211628819682854
2024-12-19,-0.01476842811948212
2024-12-20,0.039905878590103895
2024-12-23,0.00679003489099595
2024-12-24,0.03285985805098206
2024-12-26,0.0017462091648231984
2024-12-27,-0.02890941436363347
2024-12-30,-0.03204605731114092
2024-12-31,0.0010206411009931354
2025-01-02,0.0016618447188382788
2025-01-03,0.026374078754202432
2025-01-06,-0.0009168573035628276
2025-01-07,-0.017097328249019838
2025-01-08,0.007794669831120544
2025-01-10,-0.03667962082129727
2025-01-13,0.017944443582597915
2025-01-14,0.017063007034326585
2025-01-15,0.05257349611284119
2025-01-16,0.02071498942275515
2025-01-17,0.021198499713575906
2025-01-21,0.04067883920098828
2025-01-22,-0.011207196242646687
2025-01-23,0.016236509945430327
2025-01-24,0.0021397158123727562
2025-01-27,-0.007604759761138348
2025-01-28,-0.005680588035798916
2025-01-29,-0.0059263808497630015
2025-01-30,0.036294726914344065
2025-01-31,-0.025865282194037525
2025-02-03,-0.0016004569418217526
2025-02-04,0.0165694170003579
2025-02-05,0.017952928613719745
2025-02-06,1.0262582187991315e-05
2025-02-07,-0.021418944875788614
2025-02-10,0.026831835910576553
2025-02-11,0.003380662382881084
2025-02-12,-0.019652716625906574
2025-02-13,0.03881568430310419
2025-02-14,-0.008556746710886718
2025-02-18,0.019533473427507005
2025-02-19,0.008680425328817859
2025-02-20,-0.00866293933430613
2025-02-21,-0.041003191796088245
2025-02-24,-0.0009816971226058293
2025-02-25,-0.004380203191251792
2025-02-26,-0.005889825428305695
2025-02-27,-0.03625293043455497
2025-02-28,0.04943982460597962
2025-03-03,-0.035949999928090254
2025-03-04,-0.05022359815857517
2025-03-05,0.025418709771397124
2025-03-06,-0.04289448697285524
2025-03-07,0.02143745074339158
2025-03-10,-0.05169585797282768
2025-03-11,-0.032873589891249666
2025-03-12,-0.0029591789811550455
2025-03-13,-0.02297114664562837
2025-03-14,0.05943222770468622
2025-03-17,0.03712112727679466
2025-03-18,-0.020580774390070028
2025-03-19,0.03376165037845684
2025-03-20,-0.006332437043286854
2025-03-21,-0.011833614318158835
2025-03-24,0.04342224574324612
2025-03-25,0.0003677914177881318
2025-03-26,-0.011621618797339315
2025-03-27,-0.0025083615999655466
2025-03-28,-0.04251707294187967
2025-03-31,0.037466226422669904
2025-04-01,0.008194918881351789
2025-04-02,0.022260915358772584
2025-04-03,-0.1368698553644355
2025-04-04,-0.20784187078848013
2025-04-07,-0.039634585133821405
2025-04-08,-0.056136965900722535
2025-04-09,0.27492667870853243
2025-04-10,-0.1031575803747059
2025-04-11,0.06371154784662662
2025-04-14,0.03446997341654745
2025-04-15,-0.006336201818069183
2025-04-16,-0.035763629418884585
2025-04-17,0.019031350563706202
2025-04-21,-0.06725800915002263
2025-04-22,0.07762222932115674
2025-04-23,0.0267051642155682
2025-04-24,0.059397013868777084
2025-04-25,0.006799930560578564
2025-04-28,0.014978713948925696
2025-04-29,0.02024074012172077
2025-04-30,-0.0074690122760324995
2025-05-01,-0.009041222954258387
2025-05-02,0.045225722455899176
2025-05-05,-0.009030357241692722
2025-05-06,-0.008217746647146466
2025-05-07,0.007651784771661255
2025-05-08,0.007638618458069537
2025-05-09,0.0018409813104414228
2025-05-12,0.0665645270091844
2025-05-13,0.006624193039655415
2025-05-14,-0.022816074712351093
2025-05-15,0.038254175445696356
2025-05-16,0.026986368994473937
2025-05-19,0.0057566093021025775
2025-05-20,-0.0037785548595294484
2025-05-21,-0.05953735144714485
2025-05-22,-0.011366536251315444
2025-05-23,0.0023892385197741713
2025-05-27,0.05274736954652922
2025-05-28,-0.028068262974539668
2025-05-29,0.014638858321953595
2025-05-30,0.001819071522774688
2025-06-02,0.01856132792065332
2025-06-03,0.014158790302525173
2025-06-04,-0.005239839563072496
2025-06-05,-0.01805840507544823
2025-06-06,0.022775855450181428
2025-06-09,0.0027942194019685636
2025-06-10,0.024094292054824575
2025-06-11,-0.0008690102069394437
2025-06-12,0.017144888839691206
2025-06-13,-0.025355483007679713
2025-06-16,0.012847142445849582
2025-06-17,-0.022548155739843246
2025-06-18,-0.004756859676943089
2025-06-20,0.00025995264532208904
2025-06-23,0.0292111155484186
2025-06-24,0.020656140664085464
2025-06-25,-0.017101458790329566
2025-06-26,0.02827611064400808
2025-06-27,0.005300015228893125
2025-06-30,0.018605616135651117
2025-07-01,0.023981903817205632
2025-07-02,0.010488497762751224
2025-07-03,0.012658831083583868
2025-07-07,-0.02627997415526798
2025-07-08,-0.00048275583386669224
2025-07-09,0.015842152396682782
2025-07-10,0.016477781665479797
2025-07-11,-0.015367547514613882
2025-07-14,0.0022295174492913106
2025-07-15,-0.04128358661685764
2025-07-16,0.011700804219180929
2025-07-17,0.015866254014350312
2025-07-18,0.002499499770977861
2025-07-21,0.009156395940450413
2025-07-22,0.028303458604576358
2025-07-23,0.018692199804422018
2025-07-24,-0.010925841840574983
2025-07-25,0.011217885732609777
2025-07-28,-0.01587098717511499
2025-07-29,0.0016927190733273608
2025-07-30,-0.022703456371320714
2025-07-31,-0.018205611873507912
2025-08-01,-0.02510801710603052
2025-08-04,0.042232883551948944
2025-08-05,-0.00811921405520928
2025-08-06,0.0012130604695214531
2025-08-07,-0.0007967444900029547
2025-08-08,0.013132104991313162
2025-08-11,-0.009807290890275872
2025-08-12,0.03112521621623688
2025-08-13,0.030372102345566573
