Date,ret_ivol
2018-06-20,-7.936507936507937e-05
2018-06-21,-7.936507936507937e-05
2018-06-22,-7.936507936507937e-05
2018-06-25,-7.936507936507937e-05
2018-06-26,-7.936507936507937e-05
2018-06-27,-7.936507936507937e-05
2018-06-28,-7.936507936507937e-05
2018-06-29,-7.936507936507937e-05
2018-07-02,-7.936507936507937e-05
2018-07-03,-7.936507936507937e-05
2018-07-05,-7.936507936507937e-05
2018-07-06,-7.936507936507937e-05
2018-07-09,-7.936507936507937e-05
2018-07-10,-7.936507936507937e-05
2018-07-11,-7.936507936507937e-05
2018-07-12,-7.936507936507937e-05
2018-07-13,-7.936507936507937e-05
2018-07-16,-7.936507936507937e-05
2018-07-17,-7.936507936507937e-05
2018-07-18,-7.936507936507937e-05
2018-07-19,-7.936507936507937e-05
2018-07-20,-7.936507936507937e-05
2018-07-23,-7.936507936507937e-05
2018-07-24,-7.936507936507937e-05
2018-07-25,-7.936507936507937e-05
2018-07-26,-7.936507936507937e-05
2018-07-27,-7.936507936507937e-05
2018-07-30,-7.936507936507937e-05
2018-07-31,-7.936507936507937e-05
2018-08-01,-7.936507936507937e-05
2018-08-02,-7.936507936507937e-05
2018-08-03,-7.936507936507937e-05
2018-08-06,-7.936507936507937e-05
2018-08-07,-7.936507936507937e-05
2018-08-08,-7.936507936507937e-05
2018-08-09,-7.936507936507937e-05
2018-08-10,-7.936507936507937e-05
2018-08-13,-7.936507936507937e-05
2018-08-14,-7.936507936507937e-05
2018-08-15,-7.936507936507937e-05
2018-08-16,-7.936507936507937e-05
2018-08-17,-7.936507936507937e-05
2018-08-20,-7.936507936507937e-05
2018-08-21,-7.936507936507937e-05
2018-08-22,-7.936507936507937e-05
2018-08-23,-7.936507936507937e-05
2018-08-24,-7.936507936507937e-05
2018-08-27,-7.936507936507937e-05
2018-08-28,-7.936507936507937e-05
2018-08-29,-7.936507936507937e-05
2018-08-30,-7.936507936507937e-05
2018-08-31,-7.936507936507937e-05
2018-09-04,-7.936507936507937e-05
2018-09-05,-7.936507936507937e-05
2018-09-06,-7.936507936507937e-05
2018-09-07,-7.936507936507937e-05
2018-09-10,-7.936507936507937e-05
2018-09-11,-7.936507936507937e-05
2018-09-12,-7.936507936507937e-05
2018-09-13,-7.936507936507937e-05
2018-09-14,-7.936507936507937e-05
2018-09-17,-7.936507936507937e-05
2018-09-18,-7.936507936507937e-05
2018-09-19,-7.936507936507937e-05
2018-09-20,-7.936507936507937e-05
2018-09-21,-7.936507936507937e-05
2018-09-24,-7.936507936507937e-05
2018-09-25,-7.936507936507937e-05
2018-09-26,-7.936507936507937e-05
2018-09-27,-7.936507936507937e-05
2018-09-28,-7.936507936507937e-05
2018-10-01,-7.936507936507937e-05
2018-10-02,-7.936507936507937e-05
2018-10-03,-7.936507936507937e-05
2018-10-04,-7.936507936507937e-05
2018-10-05,-7.936507936507937e-05
2018-10-08,-7.936507936507937e-05
2018-10-09,-7.936507936507937e-05
2018-10-10,-7.936507936507937e-05
2018-10-11,-7.936507936507937e-05
2018-10-12,-7.936507936507937e-05
2018-10-15,-7.936507936507937e-05
2018-10-16,-7.936507936507937e-05
2018-10-17,-7.936507936507937e-05
2018-10-18,-7.936507936507937e-05
2018-10-19,-7.936507936507937e-05
2018-10-22,-7.936507936507937e-05
2018-10-23,-7.936507936507937e-05
2018-10-24,-7.936507936507937e-05
2018-10-25,-7.936507936507937e-05
2018-10-26,-7.936507936507937e-05
2018-10-29,-7.936507936507937e-05
2018-10-30,-7.936507936507937e-05
2018-10-31,0.0022596079918801
2018-11-01,0.00967569417751312
2018-11-02,-0.005303305771506794
2018-11-05,0.006005062707426556
2018-11-06,0.004789154854927947
2018-11-07,0.013360818391893512
2018-11-08,-0.0025899521942900788
2018-11-09,-0.005653173625774067
2018-11-12,-0.011379931541843103
2018-11-13,-0.0016785193275922843
2018-11-14,-0.0035776145013812015
2018-11-15,0.005736150883526421
2018-11-16,0.004950072677866216
2018-11-19,-0.008464605593156437
2018-11-20,-0.012979511695860521
2018-11-21,0.0016227504136930183
2018-11-23,-0.0046888406655430405
2018-11-26,0.00899603196302804
2018-11-27,0.0011034506036446227
2018-11-28,0.01322776796692586
2018-11-29,0.0009498624051162082
2018-11-30,0.005549475592568113
2018-12-03,0.00887431906605641
2018-12-04,-0.015573882222728189
2018-12-06,-0.0020540343217160745
2018-12-07,-0.011383066595188396
2018-12-10,0.00010965800834180476
2018-12-11,-8.369354431772802e-05
2018-12-12,0.0028116796034768922
2018-12-13,-0.0011882180616897432
2018-12-14,-0.010849488792175678
2018-12-17,-0.012571824657006193
2018-12-18,-0.0010015219841755557
2018-12-19,-0.00829458238759201
2018-12-20,-0.009084642038995552
2018-12-21,-0.011789308202633476
2018-12-24,-0.017548968648286256
2018-12-26,0.028247632423009476
2018-12-27,0.007843915683276215
2018-12-28,0.0007763732716165357
2018-12-31,0.00560215929470129
2019-01-02,0.0013463674032591017
2019-01-03,-0.00914155017739765
2019-01-04,0.017652499992561285
2019-01-07,0.003546254445275402
2019-01-08,0.0055875847478008885
2019-01-09,0.002286118307965479
2019-01-10,0.0015490904740571537
2019-01-11,0.0002007171985426735
2019-01-14,-0.004737839214486015
2019-01-15,0.004604717889077127
2019-01-16,0.0016946919053102655
2019-01-17,0.005222557316164447
2019-01-18,0.006196870587828371
2019-01-22,-0.006581602395911503
2019-01-23,0.000866053966000368
2019-01-24,0.0008537502659637656
2019-01-25,0.005377165866878586
2019-01-28,-0.0034325362903370473
2019-01-29,0.0024836774667166823
2019-01-30,0.009305660360477227
2019-01-31,0.008192016783780483
2019-02-01,-0.0013006420147597553
2019-02-04,0.0016516028669738476
2019-02-05,0.0036977686442754678
2019-02-06,-0.003050706403806776
2019-02-07,-0.002958316302326671
2019-02-08,0.0021258165389415953
2019-02-11,-0.0011062088655106775
2019-02-12,0.007849343785577875
2019-02-13,0.0004174033816848724
2019-02-14,-0.0002694515835380941
2019-02-15,0.008358747370401987
2019-02-19,0.004763792552851323
2019-02-20,0.0012660437616595758
2019-02-21,-0.0055964185603048465
2019-02-22,0.0044906820361038805
2019-02-25,-0.0006403437149151173
2019-02-26,5.419029559426808e-05
2019-02-27,-0.003405281625766358
2019-02-28,-0.003021344182182696
2019-03-01,-0.000523473157947807
2019-03-04,-0.000800733541260862
2019-03-05,-0.0005334611667025695
2019-03-06,-0.002978826262931478
2019-03-07,-0.0037181041746612953
2019-03-08,0.000990004988232303
2019-03-11,0.007374699273189948
2019-03-12,0.00419316828793744
2019-03-13,0.004750523057952054
2019-03-14,-0.004025769141861491
2019-03-15,0.004183235991148371
2019-03-18,0.0021726391520200602
2019-03-19,-0.0010323958095589088
2019-03-20,0.0010837584969125473
2019-03-21,0.006319444396489107
2019-03-22,-0.00812588940401769
2019-03-25,0.0014170760855735623
2019-03-26,0.004212044232696356
2019-03-27,-0.002523733780412133
2019-03-28,0.00011745077231880053
2019-03-29,0.004129991361403083
2019-04-01,0.003160168331704795
2019-04-02,0.00025105087009213604
2019-04-03,-0.0010036700466391144
2019-04-04,0.0032384292037288677
2019-04-05,0.0036473640408808032
2019-04-08,0.00016905749123413927
2019-04-09,-0.0020303453057851817
2019-04-10,0.0020960442160173325
2019-04-11,-0.0022946559566633428
2019-04-12,0.0030620120014484215
2019-04-15,-0.0005437506509605816
2019-04-16,-0.0024355540923875233
2019-04-17,-0.00191540318188251
2019-04-18,0.001605263936460127
2019-04-22,-0.0003237909718195195
2019-04-23,0.004244354956672761
2019-04-24,0.0005334956306779783
2019-04-25,-0.0014691841312124542
2019-04-26,0.004859224312941622
2019-04-29,-0.001354125292079606
2019-04-30,0.0033750497851728423
2019-05-01,-0.008031823178798749
2019-05-02,-0.00291257531121933
2019-05-03,0.00795536677404912
2019-05-06,-0.0033941503610793945
2019-05-07,-0.010141450822695772
2019-05-08,-0.002434178519961703
2019-05-09,-0.0017867719079514106
2019-05-10,0.0057689743889659
2019-05-13,-0.013725249309084748
2019-05-14,0.004778906100647083
2019-05-15,0.004281605470762627
2019-05-16,0.005729257271524806
2019-05-17,-0.0046594522551483076
2019-05-20,-0.004563026454441988
2019-05-21,0.005759980747930827
2019-05-22,-0.0016975666683007535
2019-05-23,-0.006015359625140443
2019-05-24,0.00098546073858213
2019-05-28,-0.007591118267348883
2019-05-29,-0.005250080447099608
2019-05-30,0.002848250500321426
2019-05-31,-0.005653084157275437
2019-06-03,0.004819865045454805
2019-06-04,0.013178557191132393
2019-06-05,0.005600959077724017
2019-06-06,0.006562291273633436
2019-06-07,0.007581968737242747
2019-06-10,-0.0005819892656003328
2019-06-11,-0.0004058427395458569
2019-06-12,0.0005461114034005452
2019-06-13,0.004791626682595808
2019-06-14,-8.075832209179817e-06
2019-06-17,-0.00028980772310783343
2019-06-18,0.006583887027982992
2019-06-19,0.002509368734102962
2019-06-20,0.010820822305930004
2019-06-21,-0.0008772192727270169
2019-06-24,0.0017286539506816204
2019-06-25,-0.0048517601371976735
2019-06-26,-0.0049955639802512644
2019-06-27,0.0030968890262163006
2019-06-28,0.004605163524962098
2019-07-01,0.0018025268447159357
2019-07-02,0.005797288998477089
2019-07-03,0.006673052336382855
2019-07-05,-0.004301430495567627
2019-07-08,-0.003621131493985382
2019-07-09,-4.2709616833680895e-05
2019-07-10,0.004182276557434256
2019-07-11,-0.0006576557138636809
2019-07-12,0.004178341147737533
2019-07-15,0.0007164858970603625
2019-07-16,-0.003419078996021971
2019-07-17,-0.0014782407996657729
2019-07-18,0.0043844590148723415
2019-07-19,-0.0061860164736738795
2019-07-22,0.0004974925575682689
2019-07-23,0.003544015894761353
2019-07-24,0.0032221516682148983
2019-07-25,-0.004656003872084237
2019-07-26,0.005119207850517157
2019-07-29,-0.00016561629347067338
2019-07-30,-0.00013704888617850088
2019-07-31,-0.00870700751384321
2019-08-01,-0.0018530562431919037
2019-08-02,-0.0041278963332791385
2019-08-05,-0.01803241273168253
2019-08-06,0.010584013319117493
2019-08-07,0.0028389168541545834
2019-08-08,0.014669004802172377
2019-08-09,-0.005331514755252722
2019-08-12,-0.00571986297176354
2019-08-13,0.008637294509321025
2019-08-14,-0.018803420923098002
2019-08-15,0.004646851638002996
2019-08-16,0.009172196366936444
2019-08-19,0.006284584842113759
2019-08-20,-0.0038702776446306784
2019-08-21,0.0046437281205381235
2019-08-22,-0.0013639004991371287
2019-08-23,-0.015378593767885543
2019-08-26,0.00727793968238691
2019-08-27,0.00027043900824191516
2019-08-28,0.005697643772325897
2019-08-29,0.007999303858039715
2019-08-30,0.000209838916214238
2019-09-03,-0.001620239306918128
2019-09-04,0.008364432391678197
2019-09-05,0.0029969831418519225
2019-09-06,0.001058435899402264
2019-09-09,-0.0016613312633963332
2019-09-10,-0.001256569687350727
2019-09-11,0.0055150761605657255
2019-09-12,0.0014001965717005205
2019-09-13,-0.0029849094414017008
2019-09-16,0.00036881413015136947
2019-09-17,0.002733897332480497
2019-09-18,0.000194499100516059
2019-09-19,0.0006891268401362029
2019-09-20,-1.80236282653932e-05
2019-09-23,0.00035415068556236574
2019-09-24,-0.0029383304965198667
2019-09-25,-4.816664698067009e-05
2019-09-26,-0.0010694507191966584
2019-09-27,-0.0031405977759647323
2019-09-30,0.0020639092428183245
2019-10-01,-0.009615477619612688
2019-10-02,-0.013658410185956418
2019-10-03,0.006606448432039697
2019-10-04,0.011147195766830742
2019-10-07,-0.005345628236419189
2019-10-08,-0.011393405424812719
2019-10-09,0.0064891559853691395
2019-10-10,0.0028526172448943106
2019-10-11,0.006080648596219175
2019-10-14,-0.0013607094103234383
2019-10-15,0.004409240220627783
2019-10-16,-0.00018537623191627173
2019-10-17,0.002526499254247292
2019-10-18,-0.0024855803619818267
2019-10-21,0.0033335379773732437
2019-10-22,0.00023310459241065106
2019-10-23,0.0033572978299853734
2019-10-24,0.0007267828953251465
2019-10-25,0.0014662173747549542
2019-10-28,-0.00022214825378782878
2019-10-29,0.0007532232550448933
2019-10-30,0.0038189694967763095
2019-10-31,-8.96434734382725e-05
2019-11-01,0.006448552628309326
2019-11-04,0.0004947106183021533
2019-11-05,-0.0035205949414210476
2019-11-06,0.0009877103124324507
2019-11-07,-0.0023293325673698073
2019-11-08,-0.00028886962511562363
2019-11-11,-0.0026091454899789474
2019-11-12,0.002183345505429545
2019-11-13,0.0019508584769774412
2019-11-14,0.0029378930410346943
2019-11-15,0.004280271450102012
2019-11-18,0.0005020049930506936
2019-11-19,-0.0008582549630918369
2019-11-20,-0.0006006358500015714
2019-11-21,-0.0016977654813572717
2019-11-22,0.001361597110037431
2019-11-25,0.0038360886444340743
2019-11-26,0.002917773109895355
2019-11-27,0.002264071417954288
2019-11-29,-0.0024002514550074713
2019-12-02,-0.006938235820229738
2019-12-03,-0.0020491419419211856
2019-12-04,0.00447436096017427
2019-12-05,0.0006567448234425645
2019-12-06,0.004625951381919398
2019-12-09,-0.0020675066381257907
2019-12-10,-0.0006956580824541154
2019-12-11,0.0036204147669890185
2019-12-12,0.004071509311714291
2019-12-13,0.0014195560578058241
2019-12-16,0.00496828626899428
2019-12-17,0.00041255794018164556
2019-12-18,-0.0002508328015954303
2019-12-19,0.0030638826488614056
2019-12-20,0.00448511516816949
2019-12-23,2.9195883822872725e-06
2019-12-24,0.0014133194723746426
2019-12-26,0.004047745237238746
2019-12-27,-0.0001154144674899619
2019-12-30,-0.0038763199642843534
2019-12-31,0.0015413154119966956
2020-01-02,0.00487838582701394
2020-01-03,-0.002969733487399144
2020-01-06,0.0030016113852471067
2020-01-07,-0.0021536491867454374
2020-01-08,0.001473548442543846
2020-01-09,0.004505076433992604
2020-01-10,-0.001413914427361676
2020-01-13,0.0041863626350549885
2020-01-14,-4.05941905379141e-05
2020-01-15,0.0039288659646305076
2020-01-16,0.00534292174485032
2020-01-17,0.002072449778132891
2020-01-21,-0.0016218704466283412
2020-01-22,-0.00015701899947109663
2020-01-23,0.0014275217228478534
2020-01-24,-0.00604938859198367
2020-01-27,-0.009819070254919052
2020-01-28,0.005232046106814661
2020-01-29,0.0006215784168675582
2020-01-30,0.0020705437655273596
2020-01-31,-0.012040996068341463
2020-02-03,0.0043652198177182595
2020-02-04,0.007134481277919294
2020-02-05,0.009385581441083837
2020-02-06,0.0021738806330420693
2020-02-07,-0.0030978041486783648
2020-02-10,0.004600734128350626
2020-02-11,0.0015834201441083514
2020-02-12,0.004281441031538398
2020-02-13,0.0009451853067983152
2020-02-14,0.0016389962352601033
2020-02-18,0.0003368953870799943
2020-02-19,0.0027562199883583234
2020-02-20,-0.00103019138635644
2020-02-21,-0.004253516225806623
2020-02-24,-0.022960763881415856
2020-02-25,-0.026427022587205282
2020-02-26,-0.005176840878372032
2020-02-27,-0.03482766329945354
2020-02-28,-0.01299227429835973
2020-03-02,0.03834936075426905
2020-03-03,-0.015647527305805854
2020-03-04,0.03522193904384112
2020-03-05,-0.022504689422614615
2020-03-06,-0.01109553234388978
2020-03-09,-0.062166153553789016
2020-03-10,0.02983809395164132
2020-03-11,-0.04408801698362008
2020-03-12,-0.08528360103303233
2020-03-13,0.0647536492985583
2020-03-16,-0.0899204558170144
2020-03-17,0.04959021121848379
2020-03-18,-0.050866195195971006
2020-03-19,0.0005295155021634803
2020-03-20,-0.030988683021628865
2020-03-23,-0.020867900083308744
2020-03-24,0.08352881979477327
2020-03-25,0.011901351930070355
2020-03-26,0.051462034352932035
2020-03-27,-0.022066418426100597
2020-03-30,0.02581434502369308
2020-03-31,-0.017202220094658167
2020-04-01,-0.02791719649272988
2020-04-02,0.021074695706618796
2020-04-03,-0.00983532009078434
2020-04-06,0.0517462253437444
2020-04-07,-0.0001069998435825301
2020-04-08,0.023937961453914493
2020-04-09,0.017954021048106176
2020-04-13,-0.007387240108378316
2020-04-14,0.020186620790361712
2020-04-15,-0.016001929963305083
2020-04-16,0.0013464171700893358
2020-04-17,0.01921490359481425
2020-04-20,-0.012216539428424709
2020-04-21,-0.01888843513433067
2020-04-22,0.017159412222116137
2020-04-23,0.003320036461863868
2020-04-24,0.00836002313514298
2020-04-27,0.008149426612979948
2020-04-28,0.0018762972825189096
2020-04-29,0.016835314966959548
2020-04-30,-0.014659280940116889
2020-05-01,-0.016122995503920358
2020-05-04,0.0026079791926635165
2020-05-05,0.004197873276402253
2020-05-06,-0.01266339283115569
2020-05-07,0.01315370160412165
2020-05-08,0.011854513298588446
2020-05-11,-0.004629873806051142
2020-05-12,-0.010785117782903308
2020-05-13,-0.010849120565258618
2020-05-14,0.010517384780087458
2020-05-15,0.0033401030621743877
2020-05-18,0.021646129150262945
2020-05-19,-0.006599584887594887
2020-05-20,0.012541765510564441
2020-05-21,-0.007191016270554024
2020-05-22,0.002804781023658921
2020-05-26,0.007224649379936175
2020-05-27,0.011461002638220452
2020-05-28,-0.00026538504556573904
2020-05-29,0.0038890804068422748
2020-06-01,0.0042358901523944364
2020-06-02,0.005096983466218896
2020-06-03,0.0060057412389411
2020-06-04,-0.0015706552344955248
2020-06-05,0.014036410815676938
2020-06-08,0.013302648560148442
2020-06-09,-0.006098697036289217
2020-06-10,-0.003507662542753988
2020-06-11,-0.040753613015362906
2020-06-12,0.007405406321606106
2020-06-15,0.006400731210235977
2020-06-16,0.010546127210303615
2020-06-17,-0.0033909949395773513
2020-06-18,0.0016431474617249193
2020-06-19,-0.0030269763640325873
2020-06-22,0.0035858573107164665
2020-06-23,0.002188433435623079
2020-06-24,-0.017855527428718373
2020-06-25,0.006264410756279604
2020-06-26,-0.014684363511263388
2020-06-29,0.01189011445504405
2020-06-30,0.008234214607635815
2020-07-01,0.002572061249696598
2020-07-02,0.004413909920325298
2020-07-06,0.008293343709873858
2020-07-07,-0.0025657513087873765
2020-07-08,0.002822444672989202
2020-07-09,-0.005123505269257314
2020-07-10,0.008922942164311274
2020-07-13,-0.002773726156893079
2020-07-14,0.011640520217395367
2020-07-15,0.006674498845785433
2020-07-16,-0.0007497638169312223
2020-07-17,0.003805873277611105
2020-07-20,0.0008427502767684946
2020-07-21,0.006724222370130814
2020-07-22,0.007295909539522514
2020-07-23,-0.0015878565721331003
2020-07-24,-0.0022267033250890442
2020-07-27,0.00564887447938054
2020-07-28,-0.0014857508588735908
2020-07-29,0.00786929384359506
2020-07-30,-0.004495248540461299
2020-07-31,0.0036984714234084403
2020-08-03,0.0011469254085686702
2020-08-04,0.009096758145129785
2020-08-05,0.003445746108424148
2020-08-06,0.005719773700677697
2020-08-07,0.0002719380769869692
2020-08-10,0.0030255515235141925
2020-08-11,-0.014318114217737097
2020-08-12,0.006803873502007915
2020-08-13,0.000555416399766309
2020-08-14,-0.0013219109053604432
2020-08-17,0.0050125030403467006
2020-08-18,0.0023922446848293403
2020-08-19,-0.008190080818588921
2020-08-20,0.0010321285788532524
2020-08-21,0.0006483861240846081
2020-08-24,0.0073221344987119815
2020-08-25,-0.0005409697115990506
2020-08-26,0.005113297106994678
2020-08-27,-0.0027228720233282554
2020-08-28,0.0071993108871702596
2020-08-31,-0.0027046050618125834
2020-09-01,0.00536117112705016
2020-09-02,0.013721286554295725
2020-09-03,-0.020712230340455953
2020-09-04,-0.0069133633774074625
2020-09-08,-0.01603546552812179
2020-09-09,0.013694135412982193
2020-09-10,-0.01195038893947065
2020-09-11,0.0029640208992082378
2020-09-14,0.009716721095535152
2020-09-15,0.0021432386281952246
2020-09-16,-0.0006495478365157414
2020-09-17,-0.005128924110039325
2020-09-18,-0.008913803659597087
2020-09-21,-0.013176648712271012
2020-09-22,0.004901855974654564
2020-09-23,-0.017839202533625274
2020-09-24,0.0033822959780277066
2020-09-25,0.009401647072833096
2020-09-28,0.011737068443912719
2020-09-29,-0.003833805754632746
2020-09-30,0.004441968713484329
2020-10-01,0.0022682251021304716
2020-10-02,-0.0019512225238374294
2020-10-05,0.010223457200976166
2020-10-06,-0.008810329745420857
2020-10-07,0.011445260110320087
2020-10-08,0.009780459836441126
2020-10-09,0.00546450798101869
2020-10-12,0.008578245302979345
2020-10-13,-0.005609151664234771
2020-10-14,-0.0028086161470479766
2020-10-15,-7.254279352718535e-05
2020-10-16,0.00037680340986632837
2020-10-19,-0.011649444803700367
2020-10-20,0.0025867927070249105
2020-10-21,-0.0022141553949513015
2020-10-22,0.005151312956254045
2020-10-23,0.003465416450120615
2020-10-26,-0.012895921526510283
2020-10-27,-0.003543764168867566
2020-10-28,-0.026549731156685137
2020-10-29,0.00548541146908234
2020-10-30,-0.0063744056238382975
2020-11-02,0.015335973263273578
2020-11-03,0.012857168001423868
2020-11-04,0.010485142408930975
2020-11-05,0.015025129306552427
2020-11-06,-0.002800032915560278
2020-11-09,0.011256507459538094
2020-11-10,0.005686146648589747
2020-11-11,0.0015922244250896733
2020-11-12,-0.006438889148469654
2020-11-13,0.012740588837375624
2020-11-16,0.01137273263402245
2020-11-17,-0.003671742631628556
2020-11-18,-0.010161137208481398
2020-11-19,0.0026707115473546083
2020-11-20,-0.002391700299067275
2020-11-23,0.004987372169832043
2020-11-24,0.01092417782238978
2020-11-25,-0.0031750068254845975
2020-11-27,0.000972060900546748
2020-11-30,-0.007123811267758432
2020-12-01,0.006954421880248498
2020-12-02,0.0010488602906403178
2020-12-03,0.001112383219624416
2020-12-04,0.004087992620572096
2020-12-07,0.0007520119619679768
2020-12-08,0.003128650376210042
2020-12-09,-0.005282680607667333
2020-12-10,-6.863243168616891e-05
2020-12-11,-0.0006617119870408736
2020-12-14,-0.006305913744369342
2020-12-15,0.010771393585882357
2020-12-16,-0.0007881064684016902
2020-12-17,0.005122022332543795
2020-12-18,-0.002529776216286177
2020-12-21,-0.005255205699845439
2020-12-22,-0.003956243618239212
2020-12-23,0.0023697503269542513
2020-12-24,0.0033921634611425973
2020-12-28,0.003941858697699156
2020-12-29,-0.0011619565403330747
2020-12-30,0.0036331070770231418
2020-12-31,0.005431743633604376
2021-01-04,-0.008449871242671315
2021-01-05,0.005375184971735979
2021-01-06,0.007185683149359987
2021-01-07,0.005155892456023671
2021-01-08,4.816652533647418e-05
2021-01-11,-0.00492006980971208
2021-01-12,0.0017965924966929824
2021-01-13,0.002176813131423876
2021-01-14,-0.0029866127383129564
2021-01-15,-0.005425203905212277
2021-01-19,0.004989942029230483
2021-01-20,0.0089284072624464
2021-01-21,-0.0041122937711766
2021-01-22,-0.002768804241255236
2021-01-25,0.004845122572299048
2021-01-26,-0.002545276159757175
2021-01-27,-0.02007454460130866
2021-01-28,0.006915756146425436
2021-01-29,-0.015108261938093866
2021-02-01,0.01006627652692785
2021-02-02,0.008186207408968414
2021-02-03,4.950691866124001e-05
2021-02-04,0.004296529786072994
2021-02-05,0.0052726734909208425
2021-02-08,0.00616651632387944
2021-02-09,-0.0005183988267131985
2021-02-10,0.0015884221147220595
2021-02-11,-0.002636412868323661
2021-02-12,0.001466442694747
2021-02-16,-0.00415470054393488
2021-02-17,0.0011040237724523057
2021-02-18,-0.0032392942664745536
2021-02-19,-0.0029168318673858285
2021-02-22,-0.00313755637721903
2021-02-23,0.0012741931190687417
2021-02-24,0.005018272196484482
2021-02-25,-0.019233430709730336
2021-02-26,-0.005323841190936271
2021-03-01,0.015371424301896327
2021-03-02,-0.0032346291913402467
2021-03-03,-0.009991125760373474
2021-03-04,-0.009735342410285102
2021-03-05,0.015663056940700124
2021-03-08,-0.0004356280889304052
2021-03-09,0.011062745074431985
2021-03-10,0.007916975896858245
2021-03-11,0.003577858384499184
2021-03-12,0.0011713879037998066
2021-03-15,0.005944300769384519
2021-03-16,-0.0030978043436342547
2021-03-17,0.001070581614929799
2021-03-18,-0.00992466177568493
2021-03-19,0.0014583885035726594
2021-03-22,0.004654419219768753
2021-03-23,-0.004657607246598657
2021-03-24,-0.0016629823186685507
2021-03-25,0.004928025930629952
2021-03-26,0.010478228272211657
2021-03-29,-0.0008486060209294237
2021-03-30,-0.003517503644331189
2021-03-31,0.0014016919971418591
2021-04-01,0.007936850402807862
2021-04-05,0.008590039611690184
2021-04-06,0.001837569310630892
2021-04-07,-0.0021598169136069303
2021-04-08,0.003002537355989195
2021-04-09,0.0027644362325414816
2021-04-12,0.000503230624417128
2021-04-13,0.002400586464042099
2021-04-14,-0.0003892903947221841
2021-04-15,0.010376641203311731
2021-04-16,0.003545996212521477
2021-04-19,-0.004163824880971904
2021-04-20,-0.003042764273791058
2021-04-21,0.007979725334034196
2021-04-22,-0.0072493316118333205
2021-04-23,0.006031962396600596
2021-04-26,-0.00068293735944402
2021-04-27,-0.0015812291165042567
2021-04-28,0.0017947046945460112
2021-04-29,0.005767156305033185
2021-04-30,-0.004487923747162679
2021-05-03,0.006236446100901618
2021-05-04,-0.0015270390098303878
2021-05-05,0.0016149449236704488
2021-05-06,0.00824440821144345
2021-05-07,0.005915970098465872
2021-05-10,-0.0031519849948931505
2021-05-11,-0.008663573500070286
2021-05-12,-0.016812678724452478
2021-05-13,0.0102526679471444
2021-05-14,0.011816246602883614
2021-05-17,5.6372372069185664e-05
2021-05-18,-0.006434605418372001
2021-05-19,-0.0044350414580225025
2021-05-20,0.007580391520795745
2021-05-21,0.0013007232973083782
2021-05-24,0.0058397971494232115
2021-05-25,-0.0021525048610022985
2021-05-26,0.0007175156354506114
2021-05-27,0.0009140042002098707
2021-05-28,0.0013325827693243756
2021-06-01,-5.7781583966088425e-05
2021-06-02,0.0011769002472295366
2021-06-03,-0.0023379384870696844
2021-06-04,0.00654192394900881
2021-06-07,-0.0014384971508436609
2021-06-08,-0.001004424069160334
2021-06-09,-0.0009137641079828365
2021-06-10,0.003584149456018563
2021-06-11,-0.0002451995834315361
2021-06-14,-0.0023028094846920797
2021-06-15,-0.0004737736038779783
2021-06-16,-0.008118419923764424
2021-06-17,-0.005197429362939082
2021-06-18,-0.011944088821789208
2021-06-21,0.012469799832967818
2021-06-22,0.002256058331116603
2021-06-23,-0.002665242393424845
2021-06-24,0.004672235774025057
2021-06-25,0.003447024105923846
2021-06-28,0.0007636470343066749
2021-06-29,-0.0033083484654963637
2021-06-30,0.0029225243348052574
2021-07-01,0.005268772238089575
2021-07-02,0.004855391713729413
2021-07-06,-0.0028585074087373345
2021-07-07,0.004280091696051672
2021-07-08,-0.006571681464479749
2021-07-09,0.0076954613568533635
2021-07-12,0.002142619321945439
2021-07-13,-0.005002595530650506
2021-07-14,0.0022155273846633794
2021-07-15,0.0003488423775341997
2021-07-16,-0.00599245045570236
2021-07-19,-0.010410927588473699
2021-07-20,0.009546425237816378
2021-07-21,0.0036293694351971183
2021-07-22,0.0014430595546047805
2021-07-23,0.006834735260476169
2021-07-26,0.0018611006326048956
2021-07-27,0.00018200694007595173
2021-07-28,-0.0002787293542648558
2021-07-29,0.004433327515970014
2021-07-30,-0.0037751339553236535
2021-08-02,-0.0008855077276011203
2021-08-03,0.006565377505438874
2021-08-04,-0.005936669602462851
2021-08-05,0.0035884807781286303
2021-08-06,-0.0015047030540535039
2021-08-09,-0.002496433383026489
2021-08-10,0.003526281350016562
2021-08-11,0.004760238297707441
2021-08-12,0.0010688822198970005
2021-08-13,0.004008599229750497
2021-08-16,0.002106955454474621
2021-08-17,-0.004637169734207575
2021-08-18,-0.00798484209270134
2021-08-19,-0.00052501731001457
2021-08-20,0.005415608823734218
2021-08-23,0.005904311985245059
2021-08-24,4.2823387860811604e-05
2021-08-25,0.0005475654373712828
2021-08-26,-0.004575321978892068
2021-08-27,0.00842978721336055
2021-08-30,0.001231139261722739
2021-08-31,-0.0012935074558455897
2021-09-01,0.0009144204980914597
2021-09-02,0.00427071336289081
2021-09-03,-0.0019603580119002474
2021-09-07,-0.007456272044087699
2021-09-08,0.0008306172302869234
2021-09-09,-0.002112745173291284
2021-09-10,-0.006806956858414002
2021-09-13,0.0026423484509542653
2021-09-14,-0.0036722388928401733
2021-09-15,0.005659887869657735
2021-09-16,-0.005285688015777714
2021-09-17,-0.008128200436719345
2021-09-20,-0.011297243850233054
2021-09-21,-0.0006066089979453675
2021-09-22,0.006573471150982787
2021-09-23,0.005956120099003038
2021-09-24,0.00030067499964351143
2021-09-27,-0.0009210570143395444
2021-09-28,-0.01584264218853305
2021-09-29,0.0024679925965114024
2021-09-30,-0.009280419293332703
2021-10-01,0.009172247270929123
2021-10-04,-0.005780855699050395
2021-10-05,0.005526847860828359
2021-10-06,0.003852531373652007
2021-10-07,0.004658492995338593
2021-10-08,-0.0020094834266673957
2021-10-11,-0.006059663611025744
2021-10-12,0.001025136190372632
2021-10-13,0.005458947114736113
2021-10-14,0.013244017026218285
2021-10-15,0.0017735993409982017
2021-10-18,0.0002559308894933254
2021-10-19,0.004939905690983056
2021-10-20,0.005520479561366335
2021-10-21,0.0007742433539599502
2021-10-22,0.0021464883801497296
2021-10-25,0.004168462364896462
2021-10-26,0.000842878410915229
2021-10-27,-0.004680078001496528
2021-10-28,0.0064811995670682266
2021-10-29,-0.00020684108067612952
2021-11-01,0.0027626904544658234
2021-11-02,0.0027617786963331646
2021-11-03,0.0024849455813723362
2021-11-04,0.0030304381987903946
2021-11-05,0.00636982297560395
2021-11-08,-0.0007443952007155756
2021-11-09,0.00027352727890231864
2021-11-10,-0.004080132231509263
2021-11-11,-5.581455861044927e-05
2021-11-12,0.0039959620041293996
2021-11-15,5.6805164090473084e-05
2021-11-16,-0.0003848587631985189
2021-11-17,-0.00096316779769106
2021-11-18,-0.0008072357291654897
2021-11-19,-0.002460618998992855
2021-11-22,-0.0023804090565405704
2021-11-23,0.0002589954756098981
2021-11-24,0.0013954136813854614
2021-11-26,-0.014362606195322447
2021-11-29,0.006056888867993084
2021-11-30,-0.018372975738767446
2021-12-01,-0.007457265566593857
2021-12-02,0.013200389959662455
2021-12-03,-0.000595644229419003
2021-12-06,0.00992377581375493
2021-12-07,0.011586615940753827
2021-12-08,0.0002448653861355924
2021-12-09,-0.003790280495055554
2021-12-10,0.00629279409188023
2021-12-13,-0.0020971501572630683
2021-12-14,-0.004580129221734818
2021-12-15,0.008987130805180987
2021-12-16,0.0011082676758324907
2021-12-17,-0.00975412121853709
2021-12-20,-0.00914094097359932
2021-12-21,0.010750349855416086
2021-12-22,0.007612012951712133
2021-12-23,0.004615488915389188
2021-12-27,0.01014829658701921
2021-12-28,0.0008595172982334259
2021-12-29,0.0005304224741443747
2021-12-30,-2.3040787712009765e-05
2021-12-31,0.0005737971411504885
2022-01-03,-0.0023510976656722416
2022-01-04,0.004607551148279786
2022-01-05,-0.009040475988124368
2022-01-06,-0.002397886367780884
2022-01-07,-0.00010982971962025139
2022-01-10,-0.0029684929349494665
2022-01-11,0.00795696522864104
2022-01-12,0.0020438217800333525
2022-01-13,-0.005547196355879764
2022-01-14,-0.002388362614238719
2022-01-18,-0.01270516329844729
2022-01-19,-0.001904156638930793
2022-01-20,-0.007177075370682333
2022-01-21,-0.01179516308850077
2022-01-24,0.0010576860743949017
2022-01-25,-0.006607525776838777
2022-01-26,-0.007675561128791955
2022-01-27,-0.0006550651518293886
2022-01-28,0.012350269644170454
2022-01-31,0.011269429168486179
2022-02-01,0.005108585048510701
2022-02-02,0.007990319105327947
2022-02-03,-0.014190823925571623
2022-02-04,-0.00202426076906216
2022-02-07,-0.000545044609614447
2022-02-08,0.004634416156566486
2022-02-09,0.009781575156693983
2022-02-10,-0.013567641064931536
2022-02-11,-0.005532194209422467
2022-02-14,-0.00549753807089473
2022-02-15,0.005901961563607825
2022-02-16,0.0033580671620955975
2022-02-17,-0.008744110286901436
2022-02-18,-0.002738414674468741
2022-02-22,-0.007020561574584391
2022-02-23,-0.011713343266614802
2022-02-24,0.003340954110727658
2022-02-25,0.021476238326096395
2022-02-28,0.0021131663682957902
2022-03-01,-0.006218110297079476
2022-03-02,0.008438607315543085
2022-03-03,0.0023925437297635074
2022-03-04,0.0036512544098880875
2022-03-07,-0.014625902982004942
2022-03-08,-0.0043813917179029134
2022-03-09,0.007291303450178995
2022-03-10,-0.0011809418530488256
2022-03-11,-0.008325055472521947
2022-03-14,-0.006627204946851377
2022-03-15,0.00861381900862286
2022-03-16,0.012295000618670336
2022-03-17,0.010042502410206383
2022-03-18,0.0039393610467651505
2022-03-21,0.0013946760151392727
2022-03-22,0.0034587043979619177
2022-03-23,-0.002349477988062324
2022-03-24,0.008798818225405953
2022-03-25,0.004477359797531526
2022-03-28,0.00033605027797868885
2022-03-29,0.007725093149534037
2022-03-30,0.0006885759477486418
2022-03-31,-0.00926246614423395
2022-04-01,0.003797298062080297
2022-04-04,0.001382043998503312
2022-04-05,-0.008441829393305761
2022-04-06,-0.001071727805267517
2022-04-07,0.004099669752508015
2022-04-08,0.0017807222509643636
2022-04-11,-0.010968887234572096
2022-04-12,-0.000502852738925528
2022-04-13,0.007653740645430697
2022-04-14,-0.006884935382900187
2022-04-18,-0.0017069942573643047
2022-04-19,0.007873958202438152
2022-04-20,0.004621512306075613
2022-04-21,-0.012619350240417503
2022-04-22,-0.022168738769145255
2022-04-25,-0.0005740527736773119
2022-04-26,-0.015483983118328078
2022-04-27,-0.0005744798010052604
2022-04-28,0.015773895135231975
2022-04-29,-0.025499636331807716
2022-05-02,-0.0026559993890995664
2022-05-03,0.005446985444393944
2022-05-04,0.024355213310232125
2022-05-05,-0.02418188911535445
2022-05-06,-0.003553310775523383
2022-05-09,-0.021724550434713965
2022-05-10,-0.002110995840300724
2022-05-11,-0.0033318652986605154
2022-05-12,-0.001793111439546375
2022-05-13,0.012689947758519093
2022-05-16,0.0010843149905326215
2022-05-17,0.01115228457665788
2022-05-18,-0.026782875638267603
2022-05-19,-0.002021410317824788
2022-05-20,0.001075697175866416
2022-05-23,0.012957304766876909
2022-05-24,0.002066717811083796
2022-05-25,0.005256902855568467
2022-05-26,0.012442591139451968
2022-05-27,0.01606416911160301
2022-05-31,-0.010219204356250337
2022-06-01,-0.005284631535987451
2022-06-02,0.013674326385061298
2022-06-03,-0.009804779434261049
2022-06-06,0.0002837720425430377
2022-06-07,0.00928887557579768
2022-06-08,-0.01092195028831997
2022-06-09,-0.017701575482135645
2022-06-10,-0.016647362563504155
2022-06-13,-0.035496114988841
2022-06-14,-0.00851648526109666
2022-06-15,0.009647351847616783
2022-06-16,-0.020328523273433697
2022-06-17,-0.003501481185192652
2022-06-21,0.015659448916230282
2022-06-22,0.0014061608717836935
2022-06-23,0.005076800688924642
2022-06-24,0.02018348891346643
2022-06-27,-0.001015579029820371
2022-06-28,-0.009837571292270602
2022-06-29,-0.00037573497021904895
2022-06-30,-0.0038600160009171647
2022-07-01,0.010406320372301592
2022-07-05,-0.008885885879632306
2022-07-06,-0.00210520497098122
2022-07-07,0.007530947434583333
2022-07-08,-0.0029443529236656686
2022-07-11,-0.004771987198214961
2022-07-12,-0.004950747767809818
2022-07-13,-0.0016782012340663304
2022-07-14,-0.007940714963530292
2022-07-15,0.012304464373012568
2022-07-18,-0.005422074440009724
2022-07-19,0.017624414958141144
2022-07-20,0.00016190527812807282
2022-07-21,0.009144390505617333
2022-07-22,-0.0012346222479514613
2022-07-25,0.002719096265136639
2022-07-26,-0.005623151741950613
2022-07-27,0.013691928277963249
2022-07-28,0.01326184108423939
2022-07-29,0.008815496060909063
2022-08-01,0.0016898697009823235
2022-08-02,-0.00796750093993627
2022-08-03,0.008822725334780122
2022-08-04,0.0005916678979854736
2022-08-05,-0.004648867229936894
2022-08-08,0.003916710013183426
2022-08-09,-0.0006869681642579677
2022-08-10,0.011826183996933292
2022-08-11,-0.0007635583256366461
2022-08-12,0.013668815192119542
2022-08-15,0.00011096306174059701
2022-08-16,0.0029494884246658998
2022-08-17,-0.006954851175415061
2022-08-18,0.0021304220630294374
2022-08-19,-0.010118772658011149
2022-08-22,-0.01433380583760119
2022-08-23,1.903507823237862e-05
2022-08-24,0.0023711844116920734
2022-08-25,0.011270523090141557
2022-08-26,-0.022091119219811176
2022-08-29,-0.003554300475541543
2022-08-30,-0.010403254440575296
2022-08-31,-0.00770432250523914
2022-09-01,-0.0004711007832703263
2022-09-02,-0.0053678080503431706
2022-09-06,-0.0056093315567100205
2022-09-07,0.017644030070612403
2022-09-08,0.002575033680982204
2022-09-09,0.011323166525960106
2022-09-12,0.006515271965212888
2022-09-13,-0.03064040241096102
2022-09-14,0.0014762618913945341
2022-09-15,-0.010112390697742203
2022-09-16,-0.006421951546518518
2022-09-19,0.006592207850724386
2022-09-20,-0.011052922777868507
2022-09-21,-0.009938645758922716
2022-09-22,-0.008258530894846869
2022-09-23,-0.016465614259585173
2022-09-26,-0.012436801908678156
2022-09-27,-0.006160592449179209
2022-09-28,0.02208089175771203
2022-09-29,-0.015437315246476945
2022-09-30,-0.011923396442289859
2022-10-03,0.02495810258574389
2022-10-04,0.024541652582305198
2022-10-05,-0.0053641137856008944
2022-10-06,-0.009810591365558077
2022-10-07,-0.020224142473099695
2022-10-10,-0.006063711668489345
2022-10-11,-0.003438496695047771
2022-10-12,-0.0027429442600770608
2022-10-13,0.01829164405949263
2022-10-14,-0.01918388200475202
2022-10-17,0.017024309045094936
2022-10-18,0.011142922789424078
2022-10-19,-0.00861955456510621
2022-10-20,-0.010800112681263713
2022-10-21,0.019021748372956903
2022-10-24,0.007145229200108424
2022-10-25,0.015175612029337588
2022-10-26,0.001698440471387056
2022-10-27,-0.0014063728585333572
2022-10-28,0.01396573176611561
2022-10-31,-0.006649676777410788
2022-11-01,0.001460808775963148
2022-11-02,-0.017929371962002873
2022-11-03,-0.0038383552635567588
2022-11-04,0.01289799046634626
2022-11-07,0.003914830534538029
2022-11-08,0.008475855823323225
2022-11-09,-0.014139376380160528
2022-11-10,0.04307834418161632
2022-11-11,0.0056978285932662584
2022-11-14,-0.005257323429288175
2022-11-15,0.007458564028597668
2022-11-16,-0.002388362061201762
2022-11-17,-0.005852404906402954
2022-11-18,0.003560553838210244
2022-11-21,-0.001189727776698467
2022-11-22,0.011501414449957784
2022-11-23,0.006757750740559175
2022-11-25,0.00045806981742636625
2022-11-28,-0.011573718033628768
2022-11-29,-0.000577140919495762
2022-11-30,0.021526876791738175
2022-12-01,0.004976543196432175
2022-12-02,0.0014240857172776876
2022-12-05,-0.016863857360730924
2022-12-06,-0.007538316959053708
2022-12-07,0.002625966708317519
2022-12-08,0.004102529539274166
2022-12-09,-0.008307066338423895
2022-12-12,0.009892244433573658
2022-12-13,0.00782388516169592
2022-12-14,-0.004064510148366548
2022-12-15,-0.018464069028149076
2022-12-16,-0.007432846176034412
2022-12-19,-0.007740217596869758
2022-12-20,0.0017841936640978161
2022-12-21,0.010955711968105694
2022-12-22,-0.009989301827248097
2022-12-23,0.004749047567961772
2022-12-27,-0.0014402622746142115
2022-12-28,-0.010267907353658632
2022-12-29,0.01242291617261836
2022-12-30,-0.0031264537050688123
2023-01-03,0.00030105629054565287
2023-01-04,0.00937980728865445
2023-01-05,-0.008288175583538058
2023-01-06,0.02152733771493264
2023-01-09,-0.0009243954671946756
2023-01-10,0.0037197169409026298
2023-01-11,0.00873931136442225
2023-01-12,0.004868270661824178
2023-01-13,0.0032457836746594085
2023-01-17,-0.004192358236337776
2023-01-18,-0.012016873161709778
2023-01-19,-0.00417482069005378
2023-01-20,0.009397529170303249
2023-01-23,0.006075717004550039
2023-01-24,0.00205991660563001
2023-01-25,0.0007647720914160686
2023-01-26,0.0047185826906465935
2023-01-27,-0.0004984595097627787
2023-01-30,-0.008213538646332418
2023-01-31,0.012057412826737274
2023-02-01,0.006962273581497013
2023-02-02,0.0029645498249744025
2023-02-03,-0.012235413308788233
2023-02-06,-0.0030300467307460104
2023-02-07,0.006534302472350941
2023-02-08,-0.007471272500037095
2023-02-09,-0.009611892162701955
2023-02-10,0.005227941958397001
2023-02-13,0.007667391232592652
2023-02-14,-0.001896060346965228
2023-02-15,-0.00021842383175933863
2023-02-16,-0.010446168652533817
2023-02-17,0.001430194513801569
2023-02-21,-0.01572701730031323
2023-02-22,-0.0007131040249827866
2023-02-23,0.002403558569672189
2023-02-24,-0.006994495809546864
2023-02-27,0.0018927613388021935
2023-02-28,-0.0032216328319603395
2023-03-01,-0.0026732288442881096
2023-03-02,0.006184584418250967
2023-03-03,0.014040521182826676
2023-03-06,-0.0020356955539076707
2023-03-07,-0.01427767825841468
2023-03-08,0.00026964326538760796
2023-03-09,-0.013508173696786387
2023-03-10,-0.006301599978512995
2023-03-13,-0.0003499768536598246
2023-03-14,0.009773452341982791
2023-03-15,-0.005812288269287126
2023-03-16,0.009841779441675958
2023-03-17,-0.007203970503902893
2023-03-20,0.008916093679743836
2023-03-21,0.005852918323011147
2023-03-22,-0.011370009429266576
2023-03-23,-0.00036887420121882366
2023-03-24,0.006835983908687141
2023-03-27,0.0016067061216511382
2023-03-28,0.0015578031913662752
2023-03-29,0.009268751086760837
2023-03-30,0.004802705875594193
2023-03-31,0.011054058104029211
2023-04-03,0.0053372015352299434
2023-04-04,-0.002824538606414115
2023-04-05,0.002540465120937408
2023-04-06,0.0008295670956185928
2023-04-10,-0.0004377997386635868
2023-04-11,0.0031064493787733584
2023-04-12,-0.002109631257675244
2023-04-13,0.009093425815233003
2023-04-14,-0.005398023967383694
2023-04-17,0.0013226962826302243
2023-04-18,0.0008817544656153285
2023-04-19,-0.0007419844111224451
2023-04-20,-0.0023453065503098096
2023-04-21,-0.00039771391328266776
2023-04-24,0.0036335216383053476
2023-04-25,-0.00940231536335843
2023-04-26,-0.01009775938639763
2023-04-27,0.013206239511947456
2023-04-28,0.007830698733974396
2023-05-01,-0.0029935042794974917
2023-05-02,-0.005595630608702491
2023-05-03,-0.004626681771960106
2023-05-04,-0.005751348432837645
2023-05-05,0.010776560407819977
2023-05-08,-0.0016225738083475811
2023-05-09,-0.002684756332464306
2023-05-10,0.0019308278740672968
2023-05-11,-0.0023981155037320814
2023-05-12,-0.0007747027555566593
2023-05-15,0.0006787635299864116
2023-05-16,-0.010225428424286217
2023-05-17,0.006843891165634869
2023-05-18,0.0026158212514784335
2023-05-19,1.954315331850786e-05
2023-05-22,-0.002264446043672443
2023-05-23,-0.007190804307358115
2023-05-24,-0.00720857165282623
2023-05-25,-0.003026617967533085
2023-05-26,0.007421627078629389
2023-05-30,-0.001335719697728113
2023-05-31,-0.0023089365369302318
2023-06-01,0.006957158985301261
2023-06-02,0.012322316113323841
2023-06-05,-0.0007534611699147328
2023-06-06,0.0020385976724099693
2023-06-07,-0.0002019693337424951
2023-06-08,0.005881730501937331
2023-06-09,-0.0011668275695185808
2023-06-12,0.004362894622588188
2023-06-13,0.0044708403501924196
2023-06-14,-0.00032442105655672884
2023-06-15,0.011269686165834741
2023-06-16,-0.001345892506634268
2023-06-20,-0.006255661819111356
2023-06-21,-0.00039162997523526494
2023-06-22,-0.0009192887284018512
2023-06-23,-0.005279354730767411
2023-06-26,0.0007221053347997151
2023-06-27,0.006369371129053805
2023-06-28,-0.0019873051195035585
2023-06-29,0.002387306554171982
2023-06-30,0.009744573478976757
2023-07-03,0.0021596453642322476
2023-07-05,-0.003091956306225947
2023-07-06,-0.008615646541598165
2023-07-07,-0.0018396638745048675
2023-07-10,0.0026494716824618366
2023-07-11,0.007685939324639254
2023-07-12,0.007471194352372235
2023-07-13,0.00497867067800636
2023-07-14,-0.002245283714289098
2023-07-17,5.4046440884180107e-05
2023-07-18,0.005381419669926638
2023-07-19,0.004084686803893532
2023-07-20,-0.00012509626384127304
2023-07-21,0.001694033755207078
2023-07-24,0.001988237573823051
2023-07-25,0.0022060355682578946
2023-07-26,0.0014958566513067276
2023-07-27,-0.009608566039255176
2023-07-28,0.007323934516483531
2023-07-31,0.0013754152247734204
2023-08-01,-0.005743532971340278
2023-08-02,-0.008407993609037843
2023-08-03,-0.005415723253549359
2023-08-04,-0.001882318069131461
2023-08-07,0.00602240977539328
2023-08-08,-0.0023851661669749766
2023-08-09,-0.0026210848557953696
2023-08-10,-0.0017386267347033724
2023-08-11,0.0008825782229101572
2023-08-14,0.00014237192661369408
2023-08-15,-0.011055172275819205
2023-08-16,-0.0059836947667670235
2023-08-17,-0.006156987634035137
2023-08-18,0.001271555961065421
2023-08-21,3.0397715806314545e-06
2023-08-22,-0.0015661274689199901
2023-08-23,0.0090403394078444
2023-08-24,-0.0094064758468468
2023-08-25,0.00552612786663109
2023-08-28,0.004908124515289822
2023-08-29,0.010982430612460336
2023-08-30,0.0015116926060553967
2023-08-31,-0.002754804666145308
2023-09-01,0.0002606185488768452
2023-09-05,-0.008523146402355892
2023-09-06,-0.0029661533469351503
2023-09-07,0.00019470488747173507
2023-09-08,0.0018188436120112686
2023-09-11,0.004727433111740549
2023-09-12,-0.0022178051904698016
2023-09-13,0.0003542105436002614
2023-09-14,0.0076747467172589645
2023-09-15,-0.007816198497932718
2023-09-18,0.0009918499666012309
2023-09-19,-0.00274310989552864
2023-09-20,-0.004513015827531452
2023-09-21,-0.014872683360903404
2023-09-22,-0.0016737599902860545
2023-09-25,0.0003545301327952308
2023-09-26,-0.012424692877025547
2023-09-27,-0.0027906003123092235
2023-09-28,0.002588003151225002
2023-09-29,-0.004759061779334261
2023-10-02,-0.009638670710674495
2023-10-03,-0.008715409698800315
2023-10-04,0.004874592900715871
2023-10-05,-0.004560000572705979
2023-10-06,0.007198400903014759
2023-10-09,0.00970525457256412
2023-10-10,0.0056473964747588085
2023-10-11,0.0038281742279468447
2023-10-12,-0.009655967137146651
2023-10-13,0.00529329189709838
2023-10-16,0.006810948421258989
2023-10-17,0.00167301425992786
2023-10-18,-0.00866256005801648
2023-10-19,-0.00786070618487034
2023-10-20,-0.00798368099162696
2023-10-23,-0.003399036387743365
2023-10-24,0.00746468451704498
2023-10-25,-0.008867826696154872
2023-10-26,-0.004172754753680027
2023-10-27,-0.007031835662002605
2023-10-30,0.008402980786239387
2023-10-31,0.0041839548572410006
2023-11-01,0.005747756343327065
2023-11-02,0.01761256450400103
2023-11-03,0.0072483658481227444
2023-11-06,-0.0019865431458705577
2023-11-07,-0.0012717140165070325
2023-11-08,-0.0014258443970859487
2023-11-09,-0.007922644139559098
2023-11-10,0.008965716941061682
2023-11-13,0.0006446225607640057
2023-11-14,0.018115287713119824
2023-11-15,0.0009848475805274834
2023-11-16,0.0008950832222027523
2023-11-17,0.002782157211245944
2023-11-20,0.0035930687327361066
2023-11-21,0.001369647463931214
2023-11-22,0.0030085438500974115
2023-11-24,0.00180613541583881
2023-11-27,-0.0007504856367929749
2023-11-28,0.002159158162753188
2023-11-29,-8.998901108879347e-05
2023-11-30,0.004452859001402711
2023-12-01,0.009172918730259244
2023-12-04,-0.005561832508471902
2023-12-05,-0.003760246442253054
2023-12-06,-0.00011825187235130049
2023-12-07,0.003588663524917467
2023-12-08,0.00035462471138374407
2023-12-11,0.0032460255835132516
2023-12-12,0.0023788300037764585
2023-12-13,0.01686285845341811
2023-12-14,0.005333047335693386
2023-12-15,-0.003924694781022345
2023-12-18,0.003582049632065257
2023-12-19,0.006760759702989123
2023-12-20,-0.013219028863779929
2023-12-21,0.008108805132831179
2023-12-22,0.0027192201917443657
2023-12-26,0.004813906673349274
2023-12-27,0.0030414598775850843
2023-12-28,-0.0013203088802830475
2023-12-29,-0.0024595275096956845
2024-01-02,0.00048726726723424905
2024-01-03,-0.005905826861179349
2024-01-04,-0.0027784006928437436
2024-01-05,0.00030454003307012174
2024-01-08,0.007030377628631961
2024-01-09,-0.003702597955777513
2024-01-10,0.001459665472744327
2024-01-11,-0.0016474827973879647
2024-01-12,0.0016840224128141378
2024-01-16,-0.008410911192567335
2024-01-17,-0.005840164858674697
2024-01-18,0.0037824201546122114
2024-01-19,0.0058726327695446
2024-01-22,0.0013723608690742574
2024-01-23,0.0024315019263784947
2024-01-24,-0.004264533350722486
2024-01-25,0.007068887891061099
2024-01-26,0.0014295310465307397
2024-01-29,0.006657419697599645
2024-01-30,0.002523616579840483
2024-01-31,-0.01006520350886192
2024-02-01,0.013177878686875331
2024-02-02,0.002067669829875023
2024-02-05,-0.008904254516626936
2024-02-06,0.0052506870481827264
2024-02-07,0.004166998166250416
2024-02-08,-0.00021351829917775868
2024-02-09,-0.00011043906130096229
2024-02-12,0.0029689594156450767
2024-02-13,-0.013568296366937677
2024-02-14,0.007191825471262542
2024-02-15,0.010452924045551565
2024-02-16,-0.002603096440777068
2024-02-20,-0.0016128288640033677
2024-02-21,0.0031952392148278316
2024-02-22,0.009642780470913588
2024-02-23,0.0029990230329826227
2024-02-26,-0.004608796365007865
2024-02-27,0.001801375619885723
2024-02-28,0.0004538286443682918
2024-02-29,0.0028398634182295337
2024-03-01,0.006487172776628083
2024-03-04,0.0007956477689645577
2024-03-05,-0.003217726419965191
2024-03-06,0.005555694524421376
2024-03-07,0.006856292463600216
2024-03-08,-0.0018736518165979143
2024-03-11,0.001586434091532927
2024-03-12,0.002126880036532588
2024-03-13,0.002580036206153912
2024-03-14,-0.0048429058769304005
2024-03-15,-0.003149751037286868
2024-03-18,0.004267578388504463
2024-03-19,0.004735465989333563
2024-03-20,0.007010371749882559
2024-03-21,0.003103137873604969
2024-03-22,-0.0034063390216715035
2024-03-25,-0.0015846542947002204
2024-03-26,-0.0007114052548047907
2024-03-27,0.01173140373974009
2024-03-28,0.0027137694570945952
2024-04-01,-0.003347370314197615
2024-04-02,-0.003453887810417519
2024-04-03,0.0014575524654650272
2024-04-04,-0.00814146623723949
2024-04-05,0.007671347177919584
2024-04-08,0.0010025863963323244
2024-04-09,0.0024769591321798204
2024-04-10,-0.011249607836849645
2024-04-11,0.0025164135007744704
2024-04-12,-0.012544812264748148
2024-04-15,-0.006137901588405132
2024-04-16,-0.003851237975551055
2024-04-17,-0.00020174316662399815
2024-04-18,-0.0003179204415104188
2024-04-19,0.001979577272050548
2024-04-22,0.0028830041940915247
2024-04-23,0.006400943214491276
2024-04-24,0.0003984028000067631
2024-04-25,-0.0028352983581616457
2024-04-26,0.0030183982685191187
2024-04-29,0.00465396789442647
2024-04-30,-0.013624124233026875
2024-05-01,-2.4037396316681052e-05
2024-05-02,0.004440844006484867
2024-05-03,0.006331207862674399
2024-05-06,0.007509094477200211
2024-05-07,0.003935010646818913
2024-05-08,-0.0010859634605797303
2024-05-09,0.009002577289917355
2024-05-10,0.001058385493923618
2024-05-13,-0.0022147840442802323
2024-05-14,0.0032378091165057017
2024-05-15,0.008307987642940032
2024-05-16,-0.0011750043615185004
2024-05-17,0.0036037649688219157
2024-05-20,-0.0023431699434478103
2024-05-21,0.0021552682114192047
2024-05-22,-0.005776028401254278
2024-05-23,-0.012193724307270238
2024-05-24,0.0047244796388507876
2024-05-28,-0.004320593867816466
2024-05-29,-0.010206933877860723
2024-05-30,0.003068173280800973
2024-05-31,0.011243136768863595
2024-06-03,-0.0019671470461104634
2024-06-04,-0.0003368530091223509
2024-06-05,0.005642762817482099
2024-06-06,0.0004774246496192676
2024-06-07,-0.006727879502253996
2024-06-10,0.0021900230195765727
2024-06-11,-0.0006401405260386686
2024-06-12,0.0009715057056538158
2024-06-13,-0.0005853953264408192
2024-06-14,-0.0011993786829709169
2024-06-17,0.0040792888061538775
2024-06-18,0.0020293021901802
2024-06-20,0.0026547434541199823
2024-06-21,-0.001216459431830939
2024-06-24,0.0055405951588765314
2024-06-25,-0.002923176860054694
2024-06-26,-0.0034926508970352767
2024-06-27,0.0013152800582134617
2024-06-28,-0.003974471543309685
2024-07-01,-0.00504219073475025
2024-07-02,0.00542327578721161
2024-07-03,0.0036520586287994076
2024-07-05,0.0046818833277269736
2024-07-08,-0.0014627317568447697
2024-07-09,-0.0007554306765958475
2024-07-10,0.0073884275683167
2024-07-11,0.00422423558956708
2024-07-12,0.005104684735041799
2024-07-15,-0.0004918045095554187
2024-07-16,0.01247952780882155
2024-07-17,-0.003001688203790349
2024-07-18,-0.007593263515480202
2024-07-19,-0.006552455073099232
2024-07-22,0.004830803285111542
2024-07-23,-0.0023413273631966085
2024-07-24,-0.01139344382761039
2024-07-25,-0.0008526288685907345
2024-07-26,0.011443453963633124
2024-07-29,0.001545594668699162
2024-07-30,0.001222369257357316
2024-07-31,0.008415350244585276
2024-08-01,-0.004319098991599129
2024-08-02,-0.00986849922552181
2024-08-05,-0.02173667708673747
2024-08-06,0.005463494285544572
2024-08-07,-0.0050163096421176
2024-08-08,0.015589263756141168
2024-08-09,0.0036054250210510092
2024-08-12,-0.000979437238075202
2024-08-13,0.009050645894917596
2024-08-14,0.0020772854227286476
2024-08-15,0.010056943385642683
2024-08-16,0.00360278843264552
2024-08-19,0.006376881474029496
2024-08-20,-0.0013230053284332445
2024-08-21,0.004439443532825677
2024-08-22,-0.004432784714083351
2024-08-23,0.008917270039802846
2024-08-26,0.0014428165290142504
2024-08-27,-0.00038430013404656765
2024-08-28,-0.0035611071594073515
2024-08-29,0.0024167357339855457
2024-08-30,0.0061982217050491764
2024-09-03,-0.0097504050431851
2024-09-04,0.0005095196316150057
2024-09-05,-0.0035644346597277776
2024-09-06,-0.011100260935879767
2024-09-09,0.009316847204146573
2024-09-10,0.0011647536643175252
2024-09-11,0.0006110427718683156
2024-09-12,0.0071516809503016825
2024-09-13,0.006846150437790547
2024-09-16,0.00642485501808195
2024-09-17,-0.0007913155401572289
2024-09-18,-0.004087697579240336
2024-09-19,0.008930832565980248
2024-09-20,0.0007342342963231853
2024-09-23,0.0042111003446983625
2024-09-24,0.002005882165822832
2024-09-25,-0.005157137703281047
2024-09-26,0.0034114408240548317
2024-09-27,0.0025708247951683185
2024-09-30,0.0007261247566983504
2024-10-01,0.0009686411814560566
2024-10-02,-0.002245580859682076
2024-10-03,-0.004680351991806382
2024-10-04,0.004012870164325393
2024-10-07,-0.008485734069546393
2024-10-08,0.0013125873840214288
2024-10-09,0.0032666239999182773
2024-10-10,-0.001979701096185852
2024-10-11,0.007178174174499389
2024-10-14,0.004759548664381245
2024-10-15,-0.0018879329626236736
2024-10-16,0.00581575845693108
2024-10-17,-0.0029664599406190356
2024-10-18,0.0035670055115240226
2024-10-21,-0.006790586392506116
2024-10-22,-0.0006795106206195172
2024-10-23,-0.00414642899383492
2024-10-24,0.00036794258370565793
2024-10-25,-0.0046110334859676486
2024-10-28,0.002976530330319968
2024-10-29,-0.0037421665669434296
2024-10-30,0.0006008554221001691
2024-10-31,-0.007658916726920214
2024-11-01,-0.0015352258220887338
2024-11-04,0.000429387261877083
2024-11-05,0.008840061604712299
2024-11-06,0.00905387376896138
2024-11-07,0.004794810886339693
2024-11-08,0.006088829985302325
2024-11-11,-0.00016751027899211473
2024-11-12,-0.007639641001147404
2024-11-13,-0.0006767417710098026
2024-11-14,-0.0052065371772728975
2024-11-15,-0.006388601609316484
2024-11-18,0.006544860309850376
2024-11-19,0.0010874328539582914
2024-11-20,0.0021086633037760484
2024-11-21,0.008166580303182373
2024-11-22,0.005335515001121502
2024-11-25,0.0033505731803371045
2024-11-26,0.002392455279221251
2024-11-27,0.0005226953165769615
2024-11-29,0.005500799687762616
2024-12-02,-0.003190786479096922
2024-12-03,-0.00295052821791393
2024-12-04,0.00026476778700112546
2024-12-05,-0.0025628631958594934
2024-12-06,-0.0014467448700571316
2024-12-09,-0.005348204425413094
2024-12-10,-0.0004882174673025496
2024-12-11,-0.0001079738571625493
2024-12-12,-0.005680822382430189
2024-12-13,-0.0043317761804743
2024-12-16,-0.0025998434993934083
2024-12-17,-0.0038381680190295643
2024-12-18,-0.023939245892921405
2024-12-19,-0.0042238491793380895
2024-12-20,0.009624557845969398
2024-12-23,0.0008572597825458999
2024-12-24,0.007490880493028334
2024-12-26,0.0006580923933909213
2024-12-27,-0.006897760533113221
2024-12-30,-0.007861057135334353
2024-12-31,0.0003540262263084222
2025-01-02,0.0001370113897187779
2025-01-03,0.005708163367435928
2025-01-06,-0.0006839541293989267
2025-01-07,-0.0038242732698955603
2025-01-08,0.0019880510361732005
2025-01-10,-0.009251657924660686
2025-01-13,0.004784518386500573
2025-01-14,0.003641548598944917
2025-01-15,0.011566873880233077
2025-01-16,0.005417391671149032
2025-01-17,0.004647157793187427
2025-01-21,0.010349126137224985
2025-01-22,-0.0029945305783434413
2025-01-23,0.004161591182728704
2025-01-24,0.0010392681415275131
2025-01-27,0.000670312675583964
2025-01-28,-0.0025577949627328934
2025-01-29,-0.0014059308410283122
2025-01-30,0.009106398938456642
2025-01-31,-0.006406457852789314
2025-02-03,0.0003024558012713704
2025-02-04,0.003189679499242056
2025-02-05,0.004473554918402666
2025-02-06,2.5357506105712184e-07
2025-02-07,-0.005136188620817259
2025-02-10,0.006178960359747837
2025-02-11,0.0010939294330724368
2025-02-12,-0.004852942686817241
2025-02-13,0.009684400472703447
2025-02-14,-0.002694441554365581
2025-02-18,0.004351144529586866
2025-02-19,0.002325872970353797
2025-02-20,-0.0019746670463875507
2025-02-21,-0.008711611066975334
2025-02-24,0.0003348817645313264
2025-02-25,0.00025034600344113586
2025-02-26,-0.002350535454756828
2025-02-27,-0.008169859637681267
2025-02-28,0.01187652389629158
2025-03-03,-0.00715527650885258
2025-03-04,-0.012808840572738452
2025-03-05,0.006402801372851966
2025-03-06,-0.009695907888317005
2025-03-07,0.004594081545520834
2025-03-10,-0.01186803520428375
2025-03-11,-0.008388239150402103
2025-03-12,-0.0019458566670847066
2025-03-13,-0.004740943048639683
2025-03-14,0.013280299073827115
2025-03-17,0.009463085873772231
2025-03-18,-0.004577477032039171
2025-03-19,0.00765246667997174
2025-03-20,-0.0016462863444590588
2025-03-21,-0.0032640985434471957
2025-03-24,0.009720355447705744
2025-03-25,-0.00035672921630797323
2025-03-26,-0.0022334474664941345
2025-03-27,-3.344788767341053e-05
2025-03-28,-0.009712707643389598
2025-03-31,0.009826014653639878
2025-04-01,0.001182638562063886
2025-04-02,0.0049488180552280945
2025-04-03,-0.029478855481663638
2025-04-04,-0.04891254082040211
2025-04-07,-0.011200516308138012
2025-04-08,-0.013286296556048634
2025-04-09,0.06257619871570023
2025-04-10,-0.023128396366225913
2025-04-11,0.015539979849423511
2025-04-14,0.008527269439028496
2025-04-15,-0.0016276490345324304
2025-04-16,-0.006812650051916966
2025-04-17,0.004051015393496268
2025-04-21,-0.015207292571478863
2025-04-22,0.01759826941164429
2025-04-23,0.004916011923893595
2025-04-24,0.013664189193008129
2025-04-25,0.0008290062508740334
2025-04-28,0.004114568755687075
2025-04-29,0.004846069115757945
2025-04-30,-0.0016998045447236447
2025-05-01,-0.004693661498273115
2025-05-02,0.009002673897850557
2025-05-05,-0.0009138320768305819
2025-05-06,-0.0009315688773407253
2025-05-07,0.001377658299134284
2025-05-08,-0.0010445259904146324
2025-05-09,-5.42123061058272e-05
2025-05-12,0.011073889722923138
2025-05-13,-0.0012200125614224028
2025-05-14,-0.0073239988616444545
2025-05-15,0.010994329729854754
2025-05-16,0.006812110481017603
2025-05-19,0.002271647467990769
2025-05-20,-4.6611841346746725e-05
2025-05-21,-0.01432842019253801
2025-05-22,-0.0033075805825614328
2025-05-23,0.0020962705621038516
2025-05-27,0.011403308132469278
2025-05-28,-0.0068068546888893485
2025-05-29,0.004282885008186514
2025-05-30,0.0011739382158019456
2025-06-02,0.003944912508505823
2025-06-03,0.0020363859664533626
2025-06-04,-0.00031800058141548637
2025-06-05,-0.004092678531338819
2025-06-06,0.003373285570116107
2025-06-09,0.00022294146810049103
2025-06-10,0.005368080261300348
2025-06-11,-2.1802805557311197e-05
2025-06-12,0.0054490426717527475
2025-06-13,-0.006238263472707111
2025-06-16,0.0009180140915023908
2025-06-17,-0.0049436125040893545
2025-06-18,-0.0011136649043216673
2025-06-20,-8.562532361599821e-06
2025-06-23,0.007205821329831782
2025-06-24,0.004458163237439266
2025-06-25,-0.004340123502432826
2025-06-26,0.006001031744192992
2025-06-27,5.159295235997207e-05
2025-06-30,0.005201447219845108
2025-07-01,0.006338983868117053
2025-07-02,0.0009790375288298348
2025-07-03,0.002061793159575402
2025-07-07,-0.006078216485004423
2025-07-08,-0.0016069864523249378
2025-07-09,0.004081356323190672
2025-07-10,0.00393052672735972
2025-07-11,-0.004564930118394999
2025-07-14,0.0005740700613864614
2025-07-15,-0.010437147855909545
2025-07-16,0.003095028341930071
2025-07-17,0.0034473837926130937
2025-07-18,0.0009243411150478517
2025-07-21,0.002824658872020377
2025-07-22,0.007723679892295333
2025-07-23,0.003198755699700047
2025-07-24,-0.0028839122794656526
2025-07-25,0.0028069054181169024
2025-07-28,-0.005417192623739306
2025-07-29,0.0019247428169683715
2025-07-30,-0.005506041361386981
2025-07-31,-0.004130979360506579
2025-08-01,-0.00602981776375188
2025-08-04,0.010519434230861078
2025-08-05,-0.0022983625747265207
2025-08-06,0.0006712639535082238
2025-08-07,-9.909076509166316e-05
2025-08-08,0.0029174919338893304
2025-08-11,-0.002054739943474547
2025-08-12,0.0076921168550604995
2025-08-13,0.006982114496921561
2025-08-14,-0.003957516517487858
2025-08-15,-0.00036876822181378035
