Date,eq_base,eq_regime
2018-06-20,1.0,1.0
2018-06-21,1.0,1.0
2018-06-22,1.0,1.0
2018-06-25,1.0,1.0
2018-06-26,1.0,1.0
2018-06-27,1.0,1.0
2018-06-28,1.0,1.0
2018-06-29,1.0,1.0
2018-07-02,1.0,1.0
2018-07-03,1.0,1.0
2018-07-05,1.0,1.0
2018-07-06,1.0,1.0
2018-07-09,1.0,1.0
2018-07-10,1.0,1.0
2018-07-11,1.0,1.0
2018-07-12,1.0,1.0
2018-07-13,1.0,1.0
2018-07-16,1.0,1.0
2018-07-17,1.0,1.0
2018-07-18,1.0,1.0
2018-07-19,1.0,1.0
2018-07-20,1.0,1.0
2018-07-23,1.0,1.0
2018-07-24,1.0,1.0
2018-07-25,1.0,1.0
2018-07-26,1.0,1.0
2018-07-27,1.0,1.0
2018-07-30,1.0,1.0
2018-07-31,1.0,1.0
2018-08-01,1.0,1.0
2018-08-02,1.0,1.0
2018-08-03,1.0,1.0
2018-08-06,1.0,1.0
2018-08-07,1.0,1.0
2018-08-08,1.0,1.0
2018-08-09,1.0,1.0
2018-08-10,1.0,1.0
2018-08-13,1.0,1.0
2018-08-14,1.0,1.0
2018-08-15,1.0,1.0
2018-08-16,1.0,1.0
2018-08-17,1.0,1.0
2018-08-20,1.0,1.0
2018-08-21,1.0,1.0
2018-08-22,1.0,1.0
2018-08-23,1.0,1.0
2018-08-24,1.0,1.0
2018-08-27,1.0,1.0
2018-08-28,1.0,1.0
2018-08-29,1.0,1.0
2018-08-30,1.0,1.0
2018-08-31,0.995312433610054,0.995312433610054
2018-09-04,0.9908776028293971,0.9908776028293971
2018-09-05,0.9917146046683375,0.9917146046683375
2018-09-06,0.9890017958969094,0.9890017958969094
2018-09-07,0.9843733273905886,0.9843733273905886
2018-09-10,0.9870571375145262,0.9870571375145262
2018-09-11,0.9899352200843744,0.9899352200843744
2018-09-12,0.9924053061065933,0.9924053061065933
2018-09-13,0.9979532906940638,0.9979532906940638
2018-09-14,0.9963056225199753,0.9963056225199753
2018-09-17,0.9931320516226373,0.9931320516226373
2018-09-18,0.9973692985402516,0.9973692985402516
2018-09-19,0.9976265554930973,0.9976265554930973
2018-09-20,1.007888124635105,1.007888124635105
2018-09-21,1.0070397702822573,1.0070397702822573
2018-09-24,1.0000938858007555,1.0000938858007555
2018-09-25,0.9968915895623588,0.9968915895623588
2018-09-26,0.9924862015874277,0.9924862015874277
2018-09-27,0.9939943772251892,0.9939943772251892
2018-09-28,0.9941617974385526,0.9941617974385526
2018-10-01,0.9972196330167156,0.9972196330167156
2018-10-02,1.0007926079705667,1.0007926079705667
2018-10-03,0.9971690871012792,0.9971690871012792
2018-10-04,0.9888054810599756,0.9888054810599756
2018-10-05,0.9838190066414237,0.9838190066414237
2018-10-08,0.9841523210050606,0.9841523210050606
2018-10-09,0.9805162054840741,0.9805162054840741
2018-10-10,0.9457970126081219,0.9556080545566029
2018-10-11,0.9253454531949536,0.942319297374265
2018-10-12,0.9364560809337875,0.9493614622575081
2018-10-15,0.933260675412738,0.9473291417991415
2018-10-16,0.9531922597120243,0.9594683679423128
2018-10-17,0.9512209841150842,0.9582778148966983
2018-10-18,0.9383420672526859,0.9504931378246613
2018-10-19,0.93849189844993,0.9505842006874164
2018-10-22,0.9320462862065585,0.9466670029966792
2018-10-23,0.9250989530629196,0.942433214733217
2018-10-24,0.9019651296705549,0.9282928353868442
2018-10-25,0.9140305222991731,0.9357433789820494
2018-10-26,0.9004924630151334,0.9274275849049932
2018-10-29,0.8963464460073903,0.9248655664328397
2018-10-30,0.9094824275121889,0.9329979244262488
2018-10-31,0.9148017179712754,0.9362720197628616
2018-11-01,0.9248907695510897,0.9424675241095779
2018-11-02,0.9196631865973413,0.9392713669033244
2018-11-05,0.9257020580294572,0.9429719427927976
2018-11-06,0.9311759618660963,0.9463175577392423
2018-11-07,0.9456838142720989,0.9551638140983798
2018-11-08,0.9426086299377,0.9533002072012938
2018-11-09,0.9357286925927457,0.9491254232104596
2018-11-12,0.9229786460708068,0.9413658706412907
2018-11-13,0.9211190538139903,0.9402278876394121
2018-11-14,0.9171570448411026,0.9378013665646636
2018-11-15,0.923646397862679,0.9417826198294037
2018-11-16,0.9278156751604844,0.9443333056148353
2018-11-19,0.9179158080320428,0.9382876386785023
2018-11-20,0.9046338636902592,0.9301416077999864
2018-11-21,0.9069427935943108,0.9315660283480907
2018-11-23,0.9015820017056098,0.9282622268445142
2018-11-26,0.9111126267077786,0.9341498238712939
2018-11-27,0.9120946116210584,0.9347539123276899
2018-11-28,0.9253198619727914,0.942886196643562
2018-11-29,0.9257391104723852,0.9431425211683946
2018-11-30,0.9310418233109122,0.946383961806897
2018-12-03,0.9395835214543824,0.9515934331284939
2018-12-04,0.9220528109385978,0.9409405585575935
2018-12-06,0.9199107648700859,0.939629003731069
2018-12-07,0.9081086307836891,0.9323959364051957
2018-12-10,0.9082992389616988,0.9325133599939145
2018-12-11,0.9081311285518539,0.9324098047801193
2018-12-12,0.9113610946031528,0.9343995958492619
2018-12-13,0.9103291927584143,0.9337648033356976
2018-12-14,0.9000418759714363,0.9274335106036669
2018-12-17,0.8880593780776534,0.9200252085785388
2018-12-18,0.8869968259134738,0.9193647292453273
2018-12-19,0.8786780482643827,0.9141913235210403
2018-12-20,0.8697811081650264,0.9086374084363624
2018-12-21,0.8594331211253312,0.9020890616780268
2018-12-24,0.8446290554842915,0.8922379098563511
2018-12-26,0.8655107840517672,0.9084856252100101
2018-12-27,0.8704404222553632,0.9122991439207981
2018-12-28,0.8701868262874228,0.912104843378047
2018-12-31,0.8741004724819459,0.9150960208058125
2019-01-02,0.8753494931097898,0.9160425977098307
2019-01-03,0.8664221803522161,0.9092098627815905
2019-01-04,0.880515124723445,0.9206205263112143
2019-01-07,0.8835344673279185,0.9230440459359968
2019-01-08,0.8878645190834985,0.926508598986311
2019-01-09,0.8897411487201266,0.9279981000811981
2019-01-10,0.8914988734976773,0.9298314032350189
2019-01-11,0.8911777234636904,0.9294964444418804
2019-01-14,0.888027230200147,0.9262104867595898
2019-01-15,0.8918091235080726,0.9301549933270485
2019-01-16,0.8927794131021785,0.9311670032820271
2019-01-17,0.8968436256394452,0.935405968197087
2019-01-18,0.9027418986397463,0.9415578542213686
2019-01-22,0.8965749833717851,0.9368296766086991
2019-01-23,0.896967701726802,0.9372400273505245
2019-01-24,0.8976218970061437,0.937923594886259
2019-01-25,0.9017756924390885,0.9422638886757532
2019-01-28,0.8986174331068971,0.9389638288662588
2019-01-29,0.8994617166023062,0.9398460192559522
2019-01-30,0.9068064792620546,0.9475205492784416
2019-01-31,0.9122813818436716,0.9532412656826751
2019-02-01,0.9121395787031055,0.9530930958220584
2019-02-04,0.9144268137440106,0.9554830238296868
2019-02-05,0.9171250873750807,0.958302445361716
2019-02-06,0.9149377150875889,0.9560168637754362
2019-02-07,0.9110794884785577,0.9519854093478002
2019-02-08,0.9120924536672786,0.9530438549522007
2019-02-11,0.9118808698971637,0.952822771430344
2019-02-12,0.9187881631820705,0.9600401904464368
2019-02-13,0.9200111771802368,0.9613181156948987
2019-02-14,0.9191024241897988,0.9603685612394001
2019-02-15,0.9256924689222542,0.9672544877821252
2019-02-19,0.928167765714659,0.9698409211943292
2019-02-20,0.9297442579572404,0.971488195259728
2019-02-21,0.9262593116216591,0.9678467807555187
2019-02-22,0.9296819436729777,0.9714230831699904
2019-02-25,0.9297866853000805,0.9715325275181664
2019-02-26,0.9292537174838983,0.9709756303526901
2019-02-27,0.92788389533025,0.9695443055120306
2019-02-28,0.9256200388397114,0.967178805711954
2019-03-01,0.9274447108968128,0.9690854024438219
2019-03-04,0.9263328287311694,0.9679235986583211
2019-03-05,0.9255986643290982,0.9671564715221351
2019-03-06,0.9225448634872231,0.9639655602116698
2019-03-07,0.9185497101434478,0.9597910312715743
2019-03-08,0.9180181942930942,0.9592356512627249
2019-03-11,0.9255026838813291,0.9670561817153571
2019-03-12,0.9283300696733972,0.9700105123250177
2019-03-13,0.9324037936777902,0.9742671396148805
2019-03-14,0.9301449655360913,0.9719068939279618
2019-03-15,0.9331396940398625,0.9750360806527217
2019-03-18,0.935436582947755,0.9774360959695608
2019-03-19,0.9346522628801475,0.9766165612636836
2019-03-20,0.9344805112072097,0.976437098232482
2019-03-21,0.9408924481211284,0.98313692021827
2019-03-22,0.9308144977168876,0.9726064869659646
2019-03-25,0.9313461364606181,0.9731619953858948
2019-03-26,0.9357933169678752,0.9778088467409993
2019-03-27,0.9330728190557154,0.9749662030954244
2019-03-28,0.9343216866333199,0.9762711427051092
2019-03-29,0.9383225965815921,0.9804516867114614
2019-04-01,0.9436725840314726,0.9860418795068071
2019-04-02,0.9436432716008701,0.9860112509978801
2019-04-03,0.9437485231534393,0.9861212281663095
2019-04-04,0.9466853373646091,0.9891899003451419
2019-04-05,0.9504205877568044,0.9930928571327748
2019-04-08,0.9506536177537785,0.993336349780634
2019-04-09,0.9475382548083957,0.9900811123328237
2019-04-10,0.9494123999317893,0.9920394033875927
2019-04-11,0.9486088820355432,0.9911998089031931
2019-04-12,0.9527079830152557,0.9954829525514451
2019-04-15,0.951865763606526,0.9946029189224155
2019-04-16,0.9511141022085006,0.993817509204889
2019-04-17,0.9492860211746043,0.9919073504389608
2019-04-18,0.9505171271631989,0.9931937309944708
2019-04-22,0.950865066241981,0.9935572919466502
2019-04-23,0.9558930738161767,0.9988110485170214
2019-04-24,0.9550413484874882,0.9979210821683799
2019-04-25,0.9534028666772165,0.9962090353090381
2019-04-26,0.9576050671962659,1.0005999074907501
2019-04-29,0.9572550235029459,1.0002341474304162
2019-04-30,0.9598267901651168,1.0029213820456113
2019-05-01,0.952036185857124,0.9947809928424733
2019-05-02,0.9490418812123342,0.9916522490072429
2019-05-03,0.9567007939004177,0.9996550338605162
2019-05-06,0.9533445738263296,0.9961481252082014
2019-05-07,0.9430448808079682,0.9896908461684008
2019-05-08,0.9410441584005188,0.9884310355108125
2019-05-09,0.9391906717302243,0.9872629434085639
2019-05-10,0.9443153275428685,0.9904951195366933
2019-05-13,0.9302968530542973,0.9816727081074037
2019-05-14,0.9351223862337911,0.9847279227147562
2019-05-15,0.939069825043919,0.9872220261241696
2019-05-16,0.9446409766294912,0.9907361185225041
2019-05-17,0.9400109586813162,0.9878225506438177
2019-05-20,0.9355610188279535,0.9850167848840269
2019-05-21,0.9416359240856217,0.9914128226891076
2019-05-22,0.9394175449228516,0.9890771752363063
2019-05-23,0.9323626894164095,0.9846205010383052
2019-05-24,0.9335664933905635,0.9853832664850384
2019-05-28,0.9267720510779996,0.9810803294319426
2019-05-29,0.921981526720155,0.9780375817295194
2019-05-30,0.9240915082973323,0.9793805422245594
2019-05-31,0.9173723130830722,0.9751078166385101
2019-06-03,0.9209728889428094,0.9774041250937524
2019-06-04,0.9345092277323451,0.9860235797142327
2019-06-05,0.9394210785727786,0.9891331482053596
2019-06-06,0.9455997124590297,0.9930365042574513
2019-06-07,0.9526030593484006,0.9974493096050995
2019-06-10,0.9530281612722393,0.9977163784222423
2019-06-11,0.9526409429287317,0.9974731532381129
2019-06-12,0.95239754257091,0.997320240228725
2019-06-13,0.9570442875089298,1.0002397938210354
2019-06-14,0.9565747643292823,0.999945364958421
2019-06-17,0.9564160365081242,0.9998458102837784
2019-06-18,0.9636199959455032,1.0043644601511825
2019-06-19,0.9656454610195578,1.006475567376248
2019-06-20,0.9759301180507307,1.0171950875713625
2019-06-21,0.9752347883864554,1.016760249519542
2019-06-24,0.9759683684855494,1.0172191390670517
2019-06-25,0.9703779433066085,1.013723111324043
2019-06-26,0.9668319743940602,1.011500494458018
2019-06-27,0.9698275555375524,1.0133808822946306
2019-06-28,0.9750373963437491,1.0166471658989598
2019-07-01,0.9780769478538369,1.0198164304214512
2019-07-02,0.9824197585932318,1.024344570825909
2019-07-03,0.9890932158265142,1.0313028181797084
2019-07-05,0.9854889293215978,1.0275447185682969
2019-07-08,0.9813881701743306,1.0232689593197422
2019-07-09,0.9813903110994675,1.023271191608966
2019-07-10,0.9855781378015877,1.0276377340246228
2019-07-11,0.9858456566973448,1.027916669302609
2019-07-12,0.9906010922192771,1.0328750432727938
2019-07-15,0.9908500996946322,1.0331346771545882
2019-07-16,0.9872720117832304,1.029403894162977
2019-07-17,0.9838815509123933,1.0258687452052517
2019-07-18,0.9880652038642687,1.0302309357556636
2019-07-19,0.9821650569505291,1.024078999777891
2019-07-22,0.983134508431017,1.025089822648696
2019-07-23,0.9880346418190978,1.0301990694736893
2019-07-24,0.9919325213397012,1.0342632911973861
2019-07-25,0.9866041907550303,1.0287075738390656
2019-07-26,0.9921759721899801,1.0345171313248518
2019-07-29,0.9913110569489747,1.0336153057827666
2019-07-30,0.99110328151846,1.0333986635253842
2019-07-31,0.9811111768495688,1.027147552584766
2019-08-01,0.9774489042531204,1.0248470828175664
2019-08-02,0.9716902937574768,1.0212243695635868
2019-08-05,0.9518456207015453,1.0087105898988509
2019-08-06,0.9619352717457351,1.0151260448646406
2019-08-07,0.9646355227022384,1.0168357826115324
2019-08-08,0.9794003156488348,1.026174047336986
2019-08-09,0.9737452490568395,1.0226189642029826
2019-08-12,0.9670259471100082,1.0183850320095114
2019-08-13,0.9758365716173071,1.023952167915867
2019-08-14,0.9572414732227966,1.0122449875124244
2019-08-15,0.9604954415014431,1.0143095531450614
2019-08-16,0.9692529552147862,1.019858458077306
2019-08-19,0.9757525471241791,1.0239618226822926
2019-08-20,0.9718508658870099,1.0215051510745707
2019-08-21,0.9763760187615743,1.0243589636087904
2019-08-22,0.9751836250044091,1.0236083680125245
2019-08-23,0.9604294964444555,1.0143163029678723
2019-08-26,0.966835326306367,1.0183754479777014
2019-08-27,0.9666042563580131,1.0182294152734137
2019-08-28,0.9715814769184856,1.0213752439914077
2019-08-29,0.9793162380709611,1.0262539456218964
2019-08-30,0.9795747570232407,1.0264164913356186
2019-09-03,0.9774302389281179,1.025068251975823
2019-09-04,0.9854544732601755,1.0301174437437552
2019-09-05,0.9895815363185734,1.0344315544036027
2019-09-06,0.9903085913097307,1.0351915611307265
2019-09-09,0.9897606035632643,1.0346187373708167
2019-09-10,0.9895022119716035,1.034348634902251
2019-09-11,0.9947418308043264,1.0398257248182368
2019-09-12,0.9963231603668455,1.04147872372469
2019-09-13,0.9945230819533059,1.0395970617867627
2019-09-16,0.9948017342856291,1.0398883432574495
2019-09-17,0.9970059549490938,1.0421924640635418
2019-09-18,0.9969158468643211,1.0420982720816032
2019-09-19,0.9973676542779198,1.0425705564038015
2019-09-20,0.9964403840634046,1.0416012602577542
2019-09-23,0.9967789246172238,1.041955144216239
2019-09-24,0.9927099733647708,1.039403125157036
2019-09-25,0.9938133958000478,1.0405584482205363
2019-09-26,0.9921555776122608,1.0395169709805199
2019-09-27,0.9885863901773512,1.0372732315943272
2019-09-30,0.9905374884791038,1.038501544300668
2019-10-01,0.9804490323194411,1.0321553671453707
2019-10-02,0.967510200316805,1.0239826517124107
2019-10-03,0.9738826220714545,1.0280292752977862
2019-10-04,0.9839163519755468,1.0343842309247164
2019-10-07,0.9789049317042081,1.0312231487293848
2019-10-08,0.9683157012043285,1.0245300414019778
2019-10-09,0.9743283855928124,1.0283470872958793
2019-10-10,0.9773194601940353,1.0302412307281354
2019-10-11,0.9836335602179188,1.0368972387628623
2019-10-14,0.982679992179513,1.0358920350915108
2019-10-15,0.9872533025081083,1.0407129898083016
2019-10-16,0.9866822212734361,1.0401109845704877
2019-10-17,0.9888886255191863,1.0424368654295204
2019-10-18,0.9860316407366579,1.0394251751497225
2019-10-21,0.9897178631841724,1.043311006247684
2019-10-22,0.9897079125614228,1.043300516799509
2019-10-23,0.9929542286484132,1.0467226206427391
2019-10-24,0.9935923607066154,1.0473953075008098
2019-10-25,0.9960075661285462,1.0499412961029986
2019-10-28,0.9963927339289451,1.050347320708956
2019-10-29,0.9967643284153871,1.0507390370070924
2019-10-30,0.9999891482334679,1.0541384805601721
2019-10-31,0.9994276851781891,1.0535466143253958
2019-11-01,1.0072810233145202,1.0618252100931416
2019-11-04,1.0095819195552413,1.0642506996811087
2019-11-05,1.0065230353973402,1.061026177190924
2019-11-06,1.0068340917297538,1.0613540771988372
2019-11-07,1.0057792129691592,1.0606868769822153
2019-11-08,1.005739866802614,1.0606619804868558
2019-11-11,1.0030510957342753,1.0589606197231705
2019-11-12,1.005180058919309,1.06030919798606
2019-11-13,1.0063163748920518,1.061028380345694
2019-11-14,1.0094383784668812,1.0643201228623451
2019-11-15,1.0144742975838397,1.0696298378163442
2019-11-18,1.0146319616248987,1.0697960738294883
2019-11-19,1.0134391119027493,1.0685383705462403
2019-11-20,1.0123834330940304,1.0674252959659918
2019-11-21,1.0110295106568756,1.0659977626708468
2019-11-22,1.012696548183691,1.067755434682536
2019-11-25,1.0178304299347998,1.0731684383612745
2019-11-26,1.0207487980362728,1.0762454740303906
2019-11-27,1.0237029803170485,1.079360271045349
2019-11-29,1.0203419219933816,1.0758164767095066
2019-12-02,1.0116812044566628,1.0703375235711745
2019-12-03,1.0082187142226744,1.0681395782859737
2019-12-04,1.0136352656012542,1.0738780483457575
2019-12-05,1.0144122533237232,1.0747012143180847
2019-12-06,1.0212096468980094,1.0790220417358618
2019-12-09,1.0186543637047905,1.0774020764936205
2019-12-10,1.0178279248160849,1.0768776157894728
2019-12-11,1.0222089141334063,1.081512769940592
2019-12-12,1.0285212368558743,1.0855198907187096
2019-12-13,1.0296474258193227,1.0862330508227838
2019-12-16,1.0358554372889694,1.0901625593530564
2019-12-17,1.0362999238649093,1.0904432332419687
2019-12-18,1.0358695285532127,1.0901715039996225
2019-12-19,1.0399009416787455,1.0927171518379817
2019-12-20,1.045648517280598,1.096340847628558
2019-12-23,1.046466935225311,1.096855704203244
2019-12-24,1.0481021948999685,1.0978841039595817
2019-12-26,1.0536964149606871,1.1014000618357893
2019-12-27,1.053072559646344,1.1010088024908558
2019-12-30,1.0474964054372107,1.097510812834551
2019-12-31,1.0496781794469354,1.0988823806343477
2020-01-02,1.0573037912614685,1.1036722203939753
2020-01-03,1.0531959557937485,1.101099428772981
2020-01-06,1.0571439816982797,1.1035759873152042
2020-01-07,1.054139934715097,1.1016943926566898
2020-01-08,1.0554644392891872,1.1025249461046347
2020-01-09,1.0620304015788193,1.1066401793327918
2020-01-10,1.0598738987960912,1.1052919283094713
2020-01-13,1.0657611677290446,1.1089756594620765
2020-01-14,1.065734996613243,1.108959320080637
2020-01-15,1.0707176358456094,1.1120701558322401
2020-01-16,1.0784293792431259,1.1168759044599115
2020-01-17,1.0808324007294958,1.1183691186736653
2020-01-21,1.077544141879033,1.1163276437048832
2020-01-22,1.0769360045370604,1.1159496282716614
2020-01-23,1.0790757846273755,1.1181669251085304
2020-01-24,1.0700522663011447,1.1125566798129307
2020-01-27,1.0550990465858199,1.1032283666064169
2020-01-28,1.0626637777950791,1.1079742486633553
2020-01-29,1.0634616831144819,1.1084734047832359
2020-01-30,1.066498703069685,1.1103727430877133
2020-01-31,1.0487839747191139,1.0993066528308408
2020-02-03,1.0543227010886393,1.1027899776487242
2020-02-04,1.0640489553863564,1.1088940001165188
2020-02-05,1.0776657361984026,1.1174084015264973
2020-02-06,1.0802196024162167,1.118997230866972
2020-02-07,1.0756832227566138,1.1161776951359579
2020-02-10,1.0814664674965342,1.1197782693464597
2020-02-11,1.0841034288221725,1.1214164960016377
2020-02-12,1.0905649318596953,1.1254268344449625
2020-02-13,1.0911627809691151,1.1257970107147293
2020-02-14,1.0931515991699572,1.1270281774798059
2020-02-18,1.093086510312516,1.1269879139099048
2020-02-19,1.097939261198753,1.1299898674861728
2020-02-20,1.0963796306648166,1.1290267722972207
2020-02-21,1.0894878006624433,1.124768542557172
2020-02-24,1.0608703720709007,1.1070420567191084
2020-02-25,1.0331905450552887,1.0897113440689803
2020-02-26,1.0273379532701072,1.0860076890030064
2020-02-27,0.9985295359991838,1.0670922662699658
2020-02-28,0.9895860015507792,1.061118656193357
2020-03-02,1.0150227789461006,1.0809381849076074
2020-03-03,1.0038475085548229,1.0721525474147073
2020-03-04,1.0247299903745188,1.090139808544261
2020-03-05,1.0105876956780109,1.0776213041954987
2020-03-06,1.0033852276607071,1.0712203126372115
2020-03-09,0.9695887573575191,1.0351389906422483
2020-03-10,0.9841283900202152,1.0506615929461265
2020-03-11,0.9622339459134334,1.0272869481790663
2020-03-12,0.9213431659643776,0.9836316970616771
2020-03-13,0.951370689672091,1.0156892682189584
2020-03-16,0.9083703791811606,0.9697818691684637
2020-03-17,0.9285651623382825,0.9913419453294892
2020-03-18,0.9026404074828741,0.9636645157284981
2020-03-19,0.9050602885548348,0.9662479958186865
2020-03-20,0.8930965163401183,0.9534753981574194
2020-03-23,0.8832899632173394,0.9430058610220483
2020-03-24,0.9215513505153913,0.9838539561837721
2020-03-25,0.9279741423451967,0.9907109687072359
2020-03-26,0.9516560747669925,1.0159939471220902
2020-03-27,0.9401703828987339,1.003731751013567
2020-03-30,0.9515486648397655,1.015879275615422
2020-03-31,0.9439558367213216,1.0077731250696313
2020-04-01,0.9292981544125241,0.9921244922290087
2020-04-02,0.9396583105203483,1.003185059356021
2020-04-03,0.9344171442994581,0.9975895576853265
2020-04-06,0.9594763153480371,1.0243428846280322
2020-04-07,0.9596960164339248,1.0245774388744209
2020-04-08,0.9726187128726899,1.0383737900042092
2020-04-09,0.9811398023136297,1.047470958114023
2020-04-13,0.9765004455000685,1.0425179519113652
2020-04-14,0.9864582770130109,1.053148994797408
2020-04-15,0.9778874888843273,1.043998768059308
2020-04-16,0.9782317596033844,1.0443663136212054
2020-04-17,0.9895579739085342,1.056458250491001
2020-04-20,0.9826559338263023,1.049089589551114
2020-04-21,0.9730352346167493,1.0388184712099828
2020-04-22,0.9814193279492668,1.0477693814219835
2020-04-23,0.9829201828046759,1.0493717034047205
2020-04-24,0.987406697382137,1.0541615342850537
2020-04-27,0.992054585211559,1.0591236482533286
2020-04-28,0.99347254017504,1.060637465795597
2020-04-29,1.0025499515041465,1.0703285666149427
2020-04-30,0.9951562611502001,1.0624350167856687
2020-05-01,0.986152212616608,1.0528222385433157
2020-05-04,0.9875903502480351,1.0543576032274704
2020-05-05,0.989596088488617,1.056498941853866
2020-05-06,0.9831463168227871,1.04961312548958
2020-05-07,0.9897080364467902,1.0566184581906104
2020-05-08,0.9963222768250138,1.0636798623756583
2020-05-11,0.9938733421756228,1.0610653645054187
2020-05-12,0.9880213717856171,1.054817764503034
2020-05-13,0.9818022057065433,1.0481781440981173
2020-05-14,0.9871031918512524,1.0538375098917117
2020-05-15,0.9884867778498947,1.0553146349132565
2020-05-18,1.0006028018616997,1.0682497775404853
2020-05-19,0.996646055420624,1.0640255304190511
2020-05-20,1.003390985675577,1.0712264599297157
2020-05-21,0.999983144883098,1.067588227894301
2020-05-22,1.0012505101032074,1.0689412748894978
2020-05-26,1.0057945911923416,1.0737925641359019
2020-05-27,1.0119291305520643,1.080341836528648
2020-05-28,1.011531520732881,1.0799173458115519
2020-05-29,1.0133107409519517,1.0818168523886686
2020-06-01,1.0155551811214487,1.084213030679702
2020-06-02,1.0186755639447664,1.0875443707985266
2020-06-03,1.022799399010163,1.0919470027749982
2020-06-04,1.0216369061111994,1.0907059181224272
2020-06-05,1.0303184233492662,1.099974359946719
2020-06-08,1.037488351500442,1.10762901985595
2020-06-09,1.0335810751896763,1.1034575873534636
2020-06-10,1.0308659986196782,1.10055895471271
2020-06-11,1.0084429269853228,1.076619943907816
2020-06-12,1.012514321087715,1.080966589585869
2020-06-15,1.0159927549488328,1.0846801872206298
2020-06-16,1.0217227904913977,1.0907976088211442
2020-06-17,1.0196013190318745,1.0885327126900546
2020-06-18,1.020630458851825,1.089631428765679
2020-06-19,1.0184286785924794,1.0872807944601757
2020-06-22,1.0202318212537196,1.0892058407854106
2020-06-23,1.0210870258382874,1.0901188625214244
2020-06-24,1.011332007746318,1.0797043445056231
2020-06-25,1.014789939123927,1.0833960535614127
2020-06-26,1.0066645581190483,1.074721346240242
2020-06-29,1.0129991698096645,1.0814842170984043
2020-06-30,1.0175380279066015,1.0863299302458385
2020-07-01,1.0187642437676059,1.0876390459292018
2020-07-02,1.021186245216071,1.0902247897465402
2020-07-06,1.025591595177357,1.0949279687775961
2020-07-07,1.0233828377247562,1.0925698855771577
2020-07-08,1.0248658893721816,1.0941532007442707
2020-07-09,1.021432846549774,1.0904880628648839
2020-07-10,1.0266918337945328,1.0961025903715522
2020-07-13,1.0251901355027935,1.0944993679309407
2020-07-14,1.0315656603129624,1.1013059178901203
2020-07-15,1.0355770815194814,1.1055885361313567
2020-07-16,1.0353190757736899,1.1053130875917032
2020-07-17,1.0370940744782267,1.1072080872536352
2020-07-20,1.0372387296638201,1.1073625220298948
2020-07-21,1.041276950569447,1.1116737517966604
2020-07-22,1.0448091363874161,1.115444735355028
2020-07-23,1.043625245606777,1.1141808061908314
2020-07-24,1.0421841573753001,1.1126422914277034
2020-07-27,1.0447727492347898,1.1154058882044642
2020-07-28,1.0434891646022217,1.114035525263601
2020-07-29,1.0479719001173429,1.1188213215934646
2020-07-30,1.0450459656503608,1.1156975757498229
2020-07-31,1.0468195426629616,1.1175910576045973
2020-08-03,1.0474201436400652,1.1182322629450059
2020-08-04,1.0521126243255763,1.1232419845239217
2020-08-05,1.0542352244743671,1.1255080856506967
2020-08-06,1.0570173508743306,1.1284783011071402
2020-08-07,1.0575749812150432,1.129073630728752
2020-08-10,1.0597752138251788,1.1314226127543285
2020-08-11,1.053035324653118,1.124227065135128
2020-08-12,1.0564292023767219,1.1278503901113262
2020-08-13,1.0561384454986267,1.1275399762590306
2020-08-14,1.0556736467339973,1.127043754205692
2020-08-17,1.0577342072061156,1.1292436213876083
2020-08-18,1.0586034261529564,1.1301716049439896
2020-08-19,1.054567931838631,1.1258632861030635
2020-08-20,1.0547194727705616,1.1260250721449594
2020-08-21,1.0550224520740918,1.1263485347347038
2020-08-24,1.0595083833735575,1.1311377429038194
2020-08-25,1.059014235897497,1.1306101879835337
2020-08-26,1.0612861645975082,1.1330357132007922
2020-08-27,1.059984387980572,1.1316459283842175
2020-08-28,1.063800177540281,1.1357196890619972
2020-08-31,1.0621280826102073,1.133934550110003
2020-09-01,1.065074750614532,1.1370804312071265
2020-09-02,1.0716332178288743,1.144082291615365
2020-09-03,1.0607949821020042,1.1325113237121982
2020-09-04,1.0573636650112614,1.1288480282346753
2020-09-08,1.048821557262085,1.119728420848201
2020-09-09,1.0558316109833947,1.127212397821285
2020-09-10,1.0494589271793469,1.1204088809379182
2020-09-11,1.0509826435596437,1.1220356100268818
2020-09-14,1.0560828301206902,1.127480600935478
2020-09-15,1.057003021335717,1.1284630028025509
2020-09-16,1.0573006553156545,1.1287807586915661
2020-09-17,1.0547168837450902,1.1260223080852563
2020-09-18,1.0501841790966082,1.1211831643976826
2020-09-21,1.0426985376130549,1.1131914469702722
2020-09-22,1.044876915828219,1.1155170971077877
2020-09-23,1.035068706494601,1.1050457917914187
2020-09-24,1.0367397957316302,1.1068298570592607
2020-09-25,1.0413493534020022,1.1117510495112237
2020-09-28,1.0476844468680493,1.1185144347158338
2020-09-29,1.045589073801735,1.1162774013917316
2020-09-30,1.0478077476692238,1.1186460714184094
2020-10-01,1.0487019641110196,1.119600742455952
2020-10-02,1.0476370999722635,1.1184638868752754
2020-10-05,1.0539771611740325,1.1252325756654542
2020-10-06,1.0487517156820043,1.1196538575427155
2020-10-07,1.055126069470842,1.1264591573122351
2020-10-08,1.060706681739259,1.1324170536954796
2020-10-09,1.0636335050694203,1.1355417484949826
2020-10-12,1.0683748901967383,1.1406036807602804
2020-10-13,1.064797666162158,1.1367846141216074
2020-10-14,1.063363657286246,1.1352536573225318
2020-10-15,1.0635015660534863,1.135400889580578
2020-10-16,1.0633411851739696,1.135229959742135
2020-10-19,1.0568994137553402,1.1283614903719283
2020-10-20,1.058760664093356,1.1303311426511093
2020-10-21,1.0575390213411495,1.1290480090679733
2020-10-22,1.0608724250066226,1.132527005607971
2020-10-23,1.062541845740214,1.134255925338059
2020-10-26,1.054597465042232,1.125992164799828
2020-10-27,1.052485588087519,1.1238100897722347
2020-10-28,1.0376951535843693,1.1080173419048187
2020-10-29,1.0415943235948701,1.1121637466810064
2020-10-30,1.038304222176867,1.10868558547313
2020-11-02,1.0464602190806103,1.1173451375194619
2020-11-03,1.0533108308206527,1.1246198220533241
2020-11-04,1.0587388542846323,1.1303653865762717
2020-11-05,1.0674701307444914,1.1396494810815883
2020-11-06,1.0658942917492555,1.1379859540484822
2020-11-09,1.073877612923946,1.146430555529824
2020-11-10,1.0769895354959096,1.1496996387180591
2020-11-11,1.0777422980659397,1.1504841326667596
2020-11-12,1.0733097026077076,1.1458812863378967
2020-11-13,1.0808537462897088,1.1537199760029595
2020-11-16,1.0882370959465182,1.1613883050486895
2020-11-17,1.0862507213204862,1.1593393482185783
2020-11-18,1.0802118941869077,1.1531113466518992
2020-11-19,1.0819607129835929,1.1549014107541637
2020-11-20,1.0803197270195768,1.1532336425578473
2020-11-23,1.0841214383253646,1.1570737224684022
2020-11-24,1.0914594331036072,1.164481217527313
2020-11-25,1.0893480754384757,1.1623645505963116
2020-11-27,1.0895000461702509,1.162515725475303
2020-11-30,1.0840871644910661,1.157140022936308
2020-12-01,1.088710680232489,1.1617092395568376
2020-12-02,1.0903498501766626,1.1633160785054815
2020-12-03,1.090878771754619,1.1638304093758172
2020-12-04,1.095348020197979,1.1681518324427507
2020-12-07,1.094852248698884,1.1676762997014662
2020-12-08,1.0969352937856236,1.1696591541478798
2020-12-09,1.0937451131667464,1.1666391180440845
2020-12-10,1.094266717256732,1.1671291640550312
2020-12-11,1.0932986875741404,1.1662265029568555
2020-12-14,1.0885348611793515,1.1617969342032057
2020-12-15,1.096129587702212,1.1688639239480423
2020-12-16,1.0956098470121933,1.168384419370882
2020-12-17,1.098760923996605,1.1712715014430368
2020-12-18,1.0967386502798986,1.1694316692507445
2020-12-21,1.093132431239064,1.1661656999399281
2020-12-22,1.0901511202467062,1.1634797521837226
2020-12-23,1.092441254962686,1.1655285001547562
2020-12-24,1.0943992397332256,1.1672661558379114
2020-12-28,1.0970255495300274,1.16957924338147
2020-12-29,1.0959583833783428,1.1686466813294871
2020-12-30,1.0987561304563056,1.1710743948489268
2020-12-31,1.1021553538997222,1.1740027098432444
2021-01-04,1.0962483166069146,1.1689202089232194
2021-01-05,1.1016582586634232,1.1735600441749237
2021-01-06,1.1086396544459294,1.1795322497250416
2021-01-07,1.1134226936646847,1.1835965065720186
2021-01-08,1.1133815191532268,1.1835618209807706
2021-01-11,1.110704199052196,1.1813196142552425
2021-01-12,1.1132878483430904,1.1834683670263901
2021-01-13,1.114159384540213,1.1841871069324925
2021-01-14,1.113352785497841,1.183526982108259
2021-01-15,1.107752117545921,1.1789480870707478
2021-01-19,1.112247308300531,1.1826064554740991
2021-01-20,1.1188498573869674,1.187960558193546
2021-01-21,1.1148204212699764,1.1847106831176766
2021-01-22,1.112476737419076,1.182830643897784
2021-01-25,1.1149226127696388,1.1847789610666968
2021-01-26,1.112018874273584,1.182480297009185
2021-01-27,1.0969438314137712,1.1701286644955493
2021-01-28,1.1026401712458092,1.1747941176503356
2021-01-29,1.0910055778110441,1.1651144080897515
2021-02-01,1.098560037904303,1.1714180448021774
2021-02-02,1.105253260981225,1.1769853294935884
2021-02-03,1.1070587213938434,1.1784735543490465
2021-02-04,1.110901645781975,1.181620216498173
2021-02-05,1.114990225367237,1.1849449971418384
2021-02-08,1.1210097046244978,1.1898184591635068
2021-02-09,1.1202604514849561,1.1892171751517104
2021-02-10,1.1219966449952679,1.1905998768588562
2021-02-11,1.1198927156184064,1.1889359173035483
2021-02-12,1.1221202221245277,1.1906850697107514
2021-02-16,1.1207287191706492,1.1896007405287556
2021-02-17,1.1218439873728987,1.1904632400042459
2021-02-18,1.1184274343546776,1.1878352187591936
2021-02-19,1.1179357593944828,1.1874596027465518
2021-02-22,1.1170179549274815,1.186763597486448
2021-02-23,1.1188239284171408,1.1881228775959298
2021-02-24,1.1248412916098371,1.192633729343998
2021-02-25,1.1095759658928608,1.1808136101803581
2021-02-26,1.1042656595521032,1.1766965016916509
2021-03-01,1.1174665316279826,1.1871416954395206
2021-03-02,1.1147430178754356,1.1850064035581154
2021-03-03,1.1082128211402014,1.1798823600819588
2021-03-04,1.1016462794452806,1.174721326482138
2021-03-05,1.114334280521611,1.1848836020018618
2021-03-08,1.114185855507971,1.1847659874085756
2021-03-09,1.1213039733653383,1.1904006632764121
2021-03-10,1.1281051918205631,1.1957649281636207
2021-03-11,1.1312773013320723,1.1982454165587717
2021-03-12,1.1326018643700062,1.1992722786458683
2021-03-15,1.1364151498402326,1.2022082170089745
2021-03-16,1.1329398693842627,1.1995483568746528
2021-03-17,1.1344922769949553,1.2007282187485038
2021-03-18,1.1254467515898006,1.193806310684833
2021-03-19,1.1259953427354434,1.1942237187493354
2021-03-22,1.128683763582641,1.1962540859670934
2021-03-23,1.1236038400373354,1.1924306306188792
2021-03-24,1.123116976406372,1.192066537825841
2021-03-25,1.1274225852012265,1.1952681923481223
2021-03-26,1.1367746490632098,1.2022414085652882
2021-03-29,1.1354407318567394,1.2012563693736247
2021-03-30,1.1326236264262841,1.199187660894332
2021-03-31,1.134043531286992,1.200222969855343
2021-04-01,1.1418353458501966,1.205900455478226
2021-04-05,1.1486759502222343,1.2108617249720715
2021-04-06,1.1499830932088437,1.2118005199677737
2021-04-07,1.1485032731602833,1.2107455340343958
2021-04-08,1.1507870506401503,1.2123619010417594
2021-04-09,1.1532602579604427,1.2140979394765645
2021-04-12,1.15334611810339,1.2141576964667442
2021-04-13,1.155629625846363,1.2157347469062387
2021-04-14,1.1559162911345175,1.215931043472987
2021-04-15,1.1643974733052334,1.2217398973658085
2021-04-16,1.1673213286045536,1.2237224880879816
2021-04-19,1.1633232385926746,1.2210247449945038
2021-04-20,1.1588594540877826,1.218019263912404
2021-04-21,1.166492009642643,1.2231576586441757
2021-04-22,1.1592843817892102,1.2183058811280973
2021-04-23,1.1657144388229423,1.2226282670959217
2021-04-26,1.1660181331836417,1.2228304175734597
2021-04-27,1.165197974027456,1.222288566584714
2021-04-28,1.167851763628627,1.2240290550406934
2021-04-29,1.1737350513236613,1.2278664927854985
2021-04-30,1.1683385379639624,1.224359169721048
2021-05-03,1.1742821825777627,1.2282113716034417
2021-05-04,1.1724412405659732,1.2270283953166168
2021-05-05,1.1750985198288537,1.228724031887416
2021-05-06,1.183028466375549,1.2337728154638217
2021-05-07,1.1895379071823426,1.2378894861502536
2021-05-10,1.1850526934347403,1.2350679131996647
2021-05-11,1.1762254477615213,1.2294698253431278
2021-05-12,1.1603601253816165,1.2190231240721021
2021-05-13,1.1690272532560722,1.2247659455517665
2021-05-14,1.181353652040781,1.2330027109352277
2021-05-17,1.1820762058559124,1.2334799200749458
2021-05-18,1.175009237576594,1.2288063132811564
2021-05-19,1.170164614494591,1.2256052525622296
2021-05-20,1.1770903672471023,1.2301762352333316
2021-05-21,1.1781389117208318,1.230861307972069
2021-05-24,1.184550864548215,1.2350334935042793
2021-05-25,1.1818790584187933,1.2333088123060127
2021-05-26,1.1833307034645573,1.234239280797572
2021-05-27,1.1845921503468286,1.2350410703330703
2021-05-28,1.1857603365212939,1.2357774072180174
2021-06-01,1.1876507023504805,1.2369594697197568
2021-06-02,1.1893819122409341,1.2380413213772337
2021-06-03,1.186447618545339,1.2362087173296277
2021-06-04,1.193605795190601,1.2406837570519413
2021-06-07,1.1918771265434693,1.2396056467811318
2021-06-08,1.1917011301198794,1.2394958202785655
2021-06-09,1.190141060507259,1.2385222373648739
2021-06-10,1.1931083874899433,1.2403750095658537
2021-06-11,1.193323571501767,1.2405092348584708
2021-06-14,1.1909971175371037,1.239058167756525
2021-06-15,1.190952966132147,1.2390306079120263
2021-06-16,1.182847993332245,1.233971310192829
2021-06-17,1.1759986373289226,1.229684076913976
2021-06-18,1.1633227888657591,1.2217313692210843
2021-06-21,1.1768906601741775,1.2302808247031063
2021-06-22,1.1798098518601152,1.23211179796666
2021-06-23,1.1777447216643087,1.230817790491856
2021-06-24,1.1828363987965007,1.2340104654488977
2021-06-25,1.1862905093806406,1.236172594690431
2021-06-28,1.1860073412493113,1.2359955496845723
2021-06-29,1.1828345916013392,1.2340116642689765
2021-06-30,1.1862332011178378,1.237557319608644
2021-07-01,1.1925782675048422,1.2415290766003926
2021-07-02,1.1974555581779474,1.2466065615342419
2021-07-06,1.1926526245695113,1.2416064857401972
2021-07-07,1.196270110538764,1.2453724557711772
2021-07-08,1.1885383914176477,1.240543009673158
2021-07-09,1.1983828432503758,1.2508182064975435
2021-07-12,1.200891370499113,1.253436494611303
2021-07-13,1.1950772321337584,1.247367958030158
2021-07-14,1.1958295279189994,1.2481531705940316
2021-07-15,1.195292683436278,1.2475928364263427
2021-07-16,1.1869006605995365,1.2423373064364096
2021-07-19,1.173431934334154,1.2338786198764684
2021-07-20,1.1844340165543963,1.2408199176007628
2021-07-21,1.190469500202918,1.2471427251347995
2021-07-22,1.1912220826471203,1.2479311348506226
2021-07-23,1.1983108084597616,1.2553573249598222
2021-07-26,1.201830419163765,1.2590444894642938
2021-07-27,1.2010672795446522,1.2585648077803484
2021-07-28,1.2013152062860484,1.2587206850789527
2021-07-29,1.2068192797525028,1.2644877735900848
2021-07-30,1.2015768242181346,1.2611919921729247
2021-08-02,1.2000010294855077,1.26019960633889
2021-08-03,1.2078982432524126,1.265175634910046
2021-08-04,1.2003037917640482,1.2604028909952707
2021-08-05,1.2053101642946418,1.265659932132903
2021-08-06,1.2047877984960689,1.265111411527373
2021-08-09,1.2010998923528073,1.2612388522664757
2021-08-10,1.2061115638549378,1.266501457694657
2021-08-11,1.212561568243997,1.2732744132036573
2021-08-12,1.2136785513947739,1.2744473235969198
2021-08-13,1.2171243940338345,1.2780656992564718
2021-08-16,1.218141155950782,1.279133370348047
2021-08-17,1.2112208619103861,1.2747732948363801
2021-08-18,1.2010527112986418,1.2683522923923098
2021-08-19,1.1986706734699053,1.2668429848762177
2021-08-20,1.2054066092480045,1.2711144031277508
2021-08-23,1.2147207076089308,1.2809362213324045
2021-08-24,1.216210150678841,1.2825068552780594
2021-08-25,1.2177840437474414,1.28416654266747
2021-08-26,1.2113619923546266,1.2801032687678224
2021-08-27,1.2231618178821746,1.2925727001384926
2021-08-30,1.2237589685897878,1.2932037374152003
2021-08-31,1.2218019500907038,1.2911356637976297
2021-09-01,1.2216842751886163,1.2910113111864656
2021-09-02,1.2281776527596,1.2978731690839573
2021-09-03,1.2250962061452233,1.29461685931983
2021-09-07,1.2155964120228353,1.2885935314035961
2021-09-08,1.2155457752354604,1.2885613248738546
2021-09-09,1.2138037750520312,1.2874533415580365
2021-09-10,1.2056109290474648,1.2822393652058883
2021-09-13,1.2108596408273606,1.2855887566382238
2021-09-14,1.2052380520895292,1.2820076390426969
2021-09-15,1.2142036448662414,1.287729641467876
2021-09-16,1.2067633037515346,1.282995107271796
2021-09-17,1.1963209662538072,1.2763339163606626
2021-09-20,1.1815202014833763,1.2668595101114442
2021-09-21,1.1808746214969348,1.2664441845955532
2021-09-22,1.190495774575922,1.2726351822565283
2021-09-23,1.199557312994234,1.278447231073226
2021-09-24,1.2004185701196652,1.278997970137707
2021-09-27,1.2023027446444965,1.2802024776916365
2021-09-28,1.1846238286789545,1.2689078555395357
2021-09-29,1.1869295310419652,1.270389705103995
2021-09-30,1.1758296119687126,1.263261452305818
2021-10-01,1.1882146556946176,1.2712450316432335
2021-10-04,1.1825873098384367,1.2676326866380327
2021-10-05,1.1893755248016777,1.271998518961655
2021-10-06,1.192881760942144,1.2742484024096332
2021-10-07,1.198564080358999,1.2778903491688107
2021-10-08,1.1980036687609017,1.2775318478999143
2021-10-11,1.190739232726979,1.2728838412373136
2021-10-12,1.1920518515582497,1.2737257441094654
2021-10-13,1.1981655866961853,1.2776453161453676
2021-10-14,1.2139522039555104,1.2877456050318672
2021-10-15,1.2168535343839437,1.289592222466616
2021-10-18,1.2176547914052835,1.290101714263477
2021-10-19,1.2240067363173184,1.294139634572795
2021-10-20,1.2307038031886073,1.2983881110311495
2021-10-21,1.2305522147099888,1.298292155849457
2021-10-22,1.233702047694795,1.3002860916162737
2021-10-25,1.2397887229275706,1.304135198861002
2021-10-26,1.2409747230480757,1.3048837318042692
2021-10-27,1.2334258251685841,1.3001211364734928
2021-10-28,1.2420297258163198,1.3055626212518954
2021-10-29,1.241141422837367,1.3050023761265679
2021-11-01,1.2456028450775714,1.307816962692083
2021-11-02,1.2483892407931918,1.3095723033752207
2021-11-03,1.250859637994241,1.311127185609278
2021-11-04,1.2547181410459483,1.3135538311384096
2021-11-05,1.2638940982216311,1.3193175704077402
2021-11-08,1.2640237096304827,1.3193987474348017
2021-11-09,1.264402050585877,1.319635696747784
2021-11-10,1.25692928693187,1.3149561761791717
2021-11-11,1.2573320023804575,1.3152089604074662
2021-11-12,1.2625911483987806,1.3185097000470973
2021-11-15,1.2629083828345693,1.318708470653706
2021-11-16,1.262763890986387,1.3186179450256896
2021-11-17,1.2601528944074205,1.3169820539610173
2021-11-18,1.2587618950120303,1.3161098163544875
2021-11-19,1.2529946282164617,1.3124918057649104
2021-11-22,1.2509911531509588,1.311232640938193
2021-11-23,1.2533261491728913,1.3127011036012777
2021-11-24,1.2559509050006552,1.314350564058508
2021-11-26,1.2339510708083985,1.3005368897987943
2021-11-29,1.2421238659536022,1.305705176531011
2021-11-30,1.2194535368448296,1.2914067155406037
2021-12-01,1.2097512981372445,1.285241887192077
2021-12-02,1.2265034046266912,1.295920367467531
2021-12-03,1.2244436500544627,1.2946145686126402
2021-12-06,1.2362592745753804,1.3021102241169291
2021-12-07,1.2510857623913398,1.3114799680387468
2021-12-08,1.2511217974312523,1.3115026327837611
2021-12-09,1.2459353875388446,1.308240604941602
2021-12-10,1.2532427683428466,1.312844284576603
2021-12-13,1.24849355429471,1.3098592387370465
2021-12-14,1.2428210272749804,1.3062884336344238
2021-12-15,1.2528227443820248,1.3125959197905257
2021-12-16,1.2535837482839405,1.313074306994659
2021-12-17,1.241580353907836,1.3055304877132288
2021-12-20,1.2299513264669675,1.2981936851524976
2021-12-21,1.2440187486970233,1.30710244681442
2021-12-22,1.252909252827266,1.312707249658859
2021-12-23,1.2582371946048965,1.3160565877445056
2021-12-27,1.2707619437698254,1.3239167648489638
2021-12-28,1.2715472246885922,1.3244076419539488
2021-12-29,1.2714856744981413,1.3243691765909575
2021-12-30,1.2712043019893227,1.324193331395706
2021-12-31,1.2714691216571647,1.324358846460891
2022-01-03,1.2714922204989259,1.3243732822760792
2022-01-04,1.2781974859426235,1.328563763787976
2022-01-05,1.26572369092888,1.3207845752504752
2022-01-06,1.2645920983356178,1.3200760841066215
2022-01-07,1.2643648988076681,1.3199337833614746
2022-01-10,1.2603294113431616,1.3174060749878442
2022-01-11,1.2714265404325755,1.3243658865160406
2022-01-12,1.2741948356548856,1.3260960230074428
2022-01-13,1.2664682592290348,1.321271243319248
2022-01-14,1.2643314354456088,1.3199336698918016
2022-01-18,1.2485423604927544,1.3100436057539724
2022-01-19,1.2444501145113696,1.3074673115805158
2022-01-20,1.2352787594706565,1.3016858438725845
2022-01-21,1.219982384118064,1.2920146299349804
2022-01-24,1.2218569193349447,1.2932057587362158
2022-01-25,1.2150426175374953,1.2888784299695917
2022-01-26,1.207014295231611,1.2837687171251801
2022-01-27,1.2060604992235777,1.2831600482059455
2022-01-28,1.2207286661373629,1.2925235614507466
2022-01-31,1.2348715276325541,1.301508350068865
2022-02-01,1.2423376098092096,1.306229732695856
2022-02-02,1.250798999523886,1.3115676627744284
2022-02-03,1.2326229589543771,1.300132200934124
2022-02-04,1.2326363462274819,1.3001406732206668
2022-02-07,1.2318582618140688,1.29964825587657
2022-02-08,1.236636048002871,1.3026726824748462
2022-02-09,1.2485517433200977,1.3102038801012679
2022-02-10,1.2333174657285026,1.3006119622406733
2022-02-11,1.2263109055522556,1.2961786433754434
2022-02-14,1.2199659158732272,1.2921547502123842
2022-02-15,1.2274046837162664,1.296882114680053
2022-02-16,1.2308105737792006,1.2990413232764284
2022-02-17,1.219178274382925,1.291675037388542
2022-02-18,1.2157929400330734,1.2895230542217828
2022-02-22,1.2069253461334715,1.2838798399576654
2022-02-23,1.1936023837225467,1.27537637307662
2022-02-24,1.1989170901383515,1.278783664022915
2022-02-25,1.2199419316478952,1.2924715006228997
2022-02-28,1.2222287601788315,1.2939396564785413
2022-03-01,1.2138507325826262,1.2885573147162572
2022-03-02,1.2246292141817143,1.2955578266696566
2022-03-03,1.225097789610614,1.295858731249978
2022-03-04,1.2267750827537718,1.2969275313872717
2022-03-07,1.209267106344398,1.285388839964642
2022-03-08,1.2049530057996676,1.2825462271017123
2022-03-09,1.2153271060084383,1.2894436431145797
2022-03-10,1.2144991751886933,1.2888992401043096
2022-03-11,1.205476465170337,1.2829482820198461
2022-03-14,1.1981246866436601,1.2780907470038236
2022-03-15,1.207860751591751,1.2845788504771791
2022-03-16,1.221342369650711,1.2936980455996383
2022-03-17,1.2320487037343828,1.3009641509395284
2022-03-18,1.2374171459740162,1.3045800599039747
2022-03-21,1.2390335619500927,1.305658739660261
2022-03-22,1.2441679633631797,1.3090665764012681
2022-03-23,1.2405561361353772,1.3066870643310995
2022-03-24,1.2499569588571853,1.3129041286223186
2022-03-25,1.255094484619066,1.316274725821475
2022-03-28,1.2564722144334164,1.317170172526119
2022-03-29,1.2652084635715355,1.3228485454082561
2022-03-30,1.2645504244831747,1.3224252329119939
2022-03-31,1.25382602311049,1.3154673187324626
2022-04-01,1.2574384402226386,1.3178029023177522
2022-04-04,1.2608066858543996,1.3199631655429556
2022-04-05,1.2505054350587883,1.3133170520380488
2022-04-06,1.2468486485032022,1.3109641191860266
2022-04-07,1.2506124163418855,1.3133730263326666
2022-04-08,1.252313404838002,1.3144520504649237
2022-04-11,1.2397350303224242,1.3063668032246016
2022-04-12,1.2393041823092412,1.3060909525041147
2022-04-13,1.248370391392793,1.3119092994586767
2022-04-14,1.240230970193422,1.3066940355655159
2022-04-18,1.2396206563984271,1.3063050458192584
2022-04-19,1.248456786296044,1.3119475354028853
2022-04-20,1.2510689161940503,1.313598835313699
2022-04-21,1.2368079420354188,1.3044113198097667
2022-04-22,1.2150849417218883,1.2895196848292776
2022-04-25,1.2146752593910728,1.2892393130220234
2022-04-26,1.1988180083277704,1.278101506054057
2022-04-27,1.1987185919496146,1.2780319189237808
2022-04-28,1.214420514969952,1.2893469927227303
2022-04-29,1.1916239539202085,1.2718799261817135
2022-05-02,1.1916979606789924,1.2719364852884436
2022-05-03,1.196815987682891,1.2758340723316153
2022-05-04,1.2173011601628587,1.2923116258360912
2022-05-05,1.196961456954671,1.2751857202950336
2022-05-06,1.1940410610721999,1.2727354640966102
2022-05-09,1.1755199122667743,1.2565606716766635
2022-05-10,1.1747918928443166,1.255928111870246
2022-05-11,1.1711018765332741,1.2527428326112837
2022-05-12,1.1701311477433962,1.2519109981638483
2022-05-13,1.181002167169106,1.2613389392190342
2022-05-16,1.1812104278999929,1.2615178291727382
2022-05-17,1.1907686544140235,1.269782886127858
2022-05-18,1.1711048825035024,1.251995863398574
2022-05-19,1.1697138512450158,1.2507442689155963
2022-05-20,1.170109276502612,1.2510973704100778
2022-05-23,1.1796324619928664,1.2596624124399263
2022-05-24,1.1791108029152622,1.2591975441321912
2022-05-25,1.1841763224808537,1.2636961373975142
2022-05-26,1.194470007864032,1.2729088296332525
2022-05-27,1.2067718064923734,1.2840619312087627
2022-05-31,1.2000326238954206,1.2779727125380047
2022-06-01,1.1963035116648513,1.2746212356187006
2022-06-02,1.2064081411669463,1.2837703130711495
2022-06-03,1.1990122297017347,1.2770862188827274
2022-06-06,1.1994731527613889,1.2774998944188258
2022-06-07,1.2063685587007622,1.2836814658580304
2022-06-08,1.1989600713367303,1.2770496645824743
2022-06-09,1.1859218790367043,1.2651868850222334
2022-06-10,1.1727904566625849,1.2530339060247877
2022-06-13,1.1496204493546833,1.2299663462145993
2022-06-14,1.1451840554863306,1.225570074301837
2022-06-15,1.1511994329148145,1.2315287016350454
2022-06-16,1.1366062979086484,1.2167693235299464
2022-06-17,1.134363869648723,1.2145171746755203
2022-06-21,1.1448230509707522,1.2251561393004498
2022-06-22,1.144530894954213,1.2248614318435636
2022-06-23,1.147039333390328,1.2273760452390847
2022-06-24,1.1601841295766948,1.2408431750092228
2022-06-27,1.159602497819776,1.2402522761992127
2022-06-28,1.153034458941829,1.2335969410781489
2022-06-29,1.15215445792204,1.2327120215314031
2022-06-30,1.1489350680252775,1.229496973628846
2022-07-01,1.1557585929977456,1.2363165659861524
2022-07-05,1.151202668010777,1.2317905331583583
2022-07-06,1.1501778906563485,1.230780222301657
2022-07-07,1.1564759024064688,1.236985583094756
2022-07-08,1.1546032022251396,1.2351553450959918
2022-07-11,1.1505085504241772,1.2311773703701252
2022-07-12,1.1468877461203568,1.2276817897522825
2022-07-13,1.1456492807248775,1.226495188335593
2022-07-14,1.140654833745694,1.2217340176705613
2022-07-15,1.1495250918441366,1.230247524862062
2022-07-18,1.1466808334886864,1.227539414157705
2022-07-19,1.1595015747321737,1.2399959267300558
2022-07-20,1.1609832128919915,1.2414234025090238
2022-07-21,1.1662962905320247,1.2465255981987922
2022-07-22,1.1643084353978512,1.244631852420955
2022-07-25,1.1666768947853532,1.246873168579328
2022-07-26,1.1617443933019822,1.2422290514001817
2022-07-27,1.1723801290390685,1.252349443666581
2022-07-28,1.1806459954689177,1.2602261867690356
2022-07-29,1.1881603279821829,1.26824701489673
2022-08-01,1.1884265667184792,1.2685311991727117
2022-08-02,1.183214164148003,1.2636258133219795
2022-08-03,1.189209325771645,1.2692549840411407
2022-08-04,1.1882808621114327,1.2683905005393203
2022-08-05,1.1857610701937575,1.2660605157702283
2022-08-08,1.1881454039074544,1.2682501685187235
2022-08-09,1.187372986544263,1.2675465583146344
2022-08-10,1.1969910597916151,1.2763531032358268
2022-08-11,1.197457056186042,1.2767759285340803
2022-08-12,1.2074087169936278,1.2858532457656355
2022-08-15,1.2076976023952763,1.2861143556273775
2022-08-16,1.2099425275948614,1.2881282978541266
2022-08-17,1.2049817512045937,1.2836973559317966
2022-08-18,1.2073068811934342,1.285760244997053
2022-08-19,1.199538430162353,1.2788632287293769
2022-08-22,1.188572160980092,1.2690242918285783
2022-08-23,1.1892483981921669,1.2696271309913418
2022-08-24,1.1912803477659908,1.2714250426049878
2022-08-25,1.1999215181944958,1.2790867801597163
2022-08-26,1.1834010141305753,1.26398357841167
2022-08-29,1.1809484606804,1.2617529448556517
2022-08-30,1.1730411537459333,1.2545535961224719
2022-08-31,1.1677431143219918,1.2497455210106345
2022-09-01,1.1669269326009049,1.2490101427760156
2022-09-02,1.1633270459330898,1.2457869028645616
2022-09-06,1.1592438499420497,1.2421506769891355
2022-09-07,1.1711145978502602,1.2528847934194167
2022-09-08,1.1733243648013452,1.25486573217042
2022-09-09,1.1822143985782116,1.2628646240353347
2022-09-12,1.187412773193269,1.2675174668541482
2022-09-13,1.1658765889999818,1.247030183259534
2022-09-14,1.167797456207696,1.2488479976972475
2022-09-15,1.1608254513672973,1.242260566495755
2022-09-16,1.1555279790350184,1.2372737014849944
2022-09-19,1.1601693097775339,1.2416274262724238
2022-09-20,1.1525400136645303,1.2344756854072487
2022-09-21,1.1448938503079824,1.22730421993934
2022-09-22,1.1388959801461458,1.2216938988569208
2022-09-23,1.1268968121895393,1.2103276130098441
2022-09-26,1.118455689217611,1.2023128652989847
2022-09-27,1.1151598109214937,1.1992028081064856
2022-09-28,1.1295990768370154,1.2132632562991446
2022-09-29,1.1194859759343,1.2033695811949119
2022-09-30,1.1119756463884867,1.1960232489655251
2022-10-03,1.1272765356773637,1.2115458396311098
2022-10-04,1.1423433770298228,1.2273146912113215
2022-10-05,1.1395495464780652,1.2244123378472294
2022-10-06,1.1342350666449637,1.2189149386402771
2022-10-07,1.1221036805794071,1.2061981706690603
2022-10-10,1.1183078780880862,1.2022437046146695
2022-10-11,1.115646585202902,1.1994912287700288
2022-10-12,1.1139686879472412,1.1977691911130917
2022-10-13,1.1253866913438042,1.2096808235140466
2022-10-14,1.1136174546228264,1.1972601875602489
2022-10-17,1.123838411170151,1.20817447088009
2022-10-18,1.1302680367244853,1.2150384634450346
2022-10-19,1.1261279176706505,1.2106447064155916
2022-10-20,1.1200765118544131,1.2042428024668508
2022-10-21,1.1308960317529155,1.2158400037223935
2022-10-24,1.1347599980172693,1.21996062797044
2022-10-25,1.1438364752061643,1.2296970999307397
2022-10-26,1.1442416383770104,1.2301283072699025
2022-10-27,1.1430159348793782,1.2288339353344866
2022-10-28,1.1513707689232475,1.2376862574988423
2022-10-31,1.1475589069446785,1.2336715536952159
2022-11-01,1.1481916760072026,1.234332832898495
2022-11-02,1.1370050159220804,1.2225177399692202
2022-11-03,1.134822722624868,1.2202294701063616
2022-11-04,1.1420070974014498,1.2277692291635138
2022-11-07,1.1446774615317696,1.2305526568957355
2022-11-08,1.1492171002997231,1.235262612339768
2022-11-09,1.1398162562834133,1.2254606814171534
2022-11-10,1.1654434970486325,1.2530135222876542
2022-11-11,1.1696472085775271,1.2575330956542226
2022-11-14,1.1663245930419932,1.2539608227761891
2022-11-15,1.1709622681648735,1.258946967240217
2022-11-16,1.1689429744143305,1.2567759461814452
2022-11-17,1.1654977367120616,1.253071837454278
2022-11-18,1.1675426845383108,1.2552704402052066
2022-11-21,1.166470889840438,1.2541181121404381
2022-11-22,1.173927567601213,1.2621350757163248
2022-11-23,1.1778047014462643,1.2663035327439462
2022-11-25,1.177895051798175,1.266400671912833
2022-11-28,1.1704596019156244,1.2584065312524562
2022-11-29,1.1702180552123538,1.258148613173464
2022-11-30,1.183425310866838,1.2723482662308605
2022-12-01,1.1859677914591338,1.2750817896258972
2022-12-02,1.1866386666579165,1.275799063289179
2022-12-05,1.1762620070478425,1.2646427332431605
2022-12-06,1.1709864349587127,1.2589736580882096
2022-12-07,1.171923152576207,1.2599723710872448
2022-12-08,1.17439450867503,1.2625883810376302
2022-12-09,1.169211530412889,1.2571226237378899
2022-12-12,1.1758122911985223,1.2640708349932284
2022-12-13,1.1807555722398797,1.2692488139453932
2022-12-14,1.17788725840193,1.2662640706654043
2022-12-15,1.1664630426539866,1.254233129782007
2022-12-16,1.1615419240109344,1.2490717940262455
2022-12-19,1.1565149185687136,1.2438210359258197
2022-12-20,1.1575253920111672,1.244868451311449
2022-12-21,1.1645970737874607,1.2521952815049102
2022-12-22,1.1579197180974299,1.2452875120170068
2022-12-23,1.1613632319852023,1.2488287860763012
2022-12-27,1.1601788522955192,1.2476203150835476
2022-12-28,1.1534834711030055,1.2407976043069961
2022-12-29,1.1616416552119107,1.2491324845999041
2022-12-30,1.1597369736764471,1.247201570992891
2023-01-03,1.159248342627638,1.246710063654523
2023-01-04,1.165201365428168,1.2526822315466282
2023-01-05,1.1603411304542477,1.2478293927679285
2023-01-06,1.1737363322348933,1.2614650755428765
2023-01-09,1.1736848653705323,1.261413130033853
2023-01-10,1.1763657887016241,1.2640999462503124
2023-01-11,1.1824393093309815,1.2701670991103187
2023-01-12,1.1858658251774927,1.2738478357523382
2023-01-13,1.1877759642993653,1.2758996923239019
2023-01-17,1.185206710307683,1.2731398196913362
2023-01-18,1.1771914154083858,1.26452985232099
2023-01-19,1.1741588026663676,1.2612722433267207
2023-01-20,1.1812624788877746,1.2689029570115258
2023-01-23,1.1857076393432349,1.2736779137608802
2023-01-24,1.1868905067962785,1.274948540768633
2023-01-25,1.1872495482821976,1.2753342203371583
2023-01-26,1.1917394828580385,1.2801572730979953
2023-01-27,1.1915657229695171,1.2799706215787137
2023-01-30,1.1851878366549162,1.2731195457604922
2023-01-31,1.193646534083746,1.2822058126755422
2023-02-01,1.1985326198776651,1.2874544079902377
2023-02-02,1.2023296826878258,1.2915331832953738
2023-02-03,1.1934072569355167,1.2819487830260274
2023-02-06,1.1908342706388606,1.279565036718175
2023-02-07,1.1963750460494729,1.2846779752625919
2023-02-08,1.190659498286528,1.27942095150117
2023-02-09,1.1838658216218325,1.273172463575934
2023-02-10,1.1871597351807,1.2761844269211142
2023-02-13,1.1927362198935858,1.2812607365319462
2023-02-14,1.1920015852620283,1.280597634229608
2023-02-15,1.1920038956768664,1.280599703439544
2023-02-16,1.1839862708979267,1.2734050015508844
2023-02-17,1.1836351948453796,1.2730920850372116
2023-02-21,1.1718542136046104,1.2624555628380696
2023-02-22,1.1716437275584863,1.2622667203418423
2023-02-23,1.1738368942353818,1.2642201560379671
2023-02-24,1.168657521319385,1.259626626273255
2023-02-27,1.1704127128156903,1.2611728707017313
2023-02-28,1.1682322532094551,1.2592663470345014
2023-03-01,1.1663816188518055,1.2576596453299482
2023-03-02,1.1707668540390277,1.2614486331851378
2023-03-03,1.1816872048926323,1.270965850696663
2023-03-06,1.1800735679996743,1.269572471714814
2023-03-07,1.170028554686885,1.2608346129815904
2023-03-08,1.170221774882804,1.261001635576027
2023-03-09,1.1601462906487325,1.2522317726713068
2023-03-10,1.1554639764633392,1.2481693636978022
2023-03-13,1.154790777852423,1.2475894296619128
2023-03-14,1.1622686684490982,1.2540377152637627
2023-03-15,1.1575168798571012,1.2499649497969039
2023-03-16,1.1652718078564925,1.2566264116336396
2023-03-17,1.1600542803954845,1.2521686987646112
2023-03-20,1.1663422486996737,1.2575358342969636
2023-03-21,1.1719687026460628,1.2623171109399218
2023-03-22,1.163300676142732,1.2549356261956703
2023-03-23,1.1633878373878959,1.2550093790165573
2023-03-24,1.1680065908353834,1.2588990946674445
2023-03-27,1.168904818083316,1.259867220599353
2023-03-28,1.1701417773823146,1.261200438197497
2023-03-29,1.1778068770532282,1.269462024315215
2023-03-30,1.181730152457514,1.273690603069256
2023-03-31,1.1907141139414297,1.2833736828287117
2023-04-03,1.195295965562747,1.2883120872035119
2023-04-04,1.192718252956133,1.2855337809060634
2023-04-05,1.1942780183582753,1.2872149248893743
2023-04-06,1.1948249153161212,1.2878043805401478
2023-04-10,1.1945655876249528,1.2875248723608312
2023-04-11,1.1970776810128672,1.290232453051368
2023-04-12,1.1950517497329043,1.2880488668676808
2023-04-13,1.2026562060905146,1.2962450905013048
2023-04-14,1.1987135267285192,1.2919955978029545
2023-04-17,1.1994280954987762,1.2927657732326248
2023-04-18,1.2003463780687622,1.293755515161373
2023-04-19,1.1994763400972832,1.292817772152716
2023-04-20,1.197014751298822,1.2901646262422897
2023-04-21,1.1962558701460795,1.2893466901076445
2023-04-24,1.1994452646009466,1.2927842784083217
2023-04-25,1.1907416106368103,1.28340331927528
2023-04-26,1.1823117348943226,1.2743174433704305
2023-04-27,1.1941780434114957,1.2871071700436587
2023-04-28,1.2011277865253733,1.2945977316405537
2023-05-01,1.197757066987629,1.2909647078136852
2023-05-02,1.1918205798015047,1.2845662521861603
2023-05-03,1.1874004113930057,1.279802112966914
2023-05-04,1.1820427765047916,1.2758016022660752
2023-05-05,1.191995627185286,1.2865439062652897
2023-05-08,1.1908466219246752,1.2853037626921155
2023-05-09,1.1885436081382323,1.2828180754249656
2023-05-10,1.1902538471418416,1.2846639694183406
2023-05-11,1.188199242248871,1.2824463946684432
2023-05-12,1.1873041398041337,1.2814802933090959
2023-05-15,1.1882356262799891,1.2824856646560614
2023-05-16,1.1790549599686606,1.2725767941628152
2023-05-17,1.1860562919961386,1.280133467065183
2023-05-18,1.1893944855351573,1.2825260092865052
2023-05-19,1.1890974366248854,1.2823149831437237
2023-05-22,1.1874528288744195,1.281155213597545
2023-05-23,1.1813183412410806,1.2768371357370916
2023-05-24,1.1751019339420739,1.272463516398483
2023-05-25,1.1726367478436457,1.2707381537443099
2023-05-26,1.1800612023748058,1.275938924525774
2023-05-30,1.1793021550800629,1.2754125431089116
2023-05-31,1.1762176851141517,1.2732869758407988
2023-06-01,1.183348945345243,1.2810067550011492
2023-06-02,1.1949952722445316,1.2891242104746568
2023-06-05,1.194113139486995,1.2885162250873243
2023-06-06,1.1971427974142426,1.2905905235319537
2023-06-07,1.197638959385591,1.2909272318347875
2023-06-08,1.2029047081201079,1.2944837554796877
2023-06-09,1.2016614070597917,1.2936517055918748
2023-06-12,1.2060030221158167,1.2965415084841903
2023-06-13,1.2104072731784723,1.299451939585593
2023-06-14,1.2098723747024793,1.2991016982116368
2023-06-15,1.2209366869893563,1.3064004206534163
2023-06-16,1.2192536902908997,1.3053020157283506
2023-06-20,1.212636317167538,1.3009846857684046
2023-06-21,1.2119465010009551,1.300537148640307
2023-06-22,1.2101235646226158,1.2993626851908742
2023-06-23,1.2048138417191534,1.2959419159349939
2023-06-26,1.2058850755983905,1.2966332709831192
2023-06-27,1.2130420999799,1.3012506442911174
2023-06-28,1.211808868970754,1.3004568997152757
2023-06-29,1.2146104971920686,1.3022608459534015
2023-06-30,1.2248821724254435,1.30886859412108
2023-07-03,1.2271694274108145,1.3103350451566949
2023-07-05,1.2235853593968835,1.3080388683690507
2023-07-06,1.2137104483307994,1.301704973934832
2023-07-07,1.2132847058405654,1.3014310085333236
2023-07-10,1.2162363104384306,1.3033306334425145
2023-07-11,1.2254329936707393,1.3092437864440465
2023-07-12,1.234079920932586,1.3147867753375453
2023-07-13,1.2397975076697902,1.3184416800004009
2023-07-14,1.2357122833938734,1.3158350624241284
2023-07-17,1.2362811936824039,1.3161985412606256
2023-07-18,1.2427165998879608,1.3203093886811597
2023-07-19,1.2468204566735015,1.3229254448170031
2023-07-20,1.2448107866199205,1.3216460415306652
2023-07-21,1.2462976083584654,1.322593198521751
2023-07-24,1.2491701754465958,1.3244222501066591
2023-07-25,1.2521585863703477,1.326323312746966
2023-07-26,1.2538384542793712,1.3273909321336759
2023-07-27,1.2432428685037504,1.3206606466980038
2023-07-28,1.2519059976170288,1.3261822003639934
2023-07-31,1.2547651374968678,1.3279994648027982
2023-08-01,1.2481233982348003,1.3237818343051988
2023-08-02,1.237002902618608,1.3167050772604998
2023-08-03,1.231126706992467,1.3129521919926301
2023-08-04,1.2295772888066934,1.3119607528539434
2023-08-07,1.2360229791320052,1.3160872894167974
2023-08-08,1.2333907517163436,1.31440565027104
2023-08-09,1.2303512372120833,1.3124621518138375
2023-08-10,1.2283629367039248,1.311189554647534
2023-08-11,1.2294210028974095,1.3118672006263743
2023-08-14,1.229996995861806,1.312235972402358
2023-08-15,1.2164603458822587,1.303570937068738
2023-08-16,1.2091902299718085,1.2988965002034194
2023-08-17,1.2027388770721463,1.294738524314145
2023-08-18,1.2043597523985314,1.2957854397011104
2023-08-21,1.2048027061973712,1.2960713873584546
2023-08-22,1.2031094922190473,1.294978498284405
2023-08-23,1.2136736487169477,1.3018009972867495
2023-08-24,1.2023345781448405,1.2945035429531175
2023-08-25,1.2089493424372042,1.2987766476119604
2023-08-28,1.2148559638748742,1.3025839446029484
2023-08-29,1.2280131218843098,1.3110483074357393
2023-08-30,1.2300474050983543,1.3123514092595336
2023-08-31,1.2276879749048812,1.3108410276953988
2023-09-01,1.2282261391362308,1.3111857966115295
2023-09-05,1.2189864851956522,1.3052675527508284
2023-09-06,1.2154290706846183,1.3029820256563132
2023-09-07,1.2152983574427356,1.3028979481850087
2023-09-08,1.2178815783014811,1.3045596009648168
2023-09-11,1.223467243395889,1.3081495229193862
2023-09-12,1.221212429322423,1.3067029943079835
2023-09-13,1.2217734802230091,1.3070631905559835
2023-09-14,1.2314024834867028,1.3132439020862845
2023-09-15,1.2206845899759613,1.306385766674861
2023-09-18,1.2218241681952096,1.3071175177485768
2023-09-19,1.2180892831157573,1.3047201513314395
2023-09-20,1.211599786120242,1.3005495321726883
2023-09-21,1.1933859936102005,1.2888189559876868
2023-09-22,1.1916715302341545,1.2877080164039012
2023-09-25,1.1924116227108719,1.2881878582013948
2023-09-26,1.1777802321328612,1.2787038951140444
2023-09-27,1.175746332784812,1.2773789849409924
2023-09-28,1.17906491145257,1.279542248834843
2023-09-29,1.1739793051053982,1.2762308544651475
2023-10-02,1.1629764868892505,1.2690541677727403
2023-10-03,1.1526859249283665,1.262316655522541
2023-10-04,1.1579674352020386,1.2657869529768193
2023-10-05,1.1530424919107056,1.2625568471347328
2023-10-06,1.161541498936158,1.2681405855949084
2023-10-09,1.1729476231412597,1.2756123301905549
2023-10-10,1.179236055715699,1.2797156347054033
2023-10-11,1.1841312878839765,1.2829030398619334
2023-10-12,1.1731188809826323,1.2757444500495603
2023-10-13,1.1777165580820095,1.278744381840482
2023-10-16,1.1855580670833277,1.2838528871994883
2023-10-17,1.1873241277580566,1.2850003782381
2023-10-18,1.1764001808477356,1.277906809304339
2023-10-19,1.1667624403308599,1.2716252049149475
2023-10-20,1.15713194996179,1.2653275865485931
2023-10-23,1.1535783640412791,1.262996071825553
2023-10-24,1.1618505172945441,1.2684301354609764
2023-10-25,1.1506871555678786,1.2611176916226106
2023-10-26,1.1458167735447666,1.2579150183827537
2023-10-27,1.138506333229978,1.253099634522812
2023-10-30,1.1474491715083517,1.259005407930203
2023-10-31,1.1521074044531376,1.2620720747322758
2023-11-01,1.1596553318495926,1.2670330853215763
2023-11-02,1.1787704854207022,1.2795641527898576
2023-11-03,1.1864821665674332,1.2845868052273661
2023-11-06,1.1838561526372944,1.2828809172131743
2023-11-07,1.182737555400236,1.2821536191983236
2023-11-08,1.1814480841704589,1.2813149038654612
2023-11-09,1.1725758551569223,1.275541589192798
2023-11-10,1.1829568918269528,1.2823171563102636
2023-11-13,1.1830477890107556,1.282376275464506
2023-11-14,1.2029274216131036,1.2953055093218395
2023-11-15,1.203384513957539,1.2956008260074738
2023-11-16,1.204034402174939,1.2960206398083878
2023-11-17,1.2077180241976537,1.2983996666013435
2023-11-20,1.211873641599281,1.3010802520396771
2023-11-21,1.212538267235184,1.3015083814717514
2023-11-22,1.2158951003281309,1.3036702661019002
2023-11-24,1.2171669513174075,1.3044884654599787
2023-11-27,1.2168836050242566,1.304306261052894
2023-11-28,1.2193872868762163,1.3059163910119367
2023-11-29,1.2190942932825382,1.3057281201612083
2023-11-30,1.2231871322646166,1.3083583358777313
2023-12-01,1.233913183887296,1.319831248469287
2023-12-04,1.227302763938888,1.3155888241590474
2023-12-05,1.2234209152332596,1.311427734553243
2023-12-06,1.2234708943091077,1.311481308875374
2023-12-07,1.2275556609488893,1.3158599133228597
2023-12-08,1.228568333600413,1.3169454326111893
2023-12-11,1.232088136070544,1.3207184321749568
2023-12-12,1.2343166210186522,1.3231072232529861
2023-12-13,1.2538717464871554,1.3440690472440153
2023-12-14,1.2618584833817146,1.3526303102906811
2023-12-15,1.2573673791765243,1.3478161383731346
2023-12-18,1.2613121626681558,1.352044689980614
2023-12-19,1.2696181355332001,1.3609481532466388
2023-12-20,1.254714325104404,1.3449722367787396
2023-12-21,1.2635055704646325,1.354395880631083
2023-12-22,1.265990110707897,1.3570591463494146
2023-12-26,1.2717608349120435,1.3632449877679687
2023-12-27,1.275332569703407,1.3670736554060152
2023-12-28,1.2732062437369975,1.364794372119021
2023-12-29,1.269644858387477,1.3609767984102192
2024-01-02,1.2693471207207159,1.3606576429756911
2024-01-03,1.2630194207703893,1.3538747597443648
2024-01-04,1.258199944926343,1.3487085947645168
2024-01-05,1.2585553279853154,1.3490895423142306
2024-01-08,1.2674059898704788,1.3585768768209676
2024-01-09,1.261912852320524,1.3526885902606935
2024-01-10,1.2635011879092533,1.3543911828164537
2024-01-11,1.2611008706819389,1.3518181986991877
2024-01-12,1.263205301588499,1.3540740119045618
2024-01-16,1.252084044207968,1.3421527465490872
2024-01-17,1.2444169389848911,1.3339341078875406
2024-01-18,1.2485763993993655,1.3383927792085863
2024-01-19,1.2562254856106416,1.3465921026601915
2024-01-22,1.2579698219944082,1.3484619179327428
2024-01-23,1.260584555738953,1.3512647426256774
2024-01-24,1.2560561989959973,1.3464106384079717
2024-01-25,1.2657177919719793,1.3567672383572638
2024-01-26,1.2674449225096562,1.3586186100806836
2024-01-29,1.2761949624282867,1.3679980843767825
2024-01-30,1.2794217467356686,1.3714569875076932
2024-01-31,1.2663596526922218,1.3574552713471904
2024-02-01,1.28283115198677,1.375111648425251
2024-02-02,1.284818039705402,1.3772414629700356
2024-02-05,1.2727509108194772,1.3643062848147618
2024-02-06,1.2791384418162464,1.3711533030406065
2024-02-07,1.2843735135453407,1.3767649598076488
2024-02-08,1.284350579178317,1.3767403756562624
2024-02-09,1.2842771915879054,1.3766617089273883
2024-02-12,1.2883211080115662,1.3809965245972615
2024-02-13,1.2707895594790939,1.3697209160039099
2024-02-14,1.2794866152781612,1.375345390558384
2024-02-15,1.2929016601039653,1.3897654867477394
2024-02-16,1.2892840916997774,1.3858768911420338
2024-02-20,1.2866235835069633,1.3841609915136186
2024-02-21,1.2910783877817131,1.3870365021358304
2024-02-22,1.303051700074417,1.394754432212866
2024-02-23,1.3066319965646225,1.3985866933565068
2024-02-26,1.3007950630575904,1.3923389835542022
2024-02-27,1.3032884554871045,1.3950078493728892
2024-02-28,1.304045372156126,1.3954939603440226
2024-02-29,1.3088018769184229,1.4005840237803568
2024-03-01,1.317427454168759,1.4098144855528814
2024-03-04,1.3178633628722514,1.4102809631586255
2024-03-05,1.3134884036841719,1.4074719063938497
2024-03-06,1.3207817688449506,1.412161041008853
2024-03-07,1.3306528502505337,1.4184934527315474
2024-03-08,1.3278979489033256,1.4167313960734789
2024-03-11,1.330343065230017,1.4182966096066136
2024-03-12,1.3331732661925801,1.4201069987616912
2024-03-13,1.3368611742512053,1.4224640325446143
2024-03-14,1.3303363280319918,1.418298442619431
2024-03-15,1.3256697130377029,1.4153133390906885
2024-03-18,1.3320514335194835,1.4194012958579207
2024-03-19,1.3389787292844535,1.423830229608449
2024-03-20,1.3488772387743526,1.4343560107366649
2024-03-21,1.3531662444126906,1.4389168120020368
2024-03-22,1.3490322040627218,1.4345207962237636
2024-03-25,1.3470631423996362,1.4324269545080235
2024-03-26,1.345140434709271,1.4303824042307345
2024-03-27,1.362171938953578,1.4484932002190383
2024-03-28,1.3661315884765437,1.4527037739691278
2024-04-01,1.3615697036669614,1.449793190244166
2024-04-02,1.3571416040990696,1.4469641781493923
2024-04-03,1.3596621827095183,1.4485766201877968
2024-04-04,1.348298199178572,1.441312344812134
2024-04-05,1.358850785137977,1.448080686899477
2024-04-08,1.36038656891264,1.449062666163573
2024-04-09,1.3645622884397002,1.4517314131547476
2024-04-10,1.3479514083467863,1.441128216817582
2024-04-11,1.3521990635551442,1.4438529808134524
2024-04-12,1.3346862090947416,1.4326330408815062
2024-04-15,1.3246348727225825,1.426159664670538
2024-04-16,1.318654508315307,1.422296432013757
2024-04-17,1.3188870198836207,1.4224469037432037
2024-04-18,1.3179969670801746,1.4218709395391396
2024-04-19,1.3201214938711097,1.4232461185326064
2024-04-22,1.3244454852839633,1.4260431810863867
2024-04-23,1.3335218819189245,1.4319067671715535
2024-04-24,1.3345265564216304,1.4325540457376131
2024-04-25,1.330138854000282,1.4297280453894226
2024-04-26,1.334935757554209,1.4328216776916973
2024-04-29,1.3424501674619458,1.4376609260300264
2024-04-30,1.3217390626122414,1.424352925376136
2024-05-01,1.3219784810159285,1.424507728837724
2024-05-02,1.3288834245428118,1.4289720127405938
2024-05-03,1.3390029038250795,1.4355010065157296
2024-05-06,1.3503070729851072,1.4427723034609514
2024-05-07,1.3549678637007347,1.4457602725938699
2024-05-08,1.3536733173296724,1.4449314985257378
2024-05-09,1.3663862152493178,1.453073462944985
2024-05-10,1.3674303747394765,1.4537397052252272
2024-05-13,1.3645255788173458,1.4518868209048614
2024-05-14,1.3698564532843076,1.4552901252485682
2024-05-15,1.382722903944463,1.4634914598692121
2024-05-16,1.3799128405120422,1.4617069358015307
2024-05-17,1.385542742623917,1.4652851039538426
2024-05-20,1.3829709108751271,1.4636531946801203
2024-05-21,1.3860765719376718,1.4656253015552725
2024-05-22,1.3768278591197614,1.459757596500364
2024-05-23,1.358883573600141,1.4483425280468025
2024-05-24,1.366697094200304,1.4533392714318172
2024-05-28,1.361913189570424,1.4502869624020138
2024-05-29,1.3472219893512507,1.4409002600909988
2024-05-30,1.3508416881980807,1.4432230955484395
2024-05-31,1.366092049410953,1.4529990776091795
2024-06-03,1.3631178502522598,1.4511010318796533
2024-06-04,1.362189753752392,1.450508231284286
2024-06-05,1.3712218665435294,1.4562788607784563
2024-06-06,1.3718974828829666,1.4567093757011502
2024-06-07,1.3613058519070864,1.4499615268251065
2024-06-10,1.365111515937696,1.4523936326244062
2024-06-11,1.3651164253415007,1.452396766604338
2024-06-12,1.367529021938254,1.4539368759010385
2024-06-13,1.3665104673690103,1.452853963564566
2024-06-14,1.3651231058288475,1.451378941045051
2024-06-17,1.3712469935593352,1.4578897690073083
2024-06-18,1.374090180350994,1.4609126036639422
2024-06-20,1.3785235526031647,1.4656261002688562
2024-06-21,1.376268067499531,1.4632281014603405
2024-06-24,1.383802230041941,1.4712383129978746
2024-06-25,1.3806163913602583,1.4678511758580681
2024-06-26,1.375232222576318,1.4644165541065162
2024-06-27,1.3781283411496394,1.467500487068385
2024-06-28,1.3715546417288529,1.4633004832746317
2024-07-01,1.364651563223392,1.4588815803133655
2024-07-02,1.3734681395418344,1.464536800065734
2024-07-03,1.3805081094158709,1.4690408557427674
2024-07-05,1.3879932734136267,1.4770060474353326
2024-07-08,1.3853691866670776,1.474213676558696
2024-07-09,1.3841961957306312,1.472965461066659
2024-07-10,1.3965104989946426,1.4860694873896145
2024-07-11,1.4022755239772176,1.4922042266033986
2024-07-12,1.4107100506812793,1.5011796641561435
2024-07-15,1.41011646681305,1.5005480134271174
2024-07-16,1.4296881158820212,1.5213748031435097
2024-07-17,1.4220470575121709,1.5164961529494845
2024-07-18,1.4107228546206885,1.5092503547055656
2024-07-19,1.3990522819045799,1.5017589544122854
2024-07-22,1.4074819367295173,1.5071880479978605
2024-07-23,1.4032618463102682,1.5044766228596558
2024-07-24,1.3834098719282724,1.4917063057072926
2024-07-25,1.3811919515521087,1.4902713792067024
2024-07-26,1.3986167512617083,1.5015519316019483
2024-07-29,1.4011312391568322,1.5031716608748205
2024-07-30,1.4027555945617831,1.5042172524412665
2024-07-31,1.4190826500204108,1.514722049683628
2024-08-01,1.408949762238043,1.5082325720408558
2024-08-02,1.3921169891442589,1.497421227021361
2024-08-05,1.3626316655180195,1.4783918136195466
2024-08-06,1.3697186811525814,1.4830052625047876
2024-08-07,1.3626074553716092,1.478385634225862
2024-08-08,1.383444525869537,1.491950168411573
2024-08-09,1.388180406084527,1.495014561881152
2024-08-12,1.38822215843744,1.4950415412457894
2024-08-13,1.4007012087091444,1.5031051059013885
2024-08-14,1.4030787117252437,1.504635897864974
2024-08-15,1.4174048099843013,1.513853725006153
2024-08-16,1.4226000571837998,1.519402488683183
2024-08-19,1.4317092947614063,1.5291315746448557
2024-08-20,1.429044212641181,1.5274237162546214
2024-08-21,1.4352193885603153,1.5313838919024403
2024-08-22,1.4274867171507,1.5264334201352194
2024-08-23,1.4406707819277218,1.534892173627109
2024-08-26,1.4418872911636453,1.5356698157624757
2024-08-27,1.4411641000437725,1.5352076786257014
2024-08-28,1.4352205723284897,1.5314088540284123
2024-08-29,1.4385239935124978,1.5335237436338063
2024-08-30,1.4471391060936472,1.5390341750580379
2024-09-03,1.4309836861326686,1.5287253899546582
2024-09-04,1.4313957191065856,1.528989495803591
2024-09-05,1.427589761985096,1.5265502254959216
2024-09-06,1.411156530087128,1.5160067957820855
2024-09-09,1.4239159833216268,1.5242312913932579
2024-09-10,1.426186251607043,1.5256894170134578
2024-09-11,1.4290689122785747,1.5275396851146015
2024-09-12,1.4393839042667835,1.5341551363968653
2024-09-13,1.4490733503255164,1.540351584778335
2024-09-16,1.4573071740311359,1.545603071899075
2024-09-17,1.4569787300650143,1.5453940655844023
2024-09-18,1.4507848080034567,1.5414521890700363
2024-09-19,1.4652385011413325,1.5506663785782042
2024-09-20,1.4665624397315165,1.5515070555290904
2024-09-23,1.4729385061002476,1.5555542798502393
2024-09-24,1.4767244158140929,1.5595525377775785
2024-09-25,1.4695895133043932,1.5520174451112443
2024-09-26,1.4743658213817488,1.557061651940547
2024-09-27,1.4779175451182096,1.5593122139441402
2024-09-30,1.4793458816216125,1.5602164142749646
2024-10-01,1.4799876675750214,1.5606225363285287
2024-10-02,1.4777032859603552,1.5591772307327338
2024-10-03,1.4719450800450842,1.5555318181638123
2024-10-04,1.4795111854362035,1.5603292733820897
2024-10-07,1.4669991665763067,1.5524119817164173
2024-10-08,1.4692794356323724,1.5538598013545573
2024-10-09,1.4748921847164835,1.5574213125138567
2024-10-10,1.472268849712496,1.5557592366465856
2024-10-11,1.4827564714472186,1.562408653043911
2024-10-14,1.4904838411983254,1.5672941387984052
2024-10-15,1.4849874435128507,1.5638263500285423
2024-10-16,1.4942100062077066,1.5696536665974508
2024-10-17,1.4906295949149968,1.567396953408469
2024-10-18,1.4962021502493077,1.5709126784216425
2024-10-21,1.4865687055152628,1.5648439929300209
2024-10-22,1.484894798162018,1.563786764754803
2024-10-23,1.4767618360755135,1.5586477265610383
2024-10-24,1.4791064810171435,1.5601325193361182
2024-10-25,1.4733131565638478,1.5564661083005435
2024-10-28,1.477760987162118,1.5592854264682365
2024-10-29,1.4730838176260612,1.556324307982344
2024-10-30,1.4732605452849434,1.5564363364554505
2024-10-31,1.4595980186758764,1.5477760137731398
2024-11-01,1.457871824955672,1.5466777273130026
2024-11-04,1.4587103098683376,1.5472114639214927
2024-11-05,1.4736373079859393,1.5567110427425563
2024-11-06,1.4932132234114168,1.5691187268651652
2024-11-07,1.5013338348832526,1.5742387740229085
2024-11-08,1.5107033221579975,1.5801334563985032
2024-11-11,1.5116583021159185,1.5807327782214853
2024-11-12,1.49938281733119,1.573030934038596
2024-11-13,1.498836369313246,1.5726869606545606
2024-11-14,1.4905102966771333,1.567445171969805
2024-11-15,1.479847500095543,1.5607172684891903
2024-11-18,1.4906645936597507,1.5675622000322442
2024-11-19,1.4925710957205223,1.568765110698048
2024-11-20,1.4961386136697623,1.5710148920478022
2024-11-21,1.5094183938699246,1.5793815228934847
2024-11-22,1.5179357069998105,1.5847287826208094
2024-11-25,1.522158659073523,1.5873740463172807
2024-11-26,1.5262648694839478,1.5899433284858795
2024-11-27,1.5256845305589561,1.589580597473524
2024-11-29,1.5353768510900447,1.5956395399424765
2024-12-02,1.5304245015001277,1.5925515040056266
2024-12-03,1.5260723724892264,1.5898342227826154
2024-12-04,1.5268731888584843,1.5903347882707124
2024-12-05,1.5228236681562675,1.5878040894429837
2024-12-06,1.521011370097739,1.5866703110566371
2024-12-09,1.5113021996829967,1.5805933338249398
2024-12-10,1.509098204569637,1.5792103066641154
2024-12-11,1.511528666109775,1.5807363345538237
2024-12-12,1.501096267239302,1.5741902971596837
2024-12-13,1.4943208692961534,1.5699271066098401
2024-12-16,1.4905520552164866,1.5675514066494045
2024-12-17,1.4834887625981812,1.563094504561087
2024-12-18,1.4452264154623262,1.5389051749021618
2024-12-19,1.4396487872448434,1.5353416747464501
2024-12-20,1.4539820275716702,1.5445132538438975
2024-12-23,1.456321356518086,1.5460042452706104
2024-12-24,1.4682165476547426,1.553580876312901
2024-12-26,1.4687963411760923,1.5539489784685745
2024-12-27,1.4580193666202805,1.5471079203317157
2024-12-30,1.4462690063524897,1.5396269186989913
2024-12-31,1.4466141271477346,1.5398473578832208
2025-01-02,1.4472613653422652,1.5402607292191142
2025-01-03,1.4567589081981183,1.5463254356924276
2025-01-06,1.4561745577900767,1.54595326872881
2025-01-07,1.4497762352414392,1.5418775866182288
2025-01-08,1.4526363131729167,1.543702650356203
2025-01-10,1.4389386671680013,1.5349688362901441
2025-01-13,1.4454807471123847,1.5391560427645845
2025-01-14,1.4517707311341286,1.5431746090174938
2025-01-15,1.4708682588467819,1.5553545569510707
2025-01-16,1.4786317582256452,1.5602802166343939
2025-01-17,1.4863778655840514,1.5651845200892651
2025-01-21,1.5015074591617017,1.5747435721491565
2025-01-22,1.4970073480250587,1.5719118095589093
2025-01-23,1.5030406376697087,1.5757129128422402
2025-01-24,1.503907498006556,1.5762581767528099
2025-01-27,1.5011633897229921,1.5745325028830022
2025-01-28,1.4986698302617594,1.5729632438217456
2025-01-29,1.4962909289520752,1.5714651456101498
2025-01-30,1.510350838699784,1.5803249165376216
2025-01-31,1.5001441372414033,1.5739171717075957
2025-02-03,1.4996113636868724,1.573581787356736
2025-02-04,1.5059368816864476,1.5775643071591694
2025-02-05,1.513075073040073,1.5820509318115417
2025-02-06,1.5129313384637306,1.5819607596484464
2025-02-07,1.5043178002074198,1.576556834495947
2025-02-10,1.51491535286082,1.5832207099333093
2025-02-11,1.5162050258468553,1.5840294034263196
2025-02-12,1.5080969183822905,1.5789469190349343
2025-02-13,1.523510993351538,1.5886298535542518
2025-02-14,1.5198692609508393,1.586351419790799
2025-02-18,1.5276589591416108,1.5912296810079283
2025-02-19,1.5311954812448847,1.5934398937931555
2025-02-20,1.5275954004547487,1.5911920374917965
2025-02-21,1.511188434181947,1.5809380262196076
2025-02-24,1.5108035781467632,1.580696454674903
2025-02-25,1.509074660921092,1.5796111143823957
2025-02-26,1.5065098537836756,1.5780003002992657
2025-02-27,1.491826472775128,1.568772197509482
2025-02-28,1.5110204180576738,1.5808825581724468
2025-03-03,1.4970658622131092,1.5721227107164848
2025-03-04,1.4780271001124814,1.5601267373777787
2025-03-05,1.4873238583043862,1.5660146352485376
2025-03-06,1.471492848321317,1.5560134805494465
2025-03-07,1.4792325761435778,1.560924053172736
2025-03-10,1.4607613371573218,1.5492292588487566
2025-03-11,1.449063858722541,1.5417857119592224
2025-03-12,1.4478207737119881,1.5409921358736065
2025-03-13,1.4397527929425604,1.5358398289815627
2025-03-14,1.4597640756200712,1.548647913167591
2025-03-17,1.472423090913125,1.55670580057985
2025-03-18,1.4652777190577482,1.5521731732868345
2025-03-19,1.4767290053276376,1.5594514028469675
2025-03-20,1.4744545691381536,1.5580102964448121
2025-03-21,1.4701885574538571,1.5553056393052818
2025-03-24,1.4849287773837425,1.5646618053828851
2025-03-25,1.4849118835488908,1.5646440044361047
2025-03-26,1.4808109259300541,1.562051309682222
2025-03-27,1.4799073063637083,1.561479393267095
2025-03-28,1.465110759934354,1.5521121164484974
2025-03-31,1.478025858737888,1.560321331158924
2025-04-01,1.4807584791521577,1.5620521936727851
2025-04-02,1.4884101046784088,1.5668952137628487
2025-04-03,1.4478635759158707,1.5403771998011375
2025-04-04,1.401053791673524,1.5005294142301904
2025-04-07,1.3922072068075535,1.492961112946949
2025-04-08,1.3800353947679023,1.482485740349966
2025-04-09,1.4270322759338576,1.5329715513904636
2025-04-10,1.4087593689077174,1.5133421098531692
2025-04-11,1.4199175173454746,1.525328611076542
2025-04-14,1.4259858988649585,1.5318474939282036
2025-04-15,1.4248260509017585,1.530601541778761
2025-04-16,1.4185776920378677,1.5238893205187654
2025-04-17,1.4218951132114568,1.527453018669716
2025-04-21,1.410017589645242,1.5146937377234868
2025-04-22,1.4235342028268556,1.5292137901623872
2025-04-23,1.4281187626310783,1.534138696118647
2025-04-24,1.4385964920282424,1.5453942657086963
2025-04-25,1.4397270903185646,1.54660879676335
2025-04-28,1.4424092167092446,1.5494900374496934
2025-04-29,1.4459905297012334,1.5533372180817862
2025-04-30,1.44457486293398,1.551816455785763
2025-05-01,1.4425882911488843,1.5496824059238887
2025-05-02,1.450418390639073,1.5580937922432077
2025-05-05,1.448973022208242,1.5565411233070465
2025-05-06,1.4476763296858806,1.5551481676036585
2025-05-07,1.4489087071408393,1.5564700963631077
2025-05-08,1.4498792547396853,1.5575030059805934
2025-05-09,1.4501499617045868,1.5577938073767759
2025-05-12,1.4615557206981533,1.5698855202065773
2025-05-13,1.4624348147753288,1.5708100474109175
2025-05-14,1.4578855831912523,1.5660530973237152
2025-05-15,1.4652208558458388,1.5736987751360998
2025-05-16,1.4702530075262747,1.5789119880825324
2025-05-19,1.4714372774238436,1.5801290809452566
2025-05-20,1.4708261718443898,1.5795059577355077
2025-05-21,1.4594554987547381,1.567853851388167
2025-05-22,1.4571514701011725,1.5655091912179782
2025-05-23,1.457829711426358,1.5661940069589624
2025-05-27,1.4676952925949691,1.576162178077451
2025-05-28,1.4621873755901118,1.5706255434917504
2025-05-29,1.4651093430936997,1.5735420741607606
2025-05-30,1.465499218726206,1.5739608044857911
2025-06-02,1.4691586254164548,1.5775589911078085
2025-06-03,1.471749806565709,1.5800872523522667
2025-06-04,1.4707677856210728,1.579032943549751
2025-06-05,1.467075867961943,1.575069258958864
2025-06-06,1.4713786609065254,1.5791810708549225
2025-06-09,1.4718665346621984,1.5796434560661243
2025-06-10,1.476783924433555,1.5842754010586182
2025-06-11,1.476612820617004,1.584091843015289
2025-06-12,1.480403123385596,1.588158032617907
2025-06-13,1.475007711596708,1.5823699020496549
2025-06-16,1.4773665968326335,1.584531333159168
2025-06-17,1.4725552815357574,1.5793710162425998
2025-06-18,1.4714638452547297,1.578200409712614
2025-06-20,1.4714806879400146,1.5782184741271106
2025-06-23,1.4778327731782746,1.5850313248525159
2025-06-24,1.4822028242912293,1.5897183693077173
2025-06-25,1.4783033902399731,1.5855360793811344
2025-06-26,1.484477394836367,1.5921579319091588
2025-06-27,1.4853959158950603,1.5931430803488122
2025-06-30,1.4897677547740087,1.5978320422503935
2025-07-01,1.4953923483161333,1.603864630724296
2025-07-02,1.4975782272285563,1.6062090682082975
2025-07-03,1.5002767849218448,1.6091033729993498
2025-07-07,1.4940814447006108,1.6038789822514283
2025-07-08,1.493657896774279,1.6035242836952384
2025-07-09,1.4974403260012619,1.6075849304671157
2025-07-10,1.5013676103092874,1.6118010871724058
2025-07-11,1.497543878359057,1.608662765003612
2025-07-14,1.4979965379166256,1.6090315718325783
2025-07-15,1.4877757952617887,1.60068236137937
2025-07-16,1.4906554171550845,1.6030210613013
2025-07-17,1.4943818657238115,1.606024778332782
2025-07-18,1.4949957791014679,1.6065154069443586
2025-07-21,1.49743343113437,1.6091348963117333
2025-07-22,1.5047481141556793,1.6169952201567348
2025-07-23,1.5091769305921152,1.6204693516057387
2025-07-24,1.506235969991288,1.6181795289580723
2025-07-25,1.5090047450498663,1.6203201056171426
2025-07-28,1.5045063872385815,1.616863075575381
2025-07-29,1.5051639461668374,1.6175697410705425
2025-07-30,1.4989902537650572,1.6128762364468534
2025-07-31,1.49421265432604,1.6077356582589044
2025-08-01,1.4882290081666847,1.6012974037916121
2025-08-04,1.4992166392634718,1.613119821613436
2025-08-05,1.49701285118446,1.6107486004438019
2025-08-06,1.4970962049262533,1.6108382869971465
2025-08-07,1.4969493644982317,1.610680290348195
2025-08-08,1.5003222519521455,1.614309433372283
2025-08-11,1.4974850454698345,1.611256669752427
2025-08-12,1.5057314913500603,1.6201296404485035
2025-08-13,1.5140767677411966,1.6291089503166212
2025-08-14,1.5098683890161695,1.6245808394616532
2025-08-15,1.5085693496817394,1.6231831054420693
