Date,s_base,s_regime
2018-06-20,0.0,0.0
2018-06-21,0.0,0.0
2018-06-22,0.0,0.0
2018-06-25,0.0,0.0
2018-06-26,0.0,0.0
2018-06-27,0.0,0.0
2018-06-28,0.0,0.0
2018-06-29,0.0,0.0
2018-07-02,0.0,0.0
2018-07-03,0.0,0.0
2018-07-05,0.0,0.0
2018-07-06,0.0,0.0
2018-07-09,0.0,0.0
2018-07-10,0.0,0.0
2018-07-11,0.0,0.0
2018-07-12,0.0,0.0
2018-07-13,0.0,0.0
2018-07-16,0.0,0.0
2018-07-17,0.0,0.0
2018-07-18,0.0,0.0
2018-07-19,0.0,0.0
2018-07-20,0.0,0.0
2018-07-23,0.0,0.0
2018-07-24,0.0,0.0
2018-07-25,0.0,0.0
2018-07-26,0.0,0.0
2018-07-27,0.0,0.0
2018-07-30,0.0,0.0
2018-07-31,0.0,0.0
2018-08-01,0.0,0.0
2018-08-02,0.0,0.0
2018-08-03,0.0,0.0
2018-08-06,0.0,0.0
2018-08-07,0.0,0.0
2018-08-08,0.0,0.0
2018-08-09,0.0,0.0
2018-08-10,0.0,0.0
2018-08-13,0.0,0.0
2018-08-14,0.0,0.0
2018-08-15,0.0,0.0
2018-08-16,0.0,0.0
2018-08-17,0.0,0.0
2018-08-20,0.0,0.0
2018-08-21,0.0,0.0
2018-08-22,0.0,0.0
2018-08-23,0.0,0.0
2018-08-24,0.0,0.0
2018-08-27,0.0,0.0
2018-08-28,0.0,0.0
2018-08-29,0.0,0.0
2018-08-30,0.0,0.0
2018-08-31,1.5,1.5
2018-09-04,1.5,1.5
2018-09-05,1.5,1.5
2018-09-06,1.5,1.5
2018-09-07,1.5,1.5
2018-09-10,1.5,1.5
2018-09-11,1.5,1.5
2018-09-12,1.5,1.5
2018-09-13,1.5,1.5
2018-09-14,1.5,1.5
2018-09-17,1.5,1.5
2018-09-18,1.5,1.5
2018-09-19,1.5,1.5
2018-09-20,1.5,1.5
2018-09-21,1.5,1.5
2018-09-24,1.5,1.5
2018-09-25,1.5,1.5
2018-09-26,1.5,1.5
2018-09-27,1.5,1.5
2018-09-28,1.5,1.5
2018-10-01,1.5,1.5
2018-10-02,1.5,1.5
2018-10-03,1.5,1.5
2018-10-04,1.5,1.5
2018-10-05,1.5,1.5
2018-10-08,1.5,1.5
2018-10-09,1.5,1.5
2018-10-10,1.5,1.0761260068659386
2018-10-11,1.5,0.9646445901098617
2018-10-12,1.5,0.9336082094881628
2018-10-15,1.5,0.9410512646294278
2018-10-16,1.4048241550588376,0.8428944930353024
2018-10-17,1.4171784760174728,0.8503070856104836
2018-10-18,1.3790198002790566,0.8274118801674338
2018-10-19,1.3913223099910579,0.8347933859946347
2018-10-22,1.3932283422371174,0.8359370053422704
2018-10-23,1.3932750541255694,0.8359650324753416
2018-10-24,1.2228602308598238,0.7337161385158941
2018-10-25,1.1773402444817067,0.706404146689024
2018-10-26,1.139471432740563,0.6836828596443378
2018-10-29,1.146879982929616,0.6881279897577695
2018-10-30,1.0948362626219574,0.6569017575731744
2018-10-31,1.0938682320913848,0.6563209392548308
2018-11-01,1.0708675011849973,0.6425205007109983
2018-11-02,1.074680049091955,0.6448080294551729
2018-11-05,1.0721424529568033,0.6432854717740819
2018-11-06,1.0719924060703152,0.6431954436421891
2018-11-07,1.0222493778853,0.6133496267311799
2018-11-08,1.0292073881013828,0.6175244328608296
2018-11-09,1.027572073292421,0.6165432439754525
2018-11-12,0.9984444028012703,0.5990666416807622
2018-11-13,1.0066454016220214,0.6039872409732128
2018-11-14,1.012489550548186,0.6074937303289115
2018-11-15,1.008579820659283,0.6051478923955699
2018-11-16,1.0118796687928293,0.6071278012756975
2018-11-19,0.9986302755876342,0.5991781653525805
2018-11-20,0.9669251308828752,0.5801550785297251
2018-11-21,0.9728840971928612,0.5837304583157167
2018-11-23,0.9758848908377128,0.5855309345026276
2018-11-26,0.9577659065572603,0.5746595439343561
2018-11-27,0.9652724446972385,0.5791634668183431
2018-11-28,0.9272514366335138,0.5563508619801082
2018-11-29,0.9349372238183646,0.5609623342910187
2018-11-30,0.9356888242495205,0.5614132945497122
2018-12-03,0.9263826893711379,0.5558296136226827
2018-12-04,0.8668575260688016,0.5201145156412809
2018-12-06,0.8734706592771964,0.5240823955663177
2018-12-07,0.8530286429611662,0.5118171857766997
2018-12-10,0.8600285065871707,0.5160171039523024
2018-12-11,0.8671651918550414,0.5202991151130247
2018-12-12,0.8713142181046748,0.5227885308628049
2018-12-13,0.8784993812150748,0.5270996287290448
2018-12-14,0.8650056419086851,0.519003385145211
2018-12-17,0.8438948193312962,0.5063368915987776
2018-12-18,0.8508700340693898,0.5105220204416338
2018-12-19,0.8454876481287766,0.5072925888772659
2018-12-20,0.8382421986022615,0.5029453191613569
2018-12-21,0.8254197457103714,0.5
2018-12-24,0.7886809016625884,0.5
2018-12-26,0.6788265238816501,0.5
2018-12-27,0.678429534278031,0.5
2018-12-28,0.6839692091633189,0.5
2018-12-31,0.6857118404819059,0.5
2019-01-02,0.6906993120154588,0.5
2019-01-03,0.6836445666694759,0.5
2019-01-04,0.6480304587970794,0.5
2019-01-07,0.6512979214029528,0.5
2019-01-08,0.6528520991148473,0.5
2019-01-09,0.6573709399503397,0.5
2019-01-10,0.6620283042694743,0.6620283042694743
2019-01-11,0.667426982013866,0.667426982013866
2019-01-14,0.6714697082095518,0.6714697082095518
2019-01-15,0.6740580609276738,0.6740580609276738
2019-01-16,0.6792870677128804,0.6792870677128804
2019-01-17,0.6816389159321502,0.6816389159321502
2019-01-18,0.6808902221523259,0.6808902221523259
2019-01-22,0.6801858831506251,0.5
2019-01-23,0.6856530566137774,0.6856530566137774
2019-01-24,0.6911009015978546,0.6911009015978546
2019-01-25,0.6935112586901693,0.6935112586901693
2019-01-28,0.6975198695430929,0.6975198695430929
2019-01-29,0.7030035325256376,0.7030035325256376
2019-01-30,0.6989432853375079,0.6989432853375079
2019-01-31,0.6994811462769421,0.6994811462769421
2019-02-01,0.7051297070210145,0.7051297070210145
2019-02-04,0.710005716416505,0.710005716416505
2019-02-05,0.7146120688867831,0.7146120688867831
2019-02-06,0.719448021789483,0.719448021789483
2019-02-07,0.7225301094321663,0.7225301094321663
2019-02-08,0.7282033510468031,0.7282033510468031
2019-02-11,0.7340631739754512,0.7340631739754512
2019-02-12,0.7317021532642568,0.7317021532642568
2019-02-13,0.7374127642788733,0.7374127642788733
2019-02-14,0.7431408856528278,0.7431408856528278
2019-02-15,0.7418856288328111,0.7418856288328111
2019-02-19,0.7470322522677094,0.7470322522677094
2019-02-20,0.7527747172486551,0.7527747172486551
2019-02-21,0.7562782800231689,0.7562782800231689
2019-02-22,0.7606324713411826,0.7606324713411826
2019-02-25,0.7667399142641922,0.7667399142641922
2019-02-26,0.7727698787326257,0.7727698787326257
2019-02-27,0.7784669077792473,0.7784669077792473
2019-02-28,0.7835345371931532,0.7835345371931532
2019-03-01,0.789384822440548,0.789384822440548
2019-03-04,0.7953647750128404,0.7953647750128404
2019-03-05,0.8015646233635287,0.8015646233635287
2019-03-06,0.8059552370541596,0.8059552370541596
2019-03-07,0.8090914363944867,0.8090914363944867
2019-03-08,0.8154977314259213,0.8154977314259213
2019-03-11,0.811543884931877,0.811543884931877
2019-03-12,0.8167954700478304,0.8167954700478304
2019-03-13,0.8206388474938827,0.8206388474938827
2019-03-14,0.8259355763025066,0.8259355763025066
2019-03-15,0.8311883651433588,0.8311883651433588
2019-03-18,0.8371358132383748,0.8371358132383748
2019-03-19,0.8435794865372629,0.8435794865372629
2019-03-20,0.8502797075370537,0.8502797075370537
2019-03-21,0.8499860971867521,0.8499860971867521
2019-03-22,0.8353182751509726,0.8353182751509726
2019-03-25,0.8419959853400537,0.8419959853400537
2019-03-26,0.8454054961768076,0.8454054961768076
2019-03-27,0.850341285474885,0.850341285474885
2019-03-28,0.8569794454464598,0.8569794454464598
2019-03-29,0.8612117212019038,0.8612117212019038
2019-04-01,0.8633171809355864,0.8633171809355864
2019-04-02,0.8701740174157772,0.8701740174157772
2019-04-03,0.8771082223407586,0.8771082223407586
2019-04-04,0.882935605722142,0.882935605722142
2019-04-05,0.8879667123232842,0.8879667123232842
2019-04-08,0.8950447020614668,0.8950447020614668
2019-04-09,0.8995200553456197,0.8995200553456197
2019-04-10,0.9063446016860824,0.9063446016860824
2019-04-11,0.9132275638057723,0.9132275638057723
2019-04-12,0.9179459533562156,0.9179459533562156
2019-04-15,0.9248718220783771,0.9248718220783771
2019-04-16,0.9319095114143195,0.9319095114143195
2019-04-17,0.9381969551101823,0.9381969551101823
2019-04-18,0.9455878623892663,0.9455878623892663
2019-04-22,0.9531356540551877,0.9531356540551877
2019-04-23,0.9565069352336365,0.9565069352336365
2019-04-24,0.963702995148081,0.963702995148081
2019-04-25,0.97035675729397,0.97035675729397
2019-04-26,0.975286252477151,0.975286252477151
2019-04-29,0.9828754172281233,0.9828754172281233
2019-04-30,0.9899054938860595,0.9899054938860595
2019-05-01,0.9825251198102412,0.9825251198102412
2019-05-02,0.9877300294342745,0.9877300294342745
2019-05-03,0.9842215553517097,0.9842215553517097
2019-05-06,0.9887852852824993,0.9887852852824993
2019-05-07,0.9711727214777932,0.5827036328866759
2019-05-08,0.977752775310751,0.5866516651864505
2019-05-09,0.984550880480819,0.5907305282884913
2019-05-10,0.9871389636510666,0.5922833781906399
2019-05-13,0.9487399302383149,0.5692439581429889
2019-05-14,0.9514248459538472,0.5708549075723083
2019-05-15,0.9559295425194377,0.5735577255116626
2019-05-16,0.9573989098991459,0.5744393459394874
2019-05-17,0.9598098929835084,0.575885935790105
2019-05-20,0.9627147842774566,0.5776288705664739
2019-05-21,0.9627365006964198,0.9627365006964198
2019-05-22,0.9690919694819594,0.9690919694819594
2019-05-23,0.9652141522131273,0.5791284913278764
2019-05-24,0.9726490448678431,0.5835894269207058
2019-05-28,0.9697479864730177,0.5818487918838107
2019-05-29,0.9722960202833334,0.58337761217
2019-05-30,0.9789805873348422,0.5873883524009053
2019-05-31,0.9765450115180133,0.585927006910808
2019-06-03,0.9811186332345806,0.5886711799407482
2019-06-04,0.9454643375506835,0.5672786025304101
2019-06-05,0.9481097943092156,0.5688658765855293
2019-06-06,0.9480729279095614,0.5688437567457368
2019-06-07,0.9461765379590632,0.5677059227754379
2019-06-10,0.9537227782793392,0.5722336669676035
2019-06-11,0.9611890420449357,0.5767134252269613
2019-06-12,0.9687613952255035,0.5812568371353021
2019-06-13,0.9726801462303547,0.5836080877382128
2019-06-14,0.9802443606177842,0.5881466163706704
2019-06-17,0.9879759629940583,0.5927855777964349
2019-06-18,0.9860656669625649,0.5916394001775389
2019-06-19,0.9934871291792734,0.9934871291792734
2019-06-20,0.9813520016565558,0.9813520016565558
2019-06-21,0.9887429290244313,0.5932457574146587
2019-06-24,0.9966266862623957,0.5979760117574374
2019-06-25,0.9962052176988423,0.5977231306193053
2019-06-26,1.0004562091310645,0.6002737254786387
2019-06-27,1.0071914617692965,0.6043148770615778
2019-06-28,1.0107362295038618,0.606441737702317
2019-07-01,1.017640724618962,1.017640724618962
2019-07-02,1.0230170563268228,1.0230170563268228
2019-07-03,1.0239039874276668,1.0239039874276668
2019-07-05,1.0278290451840022,1.0278290451840022
2019-07-08,1.0308907132662302,1.0308907132662302
2019-07-09,1.0389866742963192,1.0389866742963192
2019-07-10,1.0447408623307328,1.0447408623307328
2019-07-11,1.0530048648018047,1.0530048648018047
2019-07-12,1.0580511447209082,1.0580511447209082
2019-07-15,1.066398713474904,1.066398713474904
2019-07-16,1.0706071568689433,1.0706071568689433
2019-07-17,1.0752881274172006,1.0752881274172006
2019-07-18,1.0812503407450054,1.0812503407450054
2019-07-19,1.0799504356318637,1.0799504356318637
2019-07-22,1.088542483591201,1.088542483591201
2019-07-23,1.0932801993318324,1.0932801993318324
2019-07-24,1.099832473217571,1.099832473217571
2019-07-25,1.1001452561893372,1.1001452561893372
2019-07-26,1.1036528898526194,1.1036528898526194
2019-07-29,1.1118170831108005,1.1118170831108005
2019-07-30,1.1204508792267587,1.1204508792267587
2019-07-31,1.1028419100249907,0.6617051460149943
2019-08-01,1.1074962566384992,0.6644977539830995
2019-08-02,1.1071900548725693,0.6643140329235415
2019-08-05,1.0162440476666341,0.6097464285999804
2019-08-06,1.0017534126360736,0.6010520475816442
2019-08-07,1.0084291371192033,0.605057482271522
2019-08-08,0.970179542866705,0.582107725720023
2019-08-09,0.9702818181313446,0.5821690908788066
2019-08-12,0.9676727516323593,0.5806036509794156
2019-08-13,0.9603314782918216,0.5761988869750929
2019-08-14,0.8929363556759249,0.535761813405555
2019-08-15,0.8981153155142263,0.5388691893085357
2019-08-16,0.8908089523432192,0.5344853714059314
2019-08-19,0.8905939578002137,0.5343563746801281
2019-08-20,0.8942826010687204,0.5365695606412322
2019-08-21,0.8980687959819978,0.5388412775891986
2019-08-22,0.9047618080625917,0.5428570848375549
2019-08-23,0.8678709377099458,0.5207225626259674
2019-08-26,0.8673409921653464,0.5204045952992078
2019-08-27,0.8742180676306911,0.5245308405784146
2019-08-28,0.8769372047671141,0.5261623228602684
2019-08-29,0.8736082099786852,0.5241649259872111
2019-08-30,0.8805667652126636,0.5283400591275982
2019-09-03,0.8864046534386703,0.5318427920632022
2019-09-04,0.8825797378657279,0.5295478427194367
2019-09-05,0.8872172304541471,0.8872172304541471
2019-09-06,0.8942819735266141,0.8942819735266141
2019-09-09,0.9011881283675071,0.9011881283675071
2019-09-10,0.9082527562704731,0.9082527562704731
2019-09-11,0.9114015192698923,0.9114015192698923
2019-09-12,0.9184934761661976,0.9184934761661976
2019-09-13,0.9247243130252364,0.9247243130252364
2019-09-16,0.932074417290354,0.932074417290354
2019-09-17,0.9390205348126217,0.9390205348126217
2019-09-18,0.9464062231236672,0.9464062231236672
2019-09-19,0.9539425309591574,0.9539425309591574
2019-09-20,0.9610849855132233,0.9610849855132233
2019-09-23,0.9687300796406223,0.9687300796406223
2019-09-24,0.9722150988238591,0.5833290592943154
2019-09-25,0.9798988552305887,0.9798988552305887
2019-09-26,0.9867507693905405,0.5920504616343243
2019-09-27,0.9912937850488244,0.5947762710292945
2019-09-30,0.9987398685102925,0.5992439211061754
2019-10-01,0.9839316304638839,0.5903589782783303
2019-10-02,0.955566041811924,0.5733396250871543
2019-10-03,0.9551278653387696,0.5730767192032618
2019-10-04,0.943130460981855,0.5658782765891129
2019-10-07,0.945097923244763,0.5670587539468578
2019-10-08,0.9293586137082834,0.55761516822497
2019-10-09,0.9298081921390047,0.5578849152834028
2019-10-10,0.9356720376509443,0.5614032225905665
2019-10-11,0.9358748640725341,0.9358748640725341
2019-10-14,0.9430222338731734,0.9430222338731734
2019-10-15,0.9469895341935071,0.9469895341935071
2019-10-16,0.9543647661931933,0.9543647661931933
2019-10-17,0.96130508807616,0.96130508807616
2019-10-18,0.9669060141699399,0.9669060141699399
2019-10-21,0.9723990789948763,0.9723990789948763
2019-10-22,0.9801150447896788,0.9801150447896788
2019-10-23,0.9863080384935964,0.9863080384935964
2019-10-24,0.9941600089559877,0.9941600089559877
2019-10-25,1.0013100468728096,1.0013100468728096
2019-10-28,1.0092870264487723,1.0092870264487723
2019-10-29,1.0173268422658988,1.0173268422658988
2019-10-30,1.023912608187767,1.023912608187767
2019-10-31,1.0318256696447201,1.0318256696447201
2019-11-01,1.028964542306112,1.028964542306112
2019-11-04,1.0366119606713278,1.0366119606713278
2019-11-05,1.0420529616501035,1.0420529616501035
2019-11-06,1.0503370424715548,1.0503370424715548
2019-11-07,1.0581295457021778,0.6348777274213067
2019-11-08,1.0664769409474533,0.6398861645684718
2019-11-11,1.0727217959699091,0.6436330775819454
2019-11-12,1.0807369719971962,0.6484421831983177
2019-11-13,1.0892814301703233,0.653568858102194
2019-11-14,1.0965881567700813,1.0965881567700813
2019-11-15,1.1011746866954222,1.1011746866954222
2019-11-18,1.1098847313048696,1.1098847313048696
2019-11-19,1.1179572957305326,1.1179572957305326
2019-11-20,1.1262146844097067,1.1262146844097067
2019-11-21,1.1343069553378593,1.1343069553378593
2019-11-22,1.143108370371484,1.143108370371484
2019-11-25,1.1477600518531441,1.1477600518531441
2019-11-26,1.155851189841174,1.155851189841174
2019-11-27,1.1640114614345638,1.1640114614345638
2019-11-29,1.1694438671739311,1.1694438671739311
2019-12-02,1.158912843985424,0.6953477063912543
2019-12-03,1.1644588600435992,0.6986753160261595
2019-12-04,1.168279884705031,1.168279884705031
2019-12-05,1.1775827018156098,1.1775827018156098
2019-12-06,1.1782429554720166,0.70694577328321
2019-12-09,1.1852282778640935,0.711136966718456
2019-12-10,1.1941656228771957,0.7164993737263173
2019-12-11,1.2004901398562269,1.2004901398562269
2019-12-12,1.2028836324079253,0.7217301794447551
2019-12-13,1.212446255927105,0.7274677535562629
2019-12-16,1.2154992740585226,0.7292995644351136
2019-12-17,1.2251347086570954,0.7350808251942571
2019-12-18,1.2344862889810964,0.7406917733886578
2019-12-19,1.2420831138301767,0.7452498682981059
2019-12-20,1.2467388195475217,0.748043291728513
2019-12-23,1.2566615072351122,0.7539969043410673
2019-12-24,1.2665975183596139,0.7599585110157683
2019-12-26,1.2719927753761882,0.7631956652257128
2019-12-27,1.2814104257510541,0.7688462554506323
2019-12-30,1.2812854819498092,0.7687712891698855
2019-12-31,1.2911830741244825,0.7747098444746895
2020-01-02,1.2913527893061763,0.7748116735837056
2020-01-03,1.2952726216776154,0.7771635730065691
2020-01-06,1.3036826433183588,0.7822095859910152
2020-01-07,1.3101046034600574,0.7860627620760344
2020-01-08,1.3205290752829573,0.7923174451697743
2020-01-09,1.3239549131370145,0.7943729478822086
2020-01-10,1.331907158870819,0.7991442953224912
2020-01-13,1.3371869058454193,0.8023121435072516
2020-01-14,1.3474781504930207,0.8084868902958123
2020-01-15,1.3548582096632114,0.8129149257979267
2020-01-16,1.3559034729025596,0.8135420837415358
2020-01-17,1.366473636518584,0.8198841819111502
2020-01-21,1.3722025605911858,0.8233215363547114
2020-01-22,1.382233895969365,0.8293403375816188
2020-01-23,1.393093770304292,1.393093770304292
2020-01-24,1.3784927378672642,0.8270956427203584
2020-01-27,1.3263493456603233,0.7958096073961938
2020-01-28,1.3262207731662357,0.7957324638997414
2020-01-29,1.3367814428468896,0.8020688657081337
2020-01-30,1.3464374600625384,0.8078624760375229
2020-01-31,1.2726440427654866,0.7635864256592919
2020-02-03,1.2772951208697891,0.7663770725218734
2020-02-04,1.268885222273988,0.7613311333643927
2020-02-05,1.2422860252073087,0.7453716151243852
2020-02-06,1.2517261875498644,0.7510357125299185
2020-02-07,1.2548896075391358,0.7529337645234815
2020-02-10,1.2600037773862347,0.7560022664317407
2020-02-11,1.269547007118227,0.7617282042709361
2020-02-12,1.2735855534752258,0.7641513320851354
2020-02-13,1.2836451758728413,0.7701871055237046
2020-02-14,1.2937549523089455,0.7762529713853672
2020-02-18,1.3036822788918578,0.7822093673351146
2020-02-19,1.3112632341955155,0.7867579405173093
2020-02-20,1.3199143524108012,0.7919486114464807
2020-02-21,1.3158230556849408,0.7894938334109645
2020-02-24,1.117324934060928,0.6703949604365567
2020-02-25,0.9581591817294983,0.5748955090376989
2020-02-26,0.9597240450626048,0.5758344270375628
2020-02-27,0.8049945109105426,0.5
2020-02-28,0.7999878191045148,0.5
2020-03-02,0.6880962284443481,0.5
2020-03-03,0.6772980647140417,0.5
2020-03-04,0.6199774779795708,0.5
2020-03-05,0.6009110565022326,0.5
2020-03-06,0.5999240200597489,0.5
2020-03-09,0.5,0.5
2020-03-10,0.5,0.5
2020-03-11,0.5,0.5
2020-03-12,0.5,0.5
2020-03-13,0.5,0.5
2020-03-16,0.5,0.5
2020-03-17,0.5,0.5
2020-03-18,0.5,0.5
2020-03-19,0.5,0.5
2020-03-20,0.5,0.5
2020-03-23,0.5,0.5
2020-03-24,0.5,0.5
2020-03-25,0.5,0.5
2020-03-26,0.5,0.5
2020-03-27,0.5,0.5
2020-03-30,0.5,0.5
2020-03-31,0.5,0.5
2020-04-01,0.5,0.5
2020-04-02,0.5,0.5
2020-04-03,0.5,0.5
2020-04-06,0.5,0.5
2020-04-07,0.5,0.5
2020-04-08,0.5,0.5
2020-04-09,0.5,0.5
2020-04-13,0.5,0.5
2020-04-14,0.5,0.5
2020-04-15,0.5,0.5
2020-04-16,0.5,0.5
2020-04-17,0.5,0.5
2020-04-20,0.5,0.5
2020-04-21,0.5,0.5
2020-04-22,0.5,0.5
2020-04-23,0.5,0.5
2020-04-24,0.5,0.5
2020-04-27,0.5,0.5
2020-04-28,0.5,0.5
2020-04-29,0.5,0.5
2020-04-30,0.5,0.5
2020-05-01,0.5,0.5
2020-05-04,0.5,0.5
2020-05-05,0.5,0.5
2020-05-06,0.5,0.5
2020-05-07,0.5,0.5
2020-05-08,0.5,0.5
2020-05-11,0.5,0.5
2020-05-12,0.5,0.5
2020-05-13,0.5,0.5
2020-05-14,0.5,0.5
2020-05-15,0.5,0.5
2020-05-18,0.5,0.5
2020-05-19,0.5,0.5
2020-05-20,0.5,0.5
2020-05-21,0.5,0.5
2020-05-22,0.5,0.5
2020-05-26,0.5,0.5
2020-05-27,0.5,0.5
2020-05-28,0.5,0.5
2020-05-29,0.5,0.5
2020-06-01,0.5,0.5
2020-06-02,0.5,0.5
2020-06-03,0.5,0.5
2020-06-04,0.5,0.5
2020-06-05,0.5,0.5
2020-06-08,0.5,0.5
2020-06-09,0.5,0.5
2020-06-10,0.5,0.5
2020-06-11,0.5,0.5
2020-06-12,0.5,0.5
2020-06-15,0.5,0.5
2020-06-16,0.5,0.5
2020-06-17,0.5,0.5
2020-06-18,0.5,0.5
2020-06-19,0.5,0.5
2020-06-22,0.5,0.5
2020-06-23,0.5,0.5
2020-06-24,0.5,0.5
2020-06-25,0.5,0.5
2020-06-26,0.5,0.5
2020-06-29,0.5,0.5
2020-06-30,0.5,0.5
2020-07-01,0.5,0.5
2020-07-02,0.5,0.5
2020-07-06,0.5,0.5
2020-07-07,0.5,0.5
2020-07-08,0.5,0.5
2020-07-09,0.5,0.5
2020-07-10,0.5,0.5
2020-07-13,0.5,0.5
2020-07-14,0.5,0.5
2020-07-15,0.5,0.5
2020-07-16,0.5,0.5
2020-07-17,0.5,0.5
2020-07-20,0.5,0.5
2020-07-21,0.5,0.5
2020-07-22,0.5,0.5
2020-07-23,0.5,0.5
2020-07-24,0.5,0.5
2020-07-27,0.5,0.5
2020-07-28,0.5,0.5
2020-07-29,0.5,0.5
2020-07-30,0.5,0.5
2020-07-31,0.5,0.5
2020-08-03,0.5,0.5
2020-08-04,0.5,0.5
2020-08-05,0.5,0.5
2020-08-06,0.5,0.5
2020-08-07,0.5,0.5
2020-08-10,0.5,0.5
2020-08-11,0.5,0.5
2020-08-12,0.5,0.5
2020-08-13,0.5,0.5
2020-08-14,0.5,0.5
2020-08-17,0.5,0.5
2020-08-18,0.5,0.5
2020-08-19,0.5,0.5
2020-08-20,0.5,0.5
2020-08-21,0.5,0.5
2020-08-24,0.5,0.5
2020-08-25,0.5,0.5
2020-08-26,0.5,0.5
2020-08-27,0.5,0.5
2020-08-28,0.5,0.5
2020-08-31,0.5,0.5
2020-09-01,0.5,0.5
2020-09-02,0.5,0.5
2020-09-03,0.5,0.5
2020-09-04,0.5,0.5
2020-09-08,0.5,0.5
2020-09-09,0.5,0.5
2020-09-10,0.5,0.5
2020-09-11,0.5,0.5
2020-09-14,0.5,0.5
2020-09-15,0.5,0.5
2020-09-16,0.5,0.5
2020-09-17,0.5,0.5
2020-09-18,0.5,0.5
2020-09-21,0.5,0.5
2020-09-22,0.5,0.5
2020-09-23,0.5,0.5
2020-09-24,0.5,0.5
2020-09-25,0.5,0.5
2020-09-28,0.5,0.5
2020-09-29,0.5,0.5
2020-09-30,0.5,0.5
2020-10-01,0.5,0.5
2020-10-02,0.5,0.5
2020-10-05,0.5,0.5
2020-10-06,0.5,0.5
2020-10-07,0.5,0.5
2020-10-08,0.5,0.5
2020-10-09,0.5,0.5
2020-10-12,0.5,0.5
2020-10-13,0.5,0.5
2020-10-14,0.5,0.5
2020-10-15,0.5,0.5
2020-10-16,0.5008593774648894,0.5
2020-10-19,0.500641166152488,0.5
2020-10-20,0.5044287482841373,0.5
2020-10-21,0.508218243609719,0.5
2020-10-22,0.5114697160406662,0.5
2020-10-23,0.5154023359969524,0.5
2020-10-26,0.5131181087321118,0.5
2020-10-27,0.5166751589297542,0.5
2020-10-28,0.5,0.5
2020-10-29,0.5020503210356867,0.5
2020-10-30,0.5050096912593973,0.5
2020-11-02,0.5028464759403497,0.5
2020-11-03,0.5027473775213561,0.5
2020-11-04,0.5043455561216994,0.5
2020-11-05,0.5020398489423882,0.5
2020-11-06,0.5056704206086354,0.5
2020-11-09,0.5046580579468942,0.5
2020-11-10,0.5081194025856521,0.5
2020-11-11,0.5121666952150248,0.5
2020-11-12,0.5140049852085385,0.5
2020-11-13,0.5137422687832418,0.5
2020-11-16,0.5138734506315529,0.5
2020-11-17,0.5173116719012758,0.5
2020-11-18,0.5174333148479672,0.5
2020-11-19,0.5214450200198018,0.5
2020-11-20,0.5251369813806644,0.5
2020-11-23,0.5284134622465773,0.5
2020-11-24,0.5286389155151126,0.5
2020-11-25,0.5321133784002562,0.5
2020-11-27,0.5363224980518125,0.5
2020-11-30,0.5371986248805357,0.5
2020-12-01,0.5400355000311039,0.5
2020-12-02,0.5442602245788684,0.5
2020-12-03,0.5485933767872392,0.5
2020-12-04,0.5516846826705952,0.5
2020-12-07,0.555927686525287,0.5
2020-12-08,0.5602021738346361,0.5
2020-12-09,0.5631854883065808,0.5
2020-12-10,0.5676681694964024,0.5
2020-12-11,0.5719126248302218,0.5
2020-12-14,0.5735992352882957,0.5
2020-12-15,0.5735028324706556,0.5
2020-12-16,0.5779177318029831,0.5
2020-12-17,0.5819688211940591,0.5
2020-12-18,0.5858495473337371,0.5
2020-12-21,0.5886832907714104,0.5
2020-12-22,0.5920620287237369,0.5
2020-12-23,0.5965057335676738,0.5
2020-12-24,0.6010912331034592,0.5
2020-12-28,0.6055053700404028,0.5
2020-12-29,0.6100103686807979,0.5
2020-12-30,0.614426849416507,0.5
2020-12-31,0.6186073852164846,0.5
2021-01-04,0.6189969880464803,0.5
2021-01-05,0.6216357538614318,0.5
2021-01-06,0.622638451215454,0.5
2021-01-07,0.6260546001816654,0.5
2021-01-08,0.6309471213172813,0.5
2021-01-11,0.6346606777781385,0.5
2021-01-12,0.6394198542283239,0.5
2021-01-13,0.6445147493404801,0.5
2021-01-14,0.6493437236830789,0.5
2021-01-15,0.6501214642157357,0.5
2021-01-19,0.6538570126884852,0.5
2021-01-20,0.6555922726332868,0.5
2021-01-21,0.658230228478413,0.5
2021-01-22,0.6623835094461962,0.5
2021-01-25,0.6673847766458795,0.5
2021-01-26,0.6711886611897834,0.5
2021-01-27,0.6489122195361311,0.5
2021-01-28,0.6512103431858556,0.5
2021-01-29,0.6403049248819633,0.5
2021-02-01,0.6399173148516687,0.5
2021-02-02,0.6409881295512894,0.5
2021-02-03,0.6459496477609795,0.5
2021-02-04,0.650026274231993,0.5
2021-02-05,0.6540060491077023,0.5
2021-02-08,0.6563242820229498,0.5
2021-02-09,0.6612874029325291,0.5
2021-02-10,0.6664718371384577,0.5
2021-02-11,0.6708611942866594,0.5
2021-02-12,0.6759948087172597,0.5
2021-02-16,0.6808485391670213,0.5
2021-02-17,0.6862639877989727,0.5
2021-02-18,0.6897835322997429,0.5
2021-02-19,0.6951081551371139,0.5
2021-02-22,0.700341150609861,0.5
2021-02-23,0.7057915845340297,0.5
2021-02-24,0.7083000751118936,0.5
2021-02-25,0.6846522850730978,0.5
2021-02-26,0.6863119766946049,0.5
2021-03-01,0.6733595475339106,0.5
2021-03-02,0.6775016576105501,0.5
2021-03-03,0.6773753683456191,0.5
2021-03-04,0.6773069967677672,0.5
2021-03-05,0.6656791078916442,0.5
2021-03-08,0.6709282658837619,0.5
2021-03-09,0.671647151704596,0.5
2021-03-10,0.6730019349909737,0.5
2021-03-11,0.6777619605651296,0.5
2021-03-12,0.6831360745651072,0.5
2021-03-15,0.6876428189741832,0.5
2021-03-16,0.6911045293074837,0.5
2021-03-17,0.6965551376406881,0.5
2021-03-18,0.6915461196840202,0.5
2021-03-19,0.6970547337010096,0.5
2021-03-22,0.7021691818844588,0.5
2021-03-23,0.7040804964625711,0.5
2021-03-24,0.7095535287543193,0.5
2021-03-25,0.7136834241936187,0.5
2021-03-26,0.7109236607732341,0.5
2021-03-29,0.7160818583385551,0.5
2021-03-30,0.7203524611598525,0.5
2021-03-31,0.7260404405751785,0.5
2021-04-01,0.7262477130849267,0.5
2021-04-05,0.7280808966706688,0.5
2021-04-06,0.7338703787764651,0.5
2021-04-07,0.7390467664381055,0.5
2021-04-08,0.7447396078545039,0.5
2021-04-09,0.7504270933544944,0.5
2021-04-12,0.7563090416046674,0.5
2021-04-13,0.7621533239722829,0.5
2021-04-14,0.7681615609557892,0.5
2021-04-15,0.7679244667728529,0.5
2021-04-16,0.7736959307576126,0.5
2021-04-19,0.7768094545345805,0.5
2021-04-20,0.7794410734359611,0.5
2021-04-21,0.7806132229228451,0.5
2021-04-22,0.7788649355255628,0.5
2021-04-23,0.7816775525426094,0.5
2021-04-26,0.7878330885224838,0.5
2021-04-27,0.7936868788042014,0.5
2021-04-28,0.7997226081926527,0.5
2021-04-29,0.8034387119317594,0.5
2021-04-30,0.804801104288899,0.5
2021-05-03,0.8084514328018652,0.5
2021-05-04,0.8138319143664091,0.5
2021-05-05,0.8200455094446035,0.5
2021-05-06,0.8211709609868036,0.5
2021-05-07,0.8245320879446246,0.5
2021-05-10,0.8271141558475161,0.5
2021-05-11,0.821691293552861,0.5
2021-05-12,0.7937194684210349,0.5
2021-05-13,0.7927550917350685,0.5
2021-05-14,0.7839312715192583,0.5
2021-05-17,0.7901609323065087,0.5
2021-05-18,0.7889283885428243,0.5
2021-05-19,0.7913675523292744,0.5
2021-05-20,0.7934710121449703,0.5
2021-05-21,0.7997931891519882,0.5
2021-05-24,0.8028036343649463,0.5
2021-05-25,0.8075903834332347,0.5
2021-05-26,0.8140059259193582,0.5
2021-05-27,0.8204872170058675,0.5
2021-05-28,0.8270238992791195,0.5
2021-06-01,0.8335369807782731,0.5001221884669639
2021-06-02,0.8401324027488402,0.5040794416493041
2021-06-03,0.8448875677346473,0.5069325406407883
2021-06-04,0.8471738341364354,0.5083043004818611
2021-06-07,0.8529342121394173,0.5117605272836504
2021-06-08,0.8595277830826513,0.5157166698495907
2021-06-09,0.8655164253799259,0.5193098552279555
2021-06-10,0.871981144592001,0.5231886867552006
2021-06-11,0.878829488828668,0.5272976932972007
2021-06-14,0.8843812388598685,0.530628743315921
2021-06-15,0.8912756436033827,0.5347653861620296
2021-06-16,0.8878773623932817,0.5327264174359689
2021-06-17,0.8873696865679827,0.5324218119407895
2021-06-18,0.8711753983501418,0.522705239010085
2021-06-21,0.8561182016983,0.5136709210189799
2021-06-22,0.8623606994290642,0.5174164196574385
2021-06-23,0.8682310274461597,0.5209386164676958
2021-06-24,0.8727999831855238,0.5236799899113143
2021-06-25,0.8788974155278225,0.5273384493166935
2021-06-28,0.8857347728465857,0.5314408637079514
2021-06-29,0.8907578346437132,0.5344547007862278
2021-06-30,0.8970022480120303,0.8970022480120303
2021-07-01,0.9003175110344497,0.5401905066206698
2021-07-02,0.90554576734417,0.90554576734417
2021-07-06,0.9085126158110095,0.9085126158110095
2021-07-07,0.9148320445402639,0.9148320445402639
2021-07-08,0.9124726352505279,0.5474835811503167
2021-07-09,0.9092489345110966,0.9092489345110966
2021-07-12,0.9162001974166515,0.9162001974166515
2021-07-13,0.917616461828388,0.917616461828388
2021-07-14,0.9249253920587961,0.9249253920587961
2021-07-15,0.932027663824608,0.932027663824608
2021-07-16,0.9282572095551409,0.5569543257330845
2021-07-19,0.9089710236979175,0.5453826142187504
2021-07-20,0.9015989153890274,0.5409593492334164
2021-07-21,0.9050848053031234,0.9050848053031234
2021-07-22,0.9122967497392783,0.9122967497392783
2021-07-23,0.9144300097200762,0.9144300097200762
2021-07-26,0.9208243977708073,0.9208243977708073
2021-07-27,0.9278055602571568,0.556683336154294
2021-07-28,0.9351451528806295,0.5610870917283777
2021-07-29,0.9398542521507187,0.9398542521507187
2021-07-30,0.9423899431412213,0.5654339658847327
2021-08-02,0.9491218364404317,0.5694731018642589
2021-08-03,0.9501387041518846,0.5700832224911307
2021-08-04,0.9482279696437786,0.5689367817862672
2021-08-05,0.9534866680337027,0.9534866680337027
2021-08-06,0.96082390040273,0.96082390040273
2021-08-09,0.9657433658022764,0.9657433658022764
2021-08-10,0.971083436086189,0.971083436086189
2021-08-11,0.9746979802043891,0.9746979802043891
2021-08-12,0.9824620533766578,0.9824620533766578
2021-08-13,0.9894903270820028,0.9894903270820028
2021-08-16,0.9973747813220042,0.9973747813220042
2021-08-17,0.9968407976696441,0.5981044786017864
2021-08-18,0.9881321691790615,0.592879301507437
2021-08-19,0.9946943290987103,0.5968165974592261
2021-08-20,0.9975609995820134,0.598536599749208
2021-08-23,0.9955221825627498,0.9955221825627498
2021-08-24,1.003411626216061,1.003411626216061
2021-08-25,1.0113528579146485,1.0113528579146485
2021-08-26,1.012028057265591,0.6072168343593546
2021-08-27,1.003469061259034,1.003469061259034
2021-08-30,1.0114418100018188,1.0114418100018188
2021-08-31,1.01831681947375,1.01831681947375
2021-09-01,1.0262696495798038,1.0262696495798038
2021-09-02,1.0302619852731947,1.0302619852731947
2021-09-03,1.036144987175857,1.036144987175857
2021-09-07,1.0292316155684813,0.6175389693410887
2021-09-08,1.0373280427699785,0.622396825661987
2021-09-09,1.0446847059735458,0.6268108235841274
2021-09-10,1.0416490381087047,0.6249894228652227
2021-09-13,1.04690604347843,0.628143626087058
2021-09-14,1.0495638734969264,0.6297383240981558
2021-09-15,1.0478460076142906,0.6287076045685742
2021-09-16,1.0467228394746864,0.6280337036848118
2021-09-17,1.0375302720522783,0.6225181632313669
2021-09-20,1.0119632914013093,0.6071779748407855
2021-09-21,1.019931034775305,0.6119586208651829
2021-09-22,1.0149748641000305,0.6089849184600182
2021-09-23,1.012114139546091,0.6072684837276545
2021-09-24,1.0201555918580898,0.6120933551148539
2021-09-27,1.0280005670789696,0.6168003402473817
2021-09-28,0.9886333524771574,0.5931800114862944
2021-09-29,0.9958792427656356,0.5975275456593813
2021-09-30,0.9857028045280007,0.5914216827168004
2021-10-01,0.9717324453992516,0.5830394672395509
2021-10-04,0.9747776738785041,0.5848666043271024
2021-10-05,0.9764087980626844,0.5858452788376106
2021-10-06,0.9827318092798032,0.5896390855678818
2021-10-07,0.9865829526419958,0.5919497715851975
2021-10-08,0.994321555573089,0.5965929333438533
2021-10-11,0.9941923938318002,0.5965154362990801
2021-10-12,1.0019583046036253,0.6011749827621752
2021-10-13,1.005155077435833,0.6030930464614997
2021-10-14,0.9795249853575843,0.5877149912145505
2021-10-15,0.9866381480929012,0.5919828888557407
2021-10-18,0.9944970657706084,0.596698239462365
2021-10-19,0.9980988243759844,0.5988592946255905
2021-10-20,1.0013737972847936,0.600824278370876
2021-10-21,1.0092187121695646,0.6055312273017387
2021-10-22,1.0165608101289436,0.6099364860773662
2021-10-25,1.0210793026515175,0.6126475815909104
2021-10-26,1.0292103036611826,0.6175261821967095
2021-10-27,1.0276973387564197,0.6166184032538518
2021-10-28,1.0277957042964045,0.6166774225778426
2021-10-29,1.0355207293115745,0.6213124375869445
2021-11-01,1.0421374583982936,0.6252824750389762
2021-11-02,1.0500296278327637,0.6300177766996581
2021-11-03,1.0581331620887007,0.6348798972532204
2021-11-04,1.0655421569453747,0.6393252941672248
2021-11-05,1.0653366562351176,0.6392019937410706
2021-11-08,1.0736469055143423,0.6441881433086054
2021-11-09,1.0820928125086327,0.6492556875051796
2021-11-10,1.0804066559293992,0.6482439935576395
2021-11-11,1.0889434508382991,0.6533660705029795
2021-11-12,1.0952844893240248,0.6571706935944147
2021-11-15,1.1039041011626443,0.6623424606975865
2021-11-16,1.1124511349511221,0.6674706809706733
2021-11-17,1.119315405120911,0.6715892430725465
2021-11-18,1.1273421693249197,0.6764053015949517
2021-11-19,1.1296563134948852,0.677793788096931
2021-11-22,1.1373779366713404,0.682426762002804
2021-11-23,1.1461634664534297,0.6876980798720578
2021-11-24,1.1549042888796641,0.6929425733277984
2021-11-26,1.0849194198550176,0.6509516519130104
2021-11-29,1.085371560263148,0.6512229361578887
2021-11-30,1.0152428856225073,0.6091457313735044
2021-12-01,1.0097435335655953,0.6058461201393572
2021-12-02,0.9791754804968533,0.5875052882981119
2021-12-03,0.9862036150273298,0.5917221690163978
2021-12-06,0.9767384900082821,0.5860430940049692
2021-12-07,0.9582183784767264,0.5749310270860358
2021-12-08,0.9657897923741325,0.5794738754244795
2021-12-09,0.9691574645812723,0.5814944787487633
2021-12-10,0.9713868133477483,0.5828320880086489
2021-12-13,0.9753812582098219,0.5852287549258931
2021-12-14,0.9781256337302727,0.5868753802381637
2021-12-15,0.974696097923418,0.5848176587540508
2021-12-16,0.9824626577512912,0.5894775946507747
2021-12-17,0.9699703522733285,0.5819822113639971
2021-12-20,0.9590998197945931,0.5754598918767558
2021-12-21,0.9426590995331984,0.565595459719919
2021-12-22,0.94170464901706,0.565022789410236
2021-12-23,0.9466331832766259,0.5679799099659755
2021-12-27,0.9375791166919015,0.5625474700151409
2021-12-28,0.945046807456166,0.5670280844736996
2021-12-29,0.952456901350308,0.5714741408101848
2021-12-30,0.9598696176093104,0.5759217705655861
2021-12-31,0.967465037930843,0.5804790227585057
2022-01-03,0.9750757912572755,0.5850454747543652
2022-01-04,0.9788343129102816,0.5873005877461689
2022-01-05,0.9647977077190721,0.5788786246314432
2022-01-06,0.9720442619972506,0.5832265571983504
2022-01-07,0.9796710891049998,0.5878026534629999
2022-01-10,0.9846853790145265,0.5908112274087158
2022-01-11,0.979069478711539,0.5874416872269234
2022-01-12,0.9864282347077472,0.5918569408246482
2022-01-13,0.9853168520239217,0.5911901112143529
2022-01-14,0.9921549304815821,0.5952929582889492
2022-01-18,0.9660766289184874,0.5796459773510924
2022-01-19,0.9712696434928835,0.58276178609573
2022-01-20,0.9676738247997071,0.5806042948798242
2022-01-21,0.9447281917879033,0.5668369150727419
2022-01-24,0.9517870662988209,0.5710722397792924
2022-01-25,0.9535212345726047,0.5721127407435628
2022-01-26,0.953091735545472,0.5718550413272832
2022-01-27,0.9606228794218948,0.5763737276531369
2022-01-28,0.9386193524410672,0.5631716114646402
2022-01-31,0.9206693981343889,0.5524016388806333
2022-02-01,0.92166019620669,0.552996117724014
2022-02-02,0.9211107518852502,0.5526664511311501
2022-02-03,0.8870769299573739,0.5322461579744243
2022-02-04,0.8941435914581067,0.536486154874864
2022-02-07,0.9011705905114576,0.5407023543068745
2022-02-08,0.9057945065405127,0.5434767039243076
2022-02-09,0.8967211375610296,0.5380326825366176
2022-02-10,0.8756161269004396,0.5253696761402636
2022-02-11,0.8767609756519927,0.5260565853911956
2022-02-14,0.8790556329564815,0.5274333797738888
2022-02-15,0.8794007091622021,0.5276404254973212
2022-02-16,0.8850899842217327,0.5310539905330396
2022-02-17,0.8760769502308242,0.5256461701384945
2022-02-18,0.8817928942476243,0.5290757365485745
2022-02-22,0.8797749617848442,0.5278649770709064
2022-02-23,0.8661565071643129,0.5196939042985876
2022-02-24,0.8689960232532818,0.521397613951969
2022-02-25,0.8191734189542793,0.5
2022-02-28,0.8251126798189251,0.5
2022-03-01,0.8239522511052849,0.5
2022-03-02,0.8172148378380583,0.5
2022-03-03,0.8237072792059235,0.5
2022-03-04,0.82998334565375,0.5
2022-03-07,0.8020476323487264,0.5
2022-03-08,0.8065937180824361,0.5
2022-03-09,0.8004550339693334,0.5
2022-03-10,0.8067755295209134,0.5
2022-03-11,0.8045292833481428,0.5
2022-03-14,0.805372680117714,0.5
2022-03-15,0.8003784250213252,0.5
2022-03-16,0.7861391288470762,0.5
2022-03-17,0.7803772575087032,0.5
2022-03-18,0.7838595510581771,0.5
2022-03-21,0.7899238324723745,0.5
2022-03-22,0.7938302650202052,0.5
2022-03-23,0.798530998665897,0.5
2022-03-24,0.7963531080414065,0.5
2022-03-25,0.8004885361064598,0.5
2022-03-28,0.8067973067239712,0.5
2022-03-29,0.8064178001390448,0.5
2022-03-30,0.812659549167139,0.5
2022-03-31,0.8059330609889911,0.5
2022-04-01,0.8113631224351702,0.5
2022-04-04,0.817016474752274,0.5
2022-04-05,0.8113449174299601,0.5
2022-04-06,0.8161013231179767,0.5
2022-04-07,0.8213908063673916,0.5
2022-04-08,0.8277621794606936,0.5
2022-04-11,0.8164562913708515,0.5
2022-04-12,0.822917388400375,0.5
2022-04-13,0.8210916305859762,0.5
2022-04-14,0.8200637023428922,0.5
2022-04-18,0.8265257227278808,0.5
2022-04-19,0.8251200301167247,0.5
2022-04-20,0.8311545191460841,0.5
2022-04-21,0.8148968390132302,0.5
2022-04-22,0.7692362181880679,0.5
2022-04-25,0.7753615029529459,0.5
2022-04-26,0.7555645515061374,0.5
2022-04-27,0.7615722363743962,0.5
2022-04-28,0.7397584192927485,0.5
2022-04-29,0.6928194686796987,0.5
2022-05-02,0.6983059378157662,0.5
2022-05-03,0.7007707778691128,0.5
2022-05-04,0.6626492532482559,0.5
2022-05-05,0.6304204417115533,0.5
2022-05-06,0.6348827247811599,0.5
2022-05-09,0.6102644808201114,0.5
2022-05-10,0.6151270848939057,0.5
2022-05-11,0.6192337480140578,0.5
2022-05-12,0.6241633488370738,0.5
2022-05-13,0.616825518269449,0.5
2022-05-16,0.6216880929480695,0.5
2022-05-17,0.617543553536234,0.5
2022-05-18,0.5894346304189837,0.5
2022-05-19,0.5940874196708305,0.5
2022-05-20,0.598719969577583,0.5
2022-05-23,0.5944118218982496,0.5
2022-05-24,0.5991482419910209,0.5
2022-05-25,0.6012519838921668,0.5
2022-05-26,0.5961844116533485,0.5
2022-05-27,0.5877126113326651,0.5
2022-05-31,0.5888117567228535,0.5
2022-06-01,0.5924718946979577,0.5
2022-06-02,0.5883731780899826,0.5
2022-06-03,0.588724644529606,0.5
2022-06-06,0.5933831471579443,0.5
2022-06-07,0.5940203063079824,0.5
2022-06-08,0.5943541588292535,0.5
2022-06-09,0.5853343261490573,0.5
2022-06-10,0.5763650363271069,0.5
2022-06-13,0.5365830123228862,0.5
2022-06-14,0.5398266276941921,0.5
2022-06-15,0.5401937025769585,0.5
2022-06-16,0.5288646227990732,0.5
2022-06-17,0.5329539245242179,0.5
2022-06-21,0.5262833211984663,0.5
2022-06-22,0.5304528525965907,0.5
2022-06-23,0.5337792239102711,0.5
2022-06-24,0.5222135641931467,0.5
2022-06-27,0.5263746622387547,0.5
2022-06-28,0.5277602551449095,0.5
2022-06-29,0.5319617288390001,0.5
2022-06-30,0.5356820078420462,0.5
2022-07-01,0.5353679310626288,0.5
2022-07-05,0.5383831102603727,0.5
2022-07-06,0.5426622095521825,0.5
2022-07-07,0.5430276295013339,0.5
2022-07-08,0.5472159397045356,0.5
2022-07-11,0.5505715747760189,0.5
2022-07-12,0.5542255056180432,0.5
2022-07-13,0.5586167059345303,0.5
2022-07-14,0.561510425596955,0.5
2022-07-15,0.5579819817840481,0.5
2022-07-18,0.5620134090978408,0.5
2022-07-19,0.5509086110656443,0.5
2022-07-20,0.5549991613983456,0.5
2022-07-21,0.5567407922528135,0.5
2022-07-22,0.560951567180158,0.5
2022-07-25,0.564814310395969,0.5
2022-07-26,0.5675521093129482,0.5
2022-07-27,0.5618641113113605,0.5
2022-07-28,0.5604911820973462,0.5
2022-07-29,0.5603470050488667,0.5603470050488667
2022-08-01,0.564808260570901,0.564808260570901
2022-08-02,0.5671051378536625,0.5
2022-08-03,0.5686978799910559,0.5
2022-08-04,0.5731506329207907,0.5
2022-08-05,0.5771855886563662,0.5
2022-08-08,0.5813250989606427,0.5
2022-08-09,0.5859023490478359,0.5
2022-08-10,0.5829472876170163,0.5
2022-08-11,0.5875861206444299,0.5
2022-08-12,0.5844707677487272,0.5
2022-08-15,0.5891276740894179,0.5
2022-08-16,0.593534889695005,0.5
2022-08-17,0.5959611881732249,0.5
2022-08-18,0.6003763068606455,0.5
2022-08-19,0.5997710566080594,0.5
2022-08-22,0.5941425625799942,0.5
2022-08-23,0.5988416432764538,0.5
2022-08-24,0.6032790054984807,0.5
2022-08-25,0.6018552972802014,0.5
2022-08-26,0.5830038778700909,0.5
2022-08-29,0.5871779640866135,0.5
2022-08-30,0.5867441561241357,0.5
2022-08-31,0.5892368746677046,0.5
2022-09-01,0.5939096347736821,0.5
2022-09-02,0.5977072207471771,0.5
2022-09-06,0.6012586168356764,0.5
2022-09-07,0.5924903274381841,0.5
2022-09-08,0.5967015614906962,0.5
2022-09-09,0.594323304775704,0.5
2022-09-12,0.5967325793295969,0.5
2022-09-13,0.5610565262841262,0.5
2022-09-14,0.5651219577102432,0.5
2022-09-15,0.5659181838619404,0.5
2022-09-16,0.5684036616005967,0.5
2022-09-19,0.5707381008022042,0.5
2022-09-20,0.570837676941804,0.5
2022-09-21,0.5709948528172628,0.5
2022-09-22,0.5730154772283158,0.5
2022-09-23,0.5662143969772286,0.5
2022-09-26,0.5655866718349546,0.5
2022-09-27,0.5696020013969364,0.5
2022-09-28,0.5521683144775551,0.5
2022-09-29,0.5489432087252595,0.5
2022-09-30,0.5494634453229904,0.5
2022-10-03,0.5301110022628975,0.5
2022-10-04,0.5134539952886538,0.5
2022-10-05,0.5171053657256668,0.5
2022-10-06,0.5193593765007231,0.5
2022-10-07,0.5125945808110893,0.5
2022-10-10,0.5159070202064197,0.5
2022-10-11,0.5197210272231892,0.5
2022-10-12,0.5237971847714631,0.5
2022-10-13,0.5153342936876053,0.5
2022-10-14,0.5092646024963707,0.5
2022-10-17,0.5034065184815658,0.5
2022-10-18,0.5035060165855366,0.5
2022-10-19,0.5064719259305025,0.5
2022-10-20,0.5080963920609949,0.5
2022-10-21,0.5015233636528846,0.5
2022-10-24,0.5040737302835836,0.5
2022-10-25,0.5011035787098717,0.5
2022-10-26,0.5050658783511377,0.5
2022-10-27,0.5090131553006598,0.5
2022-10-28,0.5073311543701734,0.5
2022-10-31,0.5103275701595259,0.5
2022-11-01,0.5143454942059034,0.5
2022-11-02,0.5089219606073769,0.5
2022-11-03,0.512706320741045,0.5
2022-11-04,0.5122889668261432,0.5
2022-11-07,0.5157134781591187,0.5
2022-11-08,0.5180737317138407,0.5
2022-11-09,0.5154451180735826,0.5
2022-11-10,0.5,0.5
2022-11-11,0.5,0.5
2022-11-14,0.5,0.5
2022-11-15,0.5,0.5
2022-11-16,0.5,0.5
2022-11-17,0.5,0.5
2022-11-18,0.5,0.5
2022-11-21,0.5,0.5
2022-11-22,0.5,0.5
2022-11-23,0.5,0.5
2022-11-25,0.5,0.5
2022-11-28,0.5,0.5
2022-11-29,0.5034471286181783,0.5
2022-11-30,0.5,0.5
2022-12-01,0.5,0.5
2022-12-02,0.5027962214062757,0.5
2022-12-05,0.5,0.5
2022-12-06,0.5002546509099907,0.5
2022-12-07,0.5041999163993793,0.5
2022-12-08,0.5078410792417544,0.5
2022-12-09,0.5097377818820568,0.5
2022-12-12,0.510711381654748,0.5
2022-12-13,0.5131666699995533,0.5
2022-12-14,0.5165072856196531,0.5
2022-12-15,0.5104078769853801,0.5
2022-12-16,0.5126004851046199,0.5
2022-12-19,0.514766007413312,0.5
2022-12-20,0.5187792741496732,0.5
2022-12-21,0.519002585395938,0.5
2022-12-22,0.5196764624399759,0.5
2022-12-23,0.5228817553092933,0.5
2022-12-27,0.5269380423795782,0.5
2022-12-28,0.5276498802101669,0.5
2022-12-29,0.5264458544666731,0.5
2022-12-30,0.5303540121530756,0.5
2023-01-03,0.5345621483286195,0.5
2023-01-04,0.5359996714790061,0.5
2023-01-05,0.538358208948355,0.5
2023-01-06,0.5282164226968051,0.5
2023-01-09,0.5324200362812945,0.5
2023-01-10,0.5361944082080404,0.5
2023-01-11,0.5378542508736333,0.5
2023-01-12,0.541415603092332,0.541415603092332
2023-01-13,0.5455554064972632,0.5455554064972632
2023-01-17,0.549213249435657,0.549213249435657
2023-01-18,0.5480965584743669,0.5480965584743669
2023-01-19,0.5516197025091547,0.5516197025091547
2023-01-20,0.5522114809071518,0.5522114809071518
2023-01-23,0.5552648261668623,0.5552648261668623
2023-01-24,0.5596382702106368,0.5596382702106368
2023-01-25,0.5640975240623324,0.5640975240623324
2023-01-26,0.5672584572321415,0.5672584572321415
2023-01-27,0.5717463104193425,0.5717463104193425
2023-01-30,0.5725601535220284,0.5725601535220284
2023-01-31,0.5717720556476088,0.5717720556476088
2023-02-01,0.5747786470320455,0.5747786470320455
2023-02-02,0.5785225482305473,0.5785225482305473
2023-02-03,0.575881312653378,0.575881312653378
2023-02-06,0.5797348980474247,0.5
2023-02-07,0.5822118206455421,0.5
2023-02-08,0.5837338191702061,0.5
2023-02-09,0.5841519359532193,0.5
2023-02-10,0.5880540893307759,0.5
2023-02-13,0.5904548582755313,0.5
2023-02-14,0.5950507078212193,0.5
2023-02-15,0.5997790285457211,0.5
2023-02-16,0.5986026710401874,0.5
2023-02-17,0.6033406860236658,0.5
2023-02-21,0.5956535930158134,0.5
2023-02-22,0.6003936583439257,0.5
2023-02-23,0.6047809233146859,0.5
2023-02-24,0.6071774105662122,0.5
2023-02-27,0.6117457157144088,0.5
2023-02-28,0.6161854494284976,0.5
2023-03-01,0.6207886608712128,0.5
2023-03-02,0.6239677452559416,0.5
2023-03-03,0.6181526752726882,0.5
2023-03-06,0.6227846681520189,0.5
2023-03-07,0.6183920760783672,0.5
2023-03-08,0.6233169814666675,0.5
2023-03-09,0.61899993400802,0.5
2023-03-10,0.622040807190197,0.5
2023-03-13,0.6269771683046764,0.5
2023-03-14,0.6264309782403306,0.5
2023-03-15,0.6294218002608928,0.5
2023-03-16,0.6285628832826535,0.5
2023-03-17,0.6311049705623498,0.5
2023-03-20,0.6322987427117085,0.5
2023-03-21,0.6343884423645296,0.5
2023-03-22,0.6324103421061228,0.5
2023-03-23,0.6374472655324143,0.5
2023-03-24,0.6404708704116276,0.5
2023-03-27,0.6455001891710823,0.6455001891710823
2023-03-28,0.6505049651365938,0.6505049651365938
2023-03-29,0.6501836103349108,0.6501836103349108
2023-03-30,0.6540472250306711,0.6540472250306711
2023-03-31,0.6520834397110786,0.6520834397110786
2023-04-03,0.6556536294728135,0.6556536294728135
2023-04-04,0.6600511380103853,0.6600511380103853
2023-04-05,0.665184491476072,0.665184491476072
2023-04-06,0.6704831590943529,0.6704831590943529
2023-04-10,0.6757830693618745,0.6757830693618745
2023-04-11,0.6807523357769623,0.6807523357769623
2023-04-12,0.6856001405902019,0.6856001405902019
2023-04-13,0.6861112651119212,0.6861112651119212
2023-04-14,0.6896954542686193,0.6896954542686193
2023-04-17,0.6951848801164091,0.6951848801164091
2023-04-18,0.7007047215106786,0.7007047215106786
2023-04-19,0.7061128138979993,0.7061128138979993
2023-04-20,0.7109079928376477,0.7109079928376477
2023-04-21,0.7164368736204508,0.7164368736204508
2023-04-24,0.7213720055396806,0.7213720055396806
2023-04-25,0.7187477294023049,0.7187477294023049
2023-04-26,0.7167749402784783,0.7167749402784783
2023-04-27,0.7083952118429472,0.7083952118429472
2023-04-28,0.7097258158067483,0.7097258158067483
2023-05-01,0.713952090709343,0.713952090709343
2023-05-02,0.7156738047353324,0.7156738047353324
2023-05-03,0.7191518000525645,0.7191518000525645
2023-05-04,0.7217275933435379,0.5
2023-05-05,0.7175202796076053,0.7175202796076053
2023-05-08,0.7230303580359995,0.7230303580359995
2023-05-09,0.728122492211834,0.728122492211834
2023-05-10,0.7336999149543378,0.7336999149543378
2023-05-11,0.7389980686397252,0.7389980686397252
2023-05-12,0.7447575517470814,0.7447575517470814
2023-05-15,0.7506363863425901,0.7506363863425901
2023-05-16,0.7472485704390784,0.7472485704390784
2023-05-17,0.7480544058330441,0.7480544058330441
2023-05-18,0.7529599140652241,0.5
2023-05-19,0.7589304318411833,0.5
2023-05-22,0.7646063671204691,0.5
2023-05-23,0.7663783234594432,0.5
2023-05-24,0.7681340963306799,0.5
2023-05-25,0.7735869221377543,0.5
2023-05-26,0.7734983880220575,0.5
2023-05-30,0.7795853097583113,0.5
2023-05-31,0.784695727570029,0.5
2023-06-01,0.7852229365274308,0.7852229365274308
2023-06-02,0.7765647215866902,0.5
2023-06-05,0.7825991833562446,0.5
2023-06-06,0.7880191525441758,0.5
2023-06-07,0.7942956204770969,0.5
2023-06-08,0.7979584591398526,0.5
2023-06-09,0.8040116138302704,0.5
2023-06-12,0.8087016878753841,0.5
2023-06-13,0.8134348566549725,0.5
2023-06-14,0.8197899954987689,0.5
2023-06-15,0.8138627489198763,0.5
2023-06-16,0.8197359177820132,0.5
2023-06-20,0.820459816969151,0.5
2023-06-21,0.8268294095301805,0.5
2023-06-22,0.8328011634720066,0.5
2023-06-23,0.8356325465710014,0.5013795279426008
2023-06-26,0.8422396333712087,0.5053437800227252
2023-06-27,0.8437055141339749,0.5062233084803849
2023-06-28,0.8500765616139215,0.5100459369683529
2023-06-29,0.856241693451482,0.5137450160708892
2023-06-30,0.8520769220804942,0.5112461532482965
2023-07-03,0.8585824371776776,0.5151494623066065
2023-07-05,0.8633156430170008,0.5179893858102005
2023-07-06,0.8574120512170608,0.5144472307302365
2023-07-07,0.8641473195405972,0.5184883917243583
2023-07-10,0.8703203571321245,0.5221922142792746
2023-07-11,0.868416539011183,0.5210499234067097
2023-07-12,0.867983335867154,0.5207900015202924
2023-07-13,0.8721538460588036,0.5232923076352821
2023-07-14,0.8763234422897179,0.5257940653738307
2023-07-17,0.8832998431046464,0.5299799058627878
2023-07-18,0.8866953601225075,0.5320172160735044
2023-07-19,0.892593741645286,0.5355562449871716
2023-07-20,0.898697779787254,0.5392186678723524
2023-07-21,0.9058222997069084,0.543493379824145
2023-07-24,0.9126080005055458,0.5475648003033274
2023-07-25,0.9194117997373411,0.5516470798424046
2023-07-26,0.9266876042592868,0.556012562555572
2023-07-27,0.9181420803635365,0.5508852482181218
2023-07-28,0.9182056889804954,0.5509234133882972
2023-07-31,0.9251079674070919,0.5550647804442551
2023-08-01,0.9256379675219423,0.5553827805131653
2023-08-02,0.9159052238467321,0.5495431343080392
2023-08-03,0.9180890152868857,0.5508534091721313
2023-08-04,0.9248619575123348,0.5549171745074009
2023-08-07,0.9279920481746122,0.5567952289047673
2023-08-08,0.934092519752179,0.5604555118513074
2023-08-09,0.9399255795564386,0.5639553477338631
2023-08-10,0.9466276518804794,0.5679765911282876
2023-08-11,0.9541322166814403,0.5724793300088641
2023-08-14,0.9617345319428382,0.5770407191657029
2023-08-15,0.9441896157601627,0.5665137694560975
2023-08-16,0.9444615677785891,0.5666769406671535
2023-08-17,0.946361618793106,0.5678169712758635
2023-08-18,0.9535860543706155,0.5721516326223692
2023-08-21,0.9611677684544758,0.5767006610726855
2023-08-22,0.968407986240523,0.5810447917443138
2023-08-23,0.9613728947310723,0.5768237368386434
2023-08-24,0.9515481084069819,0.570928865044189
2023-08-25,0.95347673166601,0.572086038999606
2023-08-28,0.9567750921544756,0.5740650552926854
2023-08-29,0.9426855877194881,0.5656113526316927
2023-08-30,0.9498857846840608,0.5699314708104365
2023-08-31,0.9564504365232093,0.5738702619139255
2023-09-01,0.9640703879387423,0.5784422327632454
2023-09-05,0.9598047881926692,0.5758828729156015
2023-09-06,0.965559493736132,0.5793356962416792
2023-09-07,0.9732369370573389,0.5839421622344033
2023-09-08,0.9802617962420197,0.5881570777452118
2023-09-11,0.9843454244157234,0.590607254649434
2023-09-12,0.9913049772235399,0.594782986334124
2023-09-13,0.999195515952663,0.5995173095715978
2023-09-14,0.9955585652254743,0.5973351391352846
2023-09-15,0.9870863577680661,0.5922518146608395
2023-09-18,0.9948548967109409,0.5969129380265644
2023-09-19,1.0006302997940524,0.6003781798764314
2023-09-20,1.0025374396066589,0.6015224637639952
2023-09-21,0.9638903856522807,0.5783342313913683
2023-09-22,0.9712487500559558,0.5827492500335734
2023-09-25,0.9788701441144364,0.5873220864686618
2023-09-26,0.9576866726339809,0.5746120035803884
2023-09-27,0.9649514221625038,0.5789708532975023
2023-09-28,0.970695918188325,0.582417550912995
2023-09-29,0.9753449868242178,0.5852069920945306
2023-10-02,0.9673186575280439,0.5803911945168263
2023-10-03,0.9615958579701425,0.5769575147820853
2023-10-04,0.9640301691520744,0.5784181014912445
2023-10-05,0.9691077746850714,0.5814646648110428
2023-10-06,0.9644688479903948,0.5786813087942368
2023-10-09,0.9515997625722853,0.5709598575433711
2023-10-10,0.9530535417460462,0.5718321250476276
2023-10-11,0.9569971328213988,0.5741982796928392
2023-10-12,0.9486529226121014,0.5691917535672608
2023-10-13,0.9528347015162697,0.5717008209097618
2023-10-16,0.9513722717514221,0.5708233630508532
2023-10-17,0.9584527503001309,0.5750716501800784
2023-10-18,0.9502486953895101,0.5701492172337059
2023-10-19,0.9458609666627313,0.5675165799976388
2023-10-20,0.9416795390040085,0.565007723402405
2023-10-23,0.9479511080053795,0.5687706648032277
2023-10-24,0.9442470268197035,0.566548216091822
2023-10-25,0.9358092374007657,0.5614855424404593
2023-10-26,0.9407648090287734,0.564458885417264
2023-10-27,0.9420546520453602,0.5652327912272161
2023-10-30,0.9357496374321637,0.5614497824592982
2023-10-31,0.9392061133625852,0.563523668017551
2023-11-01,0.9373703507191591,0.5624222104314954
2023-11-02,0.8904279037156759,0.5342567422294056
2023-11-03,0.8896784495453366,0.5338070697272019
2023-11-06,0.8959037981415727,0.5375422788849435
2023-11-07,0.9028960064468736,0.5417376038681241
2023-11-08,0.9098972037870445,0.5459383222722267
2023-11-09,0.9070930648306423,0.5442558388983854
2023-11-10,0.899502576865197,0.5397015461191181
2023-11-13,0.9066675464439974,0.5440005278663984
2023-11-14,0.8613538005725563,0.5168122803435338
2023-11-15,0.8682134143113862,0.5209280485868317
2023-11-16,0.87511538911161,0.525069233466966
2023-11-17,0.8807071381549132,0.5284242828929478
2023-11-20,0.8859838493260774,0.5315903095956465
2023-11-21,0.8930358451715815,0.5358215071029488
2023-11-22,0.8991096891529285,0.539465813491757
2023-11-24,0.9061961383644517,0.543717683018671
2023-11-27,0.9133451949187245,0.5480071169512346
2023-11-28,0.9201199907104065,0.5520719944262439
2023-11-29,0.9273718211550213,0.5564230926930127
2023-11-30,0.933165261784223,0.5598991570705337
2023-12-01,0.9277201376551342,0.9277201376551342
2023-12-04,0.9285815116751112,0.5571489070050667
2023-12-05,0.9335085087975943,0.9335085087975943
2023-12-06,0.9409169223671997,0.9409169223671997
2023-12-07,0.9468441256514563,0.9468441256514563
2023-12-08,0.9543676563543768,0.9543676563543768
2023-12-11,0.9609107378783944,0.9609107378783944
2023-12-12,0.9682602555317714,0.9682602555317714
2023-12-13,0.9298770069656812,0.9298770069656812
2023-12-14,0.9315027089730487,0.9315027089730487
2023-12-15,0.9352902288544107,0.9352902288544107
2023-12-18,0.9417343894553432,0.9417343894553432
2023-12-19,0.9430605103087579,0.9430605103087579
2023-12-20,0.9201362233939031,0.9201362233939031
2023-12-21,0.9202083582524981,0.9202083582524981
2023-12-22,0.92730024323759,0.92730024323759
2023-12-26,0.9321432606844023,0.9321432606844023
2023-12-27,0.9389011992217908,0.9389011992217908
2023-12-28,0.945113016712303,0.945113016712303
2023-12-29,0.950068689177222,0.950068689177222
2024-01-02,0.9574156097962501,0.9574156097962501
2024-01-03,0.9585810227866854,0.9585810227866854
2024-01-04,0.9622471280661807,0.9622471280661807
2024-01-05,0.9698839708624546,0.9698839708624546
2024-01-08,0.9698059548265939,0.9698059548265939
2024-01-09,0.9724902214099272,0.9724902214099272
2024-01-10,0.9801798070747668,0.9801798070747668
2024-01-11,0.9866574137461405,0.9866574137461405
2024-01-12,0.9943283521723738,0.9943283521723738
2024-01-16,0.9843078967615168,0.9843078967615168
2024-01-17,0.9834413890708491,0.9834413890708491
2024-01-18,0.9896294103510183,0.9896294103510183
2024-01-19,0.991243695030009,0.991243695030009
2024-01-22,0.9990127199773892,0.9990127199773892
2024-01-23,1.006536443071364,1.006536443071364
2024-01-24,1.0110056629220905,1.0110056629220905
2024-01-25,1.0087855878373735,1.0087855878373735
2024-01-26,1.0167274859859823,1.0167274859859823
2024-01-29,1.016989010593545,1.016989010593545
2024-01-30,1.024479457943863,1.024479457943863
2024-01-31,1.0077030322687797,1.0077030322687797
2024-02-01,0.9845322315951668,0.9845322315951668
2024-02-02,0.9922715861631503,0.9922715861631503
2024-02-05,0.9794521943540064,0.9794521943540064
2024-02-06,0.9835512993484787,0.9835512993484787
2024-02-07,0.9891781824313386,0.9891781824313386
2024-02-08,0.9969326205868326,0.9969326205868326
2024-02-09,1.004737218087362,1.004737218087362
2024-02-12,1.0116179985590485,1.0116179985590485
2024-02-13,0.9772182596293362,0.5863309557776016
2024-02-14,0.9773107828650044,0.5863864697190025
2024-02-15,0.9661532960418826,0.9661532960418826
2024-02-16,0.9713560554210886,0.9713560554210886
2024-02-20,0.9775628055648751,0.586537683338925
2024-02-21,0.9838880187940203,0.5903328112764121
2024-02-22,0.9774542473913461,0.5864725484348077
2024-02-23,0.9845768426995621,0.9845768426995621
2024-02-26,0.9867230682425321,0.9867230682425321
2024-02-27,0.9943616863126068,0.9943616863126068
2024-02-28,1.0022683496206368,0.601361009772382
2024-02-29,1.0087218680890764,1.0087218680890764
2024-03-01,1.0102974465303998,1.0102974465303998
2024-03-04,1.0182539826800614,1.0182539826800614
2024-03-05,1.022575890056224,0.6135455340337345
2024-03-06,1.0264044955919012,0.6158426973551406
2024-03-07,1.0260542721663843,0.6156325632998305
2024-03-08,1.0321502667967544,0.6192901600780525
2024-03-11,1.0402567036367372,0.6241540221820422
2024-03-12,1.048328990633605,0.628997394380163
2024-03-13,1.0561233600513587,0.6336740160308151
2024-03-14,1.0568795765949694,0.6341277459569815
2024-03-15,1.060910690530037,0.6365464143180222
2024-03-18,1.0662910682326572,0.6397746409395942
2024-03-19,1.0711556030182456,0.6426933618109473
2024-03-20,1.0713120298677292,1.0713120298677292
2024-03-21,1.0790432317140528,1.0790432317140528
2024-03-22,1.0836290288910653,1.0836290288910653
2024-03-25,1.0907306741444964,1.0907306741444964
2024-03-26,1.0979549295722075,1.0979549295722075
2024-03-27,1.0772544461759845,1.0772544461759845
2024-03-28,1.0852892156356169,1.0852892156356169
2024-04-01,1.0892227873225977,0.6535336723935585
2024-04-02,1.093481316699909,0.6560887900199452
2024-04-03,1.102101859347672,0.661261115608603
2024-04-04,1.0907147453122408,0.6544288471873445
2024-04-05,1.0894213914833937,0.6536528348900361
2024-04-08,1.0981019016284148,0.6588611409770487
2024-04-09,1.1060685222590592,0.6636411133554355
2024-04-10,1.0750970190300373,0.6450582114180222
2024-04-11,1.0826450371346834,0.64958702228081
2024-04-12,1.0488123559397124,0.6292874135638274
2024-04-15,1.0428141241443412,0.6256884744866047
2024-04-16,1.0456589084052283,0.627395345043137
2024-04-17,1.0539633978252387,0.6323780386951431
2024-04-18,1.06205328955366,0.6372319737321961
2024-04-19,1.0702666291916516,0.6421599775149909
2024-04-22,1.0772101240142034,0.646326074408522
2024-04-23,1.0773710168211248,0.6464226100926748
2024-04-24,1.0859549782092262,0.6515729869255357
2024-04-25,1.0911821428204944,0.6547092856922966
2024-04-26,1.0979669711546867,0.6587801826928119
2024-04-29,1.1013805743546907,0.6608283446128144
2024-04-30,1.0515542170122796,0.6309325302073677
2024-05-01,1.059914749483542,0.6359488496901251
2024-05-02,1.0636101271447318,0.638166076286839
2024-05-03,1.0614973186416496,0.6368983911849897
2024-05-06,1.0571160068897374,0.6342696041338424
2024-05-07,1.0640477014578436,0.6384286208747061
2024-05-08,1.0718500526032182,0.6431100315619309
2024-05-09,1.0645771971489688,0.6387463182893812
2024-05-10,1.0730532586407713,0.6438319551844627
2024-05-13,1.0795946139590737,0.6477567683754442
2024-05-14,1.086262723508122,0.6517576341048731
2024-05-15,1.0794250317251664,0.6476550190350997
2024-05-16,1.0859440872992163,0.6515664523795297
2024-05-17,1.0926057656328934,0.6555634593797359
2024-05-20,1.0994207976780972,0.6596524786068583
2024-05-21,1.1078732591289455,0.6647239554773673
2024-05-22,1.1034370394745927,0.6620622236847555
2024-05-23,1.0687508180455365,0.6412504908273218
2024-05-24,1.0718501018721232,0.6431100611232738
2024-05-28,1.076477456904234,0.6458864741425402
2024-05-29,1.056470244348395,0.6338821466090371
2024-05-30,1.0639102656492205,0.6383461593895323
2024-05-31,1.0477679097923867,0.628660745875432
2024-06-03,1.0543626668382458,0.6326176001029474
2024-06-04,1.0623732967330615,0.6374239780398367
2024-06-05,1.0633092641935842,0.6379855585161505
2024-06-06,1.0717663648615654,0.6430598189169392
2024-06-07,1.0649177685796025,0.6389506611477614
2024-06-10,1.0724086364654135,0.643445181879248
2024-06-11,1.080860516188048,0.6485163097128287
2024-06-12,1.0892103204679011,0.6535261922807405
2024-06-13,1.0974486662351763,1.0974486662351763
2024-06-14,1.1055780704223153,1.1055780704223153
2024-06-17,1.1111416750982919,1.1111416750982919
2024-06-18,1.1195844467266653,1.1195844467266653
2024-06-20,1.12712522814835,1.12712522814835
2024-06-21,1.1348010732727336,1.1348010732727336
2024-06-24,1.1387927949403949,1.1387927949403949
2024-06-25,1.1456577167492161,1.1456577167492161
2024-06-26,1.1498042437507947,0.6898825462504767
2024-06-27,1.15852042673358,1.15852042673358
2024-06-28,1.1607724469019183,0.6964634681411509
2024-07-01,1.1625692230379956,0.6975415338227974
2024-07-02,1.1637653661671503,0.6982592197002901
2024-07-03,1.16840927753776,0.7010455665226558
2024-07-05,1.1725950039834026,1.1725950039834026
2024-07-08,1.1802466723020522,1.1802466723020522
2024-07-09,1.1890402359531114,1.1890402359531114
2024-07-10,1.1827097488225435,1.1827097488225435
2024-07-11,1.1896435804209002,1.1896435804209002
2024-07-12,1.1929946744616837,1.1929946744616837
2024-07-15,1.2020133364918597,1.2020133364918597
2024-07-16,1.1711412326768122,1.1711412326768122
2024-07-17,1.1705728970039002,0.7023437382023401
2024-07-18,1.160845578837054,0.6965073473022324
2024-07-19,1.1505202778179915,0.6903121666907949
2024-07-22,1.1533521049603364,0.6920112629762017
2024-07-23,1.1591453010653059,0.6954871806391835
2024-07-24,1.116088113799887,0.6696528682799321
2024-07-25,1.1239726755942525,0.6743836053565514
2024-07-26,1.0996248854679906,0.6597749312807943
2024-07-29,1.1081154301210863,0.6648692580726516
2024-07-30,1.1168998807975932,0.6701399284785557
2024-07-31,1.0989637045604979,0.6593782227362986
2024-08-01,1.0936409876735722,0.6561845926041433
2024-08-02,1.0669389458511056,0.6401633675106634
2024-08-05,0.9710636532112913,0.5826381919267747
2024-08-06,0.9738483971562085,0.584309038293725
2024-08-07,0.9759372929249555,0.5855623757549733
2024-08-08,0.9381223940208472,0.5628734364125083
2024-08-09,0.9438587886172088,0.5663152731703253
2024-08-12,0.9513512457438236,0.5708107474462941
2024-08-13,0.94493795181219,0.566962771087314
2024-08-14,0.9522206640962583,0.571332398457755
2024-08-15,0.9420547069654465,0.5652328241792678
2024-08-16,0.9479366579923048,0.9479366579923048
2024-08-19,0.9494942459998164,0.9494942459998164
2024-08-20,0.9556630123714971,0.5733978074228981
2024-08-21,0.960953544761254,0.5765721268567524
2024-08-22,0.9610965205409179,0.5766579123245507
2024-08-23,0.9550011633116869,0.5730006979870121
2024-08-26,0.9626099275400448,0.5775659565240269
2024-08-27,0.9698940815143144,0.5819364489085886
2024-08-28,0.9727515453643666,0.5836509272186199
2024-08-29,0.9800830908229373,0.5880498544937623
2024-08-30,0.9827494865469495,0.5896496919281696
2024-09-03,0.961714157499014,0.5770284944994084
2024-09-04,0.9693401408011735,0.5816040844807041
2024-09-05,0.9748569686259287,0.5849141811755572
2024-09-06,0.9535453081242732,0.5721271848745638
2024-09-09,0.947118113840364,0.5682708683042184
2024-09-10,0.9544804499868368,0.572688269992102
2024-09-11,0.9617160610903099,0.5770296366541859
2024-09-12,0.9611000716348655,0.5766600429809193
2024-09-13,0.9619093465224544,0.5771456079134726
2024-09-16,0.9651005964868606,0.5790603578921163
2024-09-17,0.9725351757799976,0.5835211054679985
2024-09-18,0.9751222901660195,0.5850733740996117
2024-09-19,0.9666025433127803,0.5799615259876681
2024-09-20,0.9743036421019193,0.5845821852611516
2024-09-23,0.9798740204802646,0.5879244122881587
2024-09-24,0.9872277822605718,0.9872277822605718
2024-09-25,0.9882539442511851,0.9882539442511851
2024-09-26,0.995118651328244,0.995118651328244
2024-09-27,1.0026695623655397,0.6016017374193238
2024-09-30,1.010657532593493,0.6063945195560958
2024-10-01,1.0186316261961128,0.6111789757176675
2024-10-02,1.025378546845057,0.6152271281070341
2024-10-03,1.0286164157124256,0.6171698494274553
2024-10-04,1.0332190793892884,0.619931447633573
2024-10-07,1.0229370576988734,0.613762234619324
2024-10-08,1.0309906381830467,0.618594382909828
2024-10-09,1.0374333970577367,0.622460038234642
2024-10-10,1.0441881948662775,0.6265129169197665
2024-10-11,1.0444208560050667,0.62665251360304
2024-10-14,1.0490438619518674,0.6294263171711203
2024-10-15,1.0526993796191277,0.6316196277714766
2024-10-16,1.0553753029849395,0.6332251817909637
2024-10-17,1.061256358377935,0.636753815026761
2024-10-18,1.0681650550128765,0.6408990330077258
2024-10-21,1.0646672188093966,0.638800331285638
2024-10-22,1.0722344708774094,0.6433406825264456
2024-10-23,1.0720272469625727,0.6432163481775435
2024-10-24,1.0804469200101998,0.6482681520061198
2024-10-25,1.0841867106632133,0.6505120263979279
2024-10-28,1.0917410875160922,0.6550446525096553
2024-10-29,1.0970062214026803,0.658203732841608
2024-10-30,1.1056592174280206,0.6633955304568123
2024-10-31,1.092259197650779,0.6553555185904673
2024-11-01,1.1002858377336318,0.6601715026401791
2024-11-04,1.1090531488642363,0.6654318893185417
2024-11-05,1.0970836398434844,0.6582501839060906
2024-11-06,1.0707418662788122,0.6424451197672872
2024-11-07,1.0748734418263093,0.6449240650957855
2024-11-08,1.0774876488859617,0.6464925893315769
2024-11-11,1.0860346735032962,0.6516208041019776
2024-11-12,1.0764466871979819,0.645868012318789
2024-11-13,1.0846803433009984,0.650808205980599
2024-11-14,1.0843633625038955,0.6506180175023373
2024-11-15,1.079379043599105,0.647627426159463
2024-11-18,1.0784484353248613,0.6470690611949167
2024-11-19,1.086985064887975,0.6521910389327851
2024-11-20,1.095085679397668,0.6570514076386007
2024-11-21,1.0895442259199581,0.6537265355519748
2024-11-22,1.0934131844541652,0.6560479106724991
2024-11-25,1.1014453401648052,0.6608672040988831
2024-11-26,1.109626294331466,0.6657757765988795
2024-11-27,1.1179977805534602,0.670798668332076
2024-11-29,1.12067582684723,0.672405496108338
2024-12-02,1.1253427047684594,0.6752056228610755
2024-12-03,1.1308575634672953,0.6785145380803771
2024-12-04,1.1398109321976746,0.6838865593186048
2024-12-05,1.14582462746392,0.6874947764783521
2024-12-06,1.1538859433738367,0.692331566024302
2024-12-09,1.1507318611866686,0.6904391167120011
2024-12-10,1.1587034987754175,0.6952220992652505
2024-12-11,1.167785827301339,0.7006714963808034
2024-12-12,1.1632242160718134,0.6979345296430879
2024-12-13,1.1662229729146845,0.6997337837488107
2024-12-16,1.1732389270750234,0.7039433562450139
2024-12-17,1.1760206149815207,0.7056123689889123
2024-12-18,1.012516595238341,0.6075099571430046
2024-12-19,1.017584764664026,0.6105508587984155
2024-12-20,1.0052392941682247,0.6031435765009348
2024-12-23,1.0127951632398837,0.6076770979439301
2024-12-24,1.0077754869115731,0.6046652921469439
2024-12-26,1.0158016161057037,0.6094809696634222
2024-12-27,1.012215211610297,0.6073291269661781
2024-12-30,1.0067105691598541,0.6040263414959125
2024-12-31,1.0147213104002601,0.608832786240156
2025-01-02,1.0227679696657785,0.613660781799467
2025-01-03,1.0221799248546368,0.613307954912782
2025-01-06,1.0302700690752067,0.618162041445124
2025-01-07,1.0343220750513902,0.620593245030834
2025-01-08,1.0417971847320795,0.6250783108392477
2025-01-10,1.0312740996743377,0.6187644598046026
2025-01-13,1.0351027051277493,0.6210616230766496
2025-01-14,1.0394417090170325,0.6236650254102194
2025-01-15,1.011739745565198,0.6070438473391188
2025-01-16,1.0147477120846595,0.6088486272507957
2025-01-17,1.0180040612224783,0.6108024367334869
2025-01-21,1.0066918701309533,0.6040151220785719
2025-01-22,1.012159614108031,0.6072957684648185
2025-01-23,1.017751004515195,0.6106506027091169
2025-01-24,1.0258606953644778,0.6155164172186866
2025-01-27,1.0328508384803694,0.6197105030882216
2025-01-28,1.0400761983781635,0.624045719026898
2025-01-29,1.0474457915141628,0.6284674749084976
2025-01-30,1.0391517489428175,0.6234910493656904
2025-01-31,1.0361388906664701,0.621683334399882
2025-02-03,1.0442410538866602,0.6265446323319961
2025-02-04,1.0496924462655484,0.629815467759329
2025-02-05,1.0544117709780154,0.6326470625868091
2025-02-06,1.0627032444691569,0.6376219466814941
2025-02-07,1.0627335673808973,0.6376401404285382
2025-02-10,1.062186377645153,0.6373118265870918
2025-02-11,1.0706396187965168,0.64238377127791
2025-02-12,1.071547852122097,0.6429287112732581
2025-02-13,1.059937371170589,0.6359624227023534
2025-02-14,1.0663874549819254,0.6398324729891552
2025-02-18,1.0706244012576211,0.6423746407545726
2025-02-19,1.0786138544276662,0.6471683126565997
2025-02-20,1.0851505389740603,0.6510903233844362
2025-02-21,1.065309430021231,0.6391856580127385
2025-02-24,1.073674257824229,0.6442045546945374
2025-02-25,1.0816517074415073,0.6489910244649043
2025-02-26,1.0892507134336233,0.6535504280601739
2025-02-27,1.075269198509262,0.6451615191055571
2025-02-28,1.0494525823298604,0.6296715493979163
2025-03-03,1.038032304870071,0.6228193829220425
2025-03-04,1.0107711213989965,0.6064626728393978
2025-03-05,1.0111103972033395,0.6066662383220037
2025-03-06,0.9953205798996587,0.5971923479397951
2025-03-07,0.9978216527197007,0.5986929916318203
2025-03-10,0.973879994549486,0.5843279967296916
2025-03-11,0.9694630191648936,0.5816778114989362
2025-03-12,0.9771098585392456,0.5862659151235473
2025-03-13,0.9793487626422364,0.5876092575853418
2025-03-14,0.9471328836622666,0.5682797301973599
2025-03-17,0.940171454613666,0.5641028727681996
2025-03-18,0.9431545557950562,0.5658927334770337
2025-03-19,0.9391106400399137,0.5634663840239482
2025-03-20,0.946089704063723,0.5676538224382337
2025-03-21,0.9519686757167869,0.5711812054300721
2025-03-24,0.9404956666161779,0.5642973999697066
2025-03-25,0.9479821705856661,0.9479821705856661
2025-03-26,0.9538972645564369,0.5723383587338621
2025-03-27,0.9613907315131113,0.5768344389078668
2025-03-28,0.9492815610129137,0.5695689366077482
2025-03-31,0.9419944848191659,0.5651966908914995
2025-04-01,0.9489354866461605,0.5693612919876962
2025-04-02,0.9517224067066372,0.5710334440239823
2025-04-03,0.8048223592735979,0.5
2025-04-04,0.6248875773350883,0.5
2025-04-07,0.625946107943833,0.5
2025-04-08,0.623017693387276,0.5
2025-04-09,0.5,0.5
2025-04-10,0.5,0.5
2025-04-11,0.5,0.5
2025-04-14,0.5,0.5
2025-04-15,0.5,0.5
2025-04-16,0.5,0.5
2025-04-17,0.5,0.5
2025-04-21,0.5,0.5
2025-04-22,0.5,0.5
2025-04-23,0.5,0.5
2025-04-24,0.5,0.5
2025-04-25,0.5,0.5
2025-04-28,0.5,0.5
2025-04-29,0.5,0.5
2025-04-30,0.5,0.5
2025-05-01,0.5,0.5
2025-05-02,0.5,0.5
2025-05-05,0.5,0.5
2025-05-06,0.5,0.5
2025-05-07,0.5007327506111579,0.5
2025-05-08,0.50468951413937,0.5
2025-05-09,0.5087102844343505,0.5087102844343505
2025-05-12,0.5066446116512877,0.5
2025-05-13,0.5106675598007244,0.5
2025-05-14,0.513601884533397,0.5
2025-05-15,0.5152918982031464,0.5
2025-05-16,0.5183663215653057,0.5
2025-05-19,0.5224717638870552,0.5
2025-05-20,0.52657851692423,0.5
2025-05-21,0.5239763164795403,0.5
2025-05-22,0.5278283274593603,0.5
2025-05-23,0.5320242653561004,0.5
2025-05-27,0.5316379251111393,0.5
2025-05-28,0.5341663563113092,0.5
2025-05-29,0.5380820005404834,0.5
2025-05-30,0.5423694763157856,0.5423694763157856
2025-06-02,0.5461416768703344,0.5
2025-06-03,0.5502534211461894,0.5
2025-06-04,0.554535536844063,0.554535536844063
2025-06-05,0.5580920236538953,0.5580920236538953
2025-06-06,0.5617386360510379,0.5
2025-06-09,0.5662145197274775,0.5
2025-06-10,0.5696811983689097,0.5
2025-06-11,0.5741967401148712,0.5741967401148712
2025-06-12,0.5782059249758098,0.5782059249758098
2025-06-13,0.5809563472576367,0.5809563472576367
2025-06-16,0.5853951787958225,0.5
2025-06-17,0.5885582582296781,0.5885582582296781
2025-06-18,0.5931257852429711,0.5931257852429711
2025-06-20,0.5978442212823349,0.5978442212823349
2025-06-23,0.6006573608698964,0.6006573608698964
2025-06-24,0.6046210841737418,0.6046210841737418
2025-06-25,0.6083540980854505,0.6083540980854505
2025-06-26,0.6114121316915054,0.6114121316915054
2025-06-27,0.616277820918026,0.616277820918026
2025-06-30,0.6203963584440398,0.6203963584440398
2025-07-01,0.6239699853349034,0.6239699853349034
2025-07-02,0.6288268992281323,0.6288268992281323
2025-07-03,0.6336314918672525,0.6336314918672525
2025-07-07,0.6359340361460946,0.5
2025-07-08,0.6409298044447587,0.5
2025-07-09,0.645490857372526,0.645490857372526
2025-07-10,0.6500551888825182,0.6500551888825182
2025-07-11,0.6540098987077674,0.5
2025-07-14,0.659216696080517,0.5
2025-07-15,0.6574470873928027,0.5
2025-07-16,0.662366928609618,0.5
2025-07-17,0.6670648927370347,0.5
2025-07-18,0.6723801490754293,0.5
2025-07-21,0.6775484617577423,0.6775484617577423
2025-07-22,0.6803097371677388,0.6803097371677388
2025-07-23,0.6849460513771232,0.5
2025-07-24,0.6895377190068536,0.5
2025-07-25,0.6948012338711201,0.5
2025-07-28,0.6986039931213232,0.5
2025-07-29,0.7041698884943703,0.7041698884943703
2025-07-30,0.706800664248601,0.5
2025-07-31,0.7105835052414493,0.7105835052414493
2025-08-01,0.7135224721155964,0.7135224721155964
2025-08-04,0.7121019886379139,0.7121019886379139
2025-08-05,0.7172656525990655,0.7172656525990655
2025-08-06,0.722963761042493,0.722963761042493
2025-08-07,0.7286887213155324,0.7286887213155324
2025-08-08,0.7339964474407857,0.7339964474407857
2025-08-11,0.7390609762673804,0.7390609762673804
2025-08-12,0.7411051372321877,0.7411051372321877
2025-08-13,0.7432247921657057,0.7432247921657057
2025-08-14,0.7475023766676522,0.7475023766676522
2025-08-15,0.7531803379167603,0.7531803379167603
