Date,ret_base,ret_regime
2018-06-20,-0.0,-0.0
2018-06-21,-0.0,-0.0
2018-06-22,-0.0,-0.0
2018-06-25,-0.0,-0.0
2018-06-26,-0.0,-0.0
2018-06-27,-0.0,-0.0
2018-06-28,-0.0,-0.0
2018-06-29,-0.0,-0.0
2018-07-02,-0.0,-0.0
2018-07-03,-0.0,-0.0
2018-07-05,-0.0,-0.0
2018-07-06,-0.0,-0.0
2018-07-09,-0.0,-0.0
2018-07-10,-0.0,-0.0
2018-07-11,-0.0,-0.0
2018-07-12,-0.0,-0.0
2018-07-13,-0.0,-0.0
2018-07-16,-0.0,-0.0
2018-07-17,-0.0,-0.0
2018-07-18,-0.0,-0.0
2018-07-19,-0.0,-0.0
2018-07-20,-0.0,-0.0
2018-07-23,-0.0,-0.0
2018-07-24,-0.0,-0.0
2018-07-25,-0.0,-0.0
2018-07-26,-0.0,-0.0
2018-07-27,-0.0,-0.0
2018-07-30,-0.0,-0.0
2018-07-31,-0.0,-0.0
2018-08-01,-0.0,-0.0
2018-08-02,-0.0,-0.0
2018-08-03,-0.0,-0.0
2018-08-06,-0.0,-0.0
2018-08-07,-0.0,-0.0
2018-08-08,-0.0,-0.0
2018-08-09,-0.0,-0.0
2018-08-10,-0.0,-0.0
2018-08-13,-0.0,-0.0
2018-08-14,-0.0,-0.0
2018-08-15,-0.0,-0.0
2018-08-16,-0.0,-0.0
2018-08-17,-0.0,-0.0
2018-08-20,-0.0,-0.0
2018-08-21,-0.0,-0.0
2018-08-22,-0.0,-0.0
2018-08-23,-0.0,-0.0
2018-08-24,-0.0,-0.0
2018-08-27,-0.0,-0.0
2018-08-28,-0.0,-0.0
2018-08-29,-0.0,-0.0
2018-08-30,-0.0,-0.0
2018-08-31,-0.004687566389946005,-0.004687566389946005
2018-09-04,-0.004455717251086217,-0.004455717251086217
2018-09-05,0.0008447075971344724,0.0008447075971344724
2018-09-06,-0.0027354732487128632,-0.0027354732487128632
2018-09-07,-0.004679939435421702,-0.004679939435421702
2018-09-10,0.002726414917246691,0.002726414917246691
2018-09-11,0.0029158216484765987,0.0029158216484765987
2018-09-12,0.002495199657618392,0.002495199657618392
2018-09-13,0.005590442285356654,0.005590442285356654
2018-09-14,-0.0016510473881422856,-0.0016510473881422856
2018-09-17,-0.0031853387410492396,-0.0031853387410492396
2018-09-18,0.004266549358356839,0.004266549358356839
2018-09-19,0.0002579355041529515,0.0002579355041529515
2018-09-20,0.010285982350315246,0.010285982350315246
2018-09-21,-0.0008417148015855229,-0.0008417148015855229
2018-09-24,-0.006897328870690894,-0.006897328870690894
2018-09-25,-0.0032019956164742193,-0.0032019956164742193
2018-09-26,-0.004419124427426585,-0.004419124427426585
2018-09-27,0.001519593557421048,0.001519593557421048
2018-09-28,0.0001684317509227502,0.0001684317509227502
2018-10-01,0.00307579267885906,0.00307579267885906
2018-10-02,0.00358293683312497,0.00358293683312497
2018-10-03,-0.003620651112357252,-0.003620651112357252
2018-10-04,-0.00838734989831676,-0.00838734989831676
2018-10-05,-0.00504292756671052,-0.00504292756671052
2018-10-08,0.0003387964263617697,0.0003387964263617697
2018-10-09,-0.003694667424320107,-0.003694667424320107
2018-10-10,-0.03540909643488414,-0.025403099702135206
2018-10-11,-0.02162362445697638,-0.013906074900659707
2018-10-12,0.012007005276215553,0.007473225798161684
2018-10-15,-0.0034122321229023323,-0.0021407235696442647
2018-10-16,0.02135693148162648,0.012814158888975885
2018-10-17,-0.002068077637910848,-0.0012408465827465087
2018-10-18,-0.013539353186556866,-0.008123611911934118
2018-10-19,0.00015967652146606302,9.580591287963782e-05
2018-10-22,-0.006868053154233298,-0.004120831892539979
2018-10-23,-0.007453849928327788,-0.004472309956996673
2018-10-24,-0.025006863661201553,-0.015004118196720928
2018-10-25,0.01337678390407981,0.008026070342447886
2018-10-26,-0.01481138644034102,-0.008886831864204612
2018-10-29,-0.004604166251276518,-0.0027624997507659102
2018-10-30,0.014655027153072734,0.008793016291843639
2018-10-31,0.005848700643548429,0.0035092203861290566
2018-11-01,0.011028675812052918,0.00661720548723175
2018-11-02,-0.005652108471453102,-0.0033912650828718605
2018-11-05,0.006566394654176727,0.003939836792506036
2018-11-06,0.005913245832348483,0.0035479474994090892
2018-11-07,0.015580140596551122,0.009348084357930673
2018-11-08,-0.003251810264687552,-0.001951086158812531
2018-11-09,-0.007298827027935235,-0.004379296216761141
2018-11-12,-0.01362579412480206,-0.008175476474881234
2018-11-13,-0.0020147727845416076,-0.0012088636707249644
2018-11-14,-0.004301299551325773,-0.0025807797307954637
2018-11-15,0.00707550910509628,0.004245305463057769
2018-11-16,0.0045139322877813404,0.0027083593726688043
2018-11-19,-0.010670079621934725,-0.006402047773160835
2018-11-20,-0.014469676004664587,-0.008681805602798753
2018-11-21,0.0025523363614013816,0.001531401816840829
2018-11-23,-0.005910837956444542,-0.0035465027738667246
2018-11-26,0.010571001843580364,0.006342601106148218
2018-11-27,0.0010777865265990522,0.0006466719159594313
2018-11-28,0.014499866771746132,0.008699920063047678
2018-11-29,0.00045308494589105523,0.0002718509675346331
2018-11-30,0.005728085568104738,0.003436851340862842
2018-12-03,0.009174344191214542,0.0055046065147287245
2018-12-04,-0.0186579586758278,-0.011194775205496678
2018-12-06,-0.0023231273123406754,-0.001393876387404405
2018-12-07,-0.012829651023883304,-0.007697790614329981
2018-12-10,0.00020989578949951444,0.00012593747369970865
2018-12-11,-0.0001850826276560308,-0.00011104957659361846
2018-12-12,0.0035567176916945953,0.002134030615016757
2018-12-13,-0.0011322645336181122,-0.0006793587201708672
2018-12-14,-0.011300655706542881,-0.006780393423925729
2018-12-17,-0.013313267097544568,-0.007987960258526739
2018-12-18,-0.0011964877466635832,-0.0007178926479981497
2018-12-19,-0.00937858784390131,-0.005627152706340786
2018-12-20,-0.010125369715255834,-0.006075221829153501
2018-12-21,-0.011897231317803937,-0.00720677653983487
2018-12-24,-0.017225384124893328,-0.010920376091636774
2018-12-26,0.024722957885343632,0.018210070625977744
2018-12-27,0.005695640417694796,0.00419766543901716
2018-12-28,-0.0002913421314732646,-0.00021297898178022922
2018-12-31,0.004497478100444621,0.0032794228092108443
2019-01-02,0.0014289211219591115,0.001034401726700381
2019-01-03,-0.010198569631723126,-0.007458970734900805
2019-01-04,0.01626567820032002,0.012550087715408885
2019-01-07,0.003429063873743109,0.0026324848898309126
2019-01-08,0.0049008294703831515,0.0037533994889714034
2019-01-09,0.0021136441385958184,0.0016076495096934854
2019-01-10,0.0019755462362049223,0.0019755462362049223
2019-01-11,-0.0003602360513670887,-0.0003602360513670887
2019-01-14,-0.0035352019923686395,-0.0035352019923686395
2019-01-15,0.0042587582669885125,0.0042587582669885125
2019-01-16,0.001088001421525124,0.001088001421525124
2019-01-17,0.0045523143540514895,0.0045523143540514895
2019-01-18,0.006576701703260259,0.006576701703260259
2019-01-22,-0.006831316101815492,-0.005021653838339598
2019-01-23,0.00043802064779891,0.00043802064779891
2019-01-24,0.0007293409540635972,0.0007293409540635972
2019-01-25,0.004627555819214176,0.004627555819214176
2019-01-28,-0.0035022670922179003,-0.0035022670922179003
2019-01-29,0.000939536074311496,0.000939536074311496
2019-01-30,0.00816573126368619,0.00816573126368619
2019-01-31,0.006037564471387868,0.006037564471387868
2019-02-01,-0.00015543794205193393,-0.00015543794205193393
2019-02-04,0.0025075493864186093,0.0025075493864186093
2019-02-05,0.0029507813971709866,0.0029507813971709866
2019-02-06,-0.0023850315705050986,-0.0023850315705050986
2019-02-07,-0.004216928153040294,-0.004216928153040294
2019-02-08,0.0011118296499162622,0.0011118296499162622
2019-02-11,-0.0002319762314272218,-0.0002319762314272218
2019-02-12,0.007574775952571379,0.007574775952571379
2019-02-13,0.001331116406561687,0.001331116406561687
2019-02-14,-0.0009877629891663642,-0.0009877629891663642
2019-02-15,0.00717008742335168,0.00717008742335168
2019-02-19,0.002673994739620826,0.002673994739620826
2019-02-20,0.0016984992377617563,0.0016984992377617563
2019-02-21,-0.0037482848705493784,-0.0037482848705493784
2019-02-22,0.003695112166080741,0.003695112166080741
2019-02-25,0.00011266393610802752,0.00011266393610802752
2019-02-26,-0.0005732151520433294,-0.0005732151520433294
2019-02-27,-0.0014741099528311173,-0.0014741099528311173
2019-02-28,-0.0024398057795073608,-0.0024398057795073608
2019-03-01,0.0019712970555268057,0.0019712970555268057
2019-03-04,-0.0011988662532434523,-0.0011988662532434523
2019-03-05,-0.0007925492644763299,-0.0007925492644763299
2019-03-06,-0.0032992710119008908,-0.0032992710119008908
2019-03-07,-0.004330578925640142,-0.004330578925640142
2019-03-08,-0.0005786467999326977,-0.0005786467999326977
2019-03-11,0.008152877181261295,0.008152877181261295
2019-03-12,0.003054973087933885,0.003054973087933885
2019-03-13,0.004388227999364818,0.004388227999364818
2019-03-14,-0.0024225857477362376,-0.0024225857477362376
2019-03-15,0.003219636309104981,0.003219636309104981
2019-03-18,0.002461463082712333,0.002461463082712333
2019-03-19,-0.0008384534899586977,-0.0008384534899586977
2019-03-20,-0.00018375997123101263,-0.00018375997123101263
2019-03-21,0.006861498808183273,0.006861498808183273
2019-03-22,-0.010711054620924454,-0.010711054620924454
2019-03-25,0.0005711543438940897,0.0005711543438940897
2019-03-26,0.004775002905104202,0.004775002905104202
2019-03-27,-0.002907156807845772,-0.002907156807845772
2019-03-28,0.001338445994888631,0.001338445994888631
2019-03-29,0.004282154642785632,0.004282154642785632
2019-04-01,0.005701650444496508,0.005701650444496508
2019-04-02,-3.106207714251902e-05,-3.106207714251902e-05
2019-04-03,0.00011153743764898938,0.00011153743764898938
2019-04-04,0.003111860987455361,0.003111860987455361
2019-04-05,0.003945609216462104,0.003945609216462104
2019-04-08,0.0002451861838601216,0.0002451861838601216
2019-04-09,-0.003277074727537338,-0.003277074727537338
2019-04-10,0.001977909719088444,0.001977909719088444
2019-04-11,-0.000846331790383052,-0.000846331790383052
2019-04-12,0.004321170776850222,0.004321170776850222
2019-04-15,-0.000884026820121952,-0.000884026820121952
2019-04-16,-0.0007896716393889759,-0.0007896716393889759
2019-04-17,-0.0019220417714882268,-0.0019220417714882268
2019-04-18,0.001296875716205424,0.001296875716205424
2019-04-22,0.0003660524033063613,0.0003660524033063613
2019-04-23,0.005287824479731455,0.005287824479731455
2019-04-24,-0.0008910257350104166,-0.0008910257350104166
2019-04-25,-0.0017156134787950537,-0.0017156134787950537
2019-04-26,0.004407581166285827,0.004407581166285827
2019-04-29,-0.00036554076968793066,-0.00036554076968793066
2019-04-30,0.0026866055534083247,0.0026866055534083247
2019-05-01,-0.008116677287839298,-0.008116677287839298
2019-05-02,-0.003145158439638515,-0.003145158439638515
2019-05-03,0.008070152476621767,0.008070152476621767
2019-05-06,-0.0035081188345261146,-0.0035081188345261146
2019-05-07,-0.010803746411460405,-0.006482247846876243
2019-05-08,-0.0021215558751936326,-0.0012729335251161795
2019-05-09,-0.001969606477813772,-0.001181763886688263
2019-05-10,0.0054564594463053775,0.0032738756677832266
2019-05-13,-0.014845120141221826,-0.008907072084733094
2019-05-14,0.005187089651707266,0.0031122537910243595
2019-05-15,0.004221307144646841,0.0025327842867881047
2019-05-16,0.005932627624694017,0.00355957657481641
2019-05-17,-0.004901352008564078,-0.0029408112051384464
2019-05-20,-0.004733923378515975,-0.0028403540271095848
2019-05-21,0.006493328746508412,0.006493328746508412
2019-05-22,-0.0023558777931335898,-0.0023558777931335898
2019-05-23,-0.007509818764372164,-0.004505891258623298
2019-05-24,0.0012911327188645286,0.0007746796313187172
2019-05-28,-0.007277941486404063,-0.004366764891842438
2019-05-29,-0.00516904275681646,-0.0031014256540898757
2019-05-30,0.002288529125614326,0.0013731174753685955
2019-05-31,-0.007271136195851956,-0.004362681717511174
2019-06-03,0.003924879580937529,0.002354927748562517
2019-06-04,0.014697868908035037,0.008818721344821022
2019-06-05,0.0052560752688899075,0.003153645161333944
2019-06-06,0.006577065415264222,0.003946239249158533
2019-06-07,0.007406248962532606,0.004443749377519563
2019-06-10,0.00044625294834699393,0.00026775176900819636
2019-06-11,-0.00040630314952155394,-0.00024378188971293233
2019-06-12,-0.0002555006265774764,-0.00015330037594648581
2019-06-13,0.004878997194256017,0.00292739831655361
2019-06-14,-0.0004905971288639157,-0.00029435827731834937
2019-06-17,-0.00016593352352276062,-9.956011411365637e-05
2019-06-18,0.007532244506983129,0.004519346704189877
2019-06-19,0.002101933420411464,0.002101933420411464
2019-06-20,0.010650551829150647,0.010650551829150647
2019-06-21,-0.0007124789484560821,-0.0004274873690736492
2019-06-24,0.0007522087068977985,0.0004513252241386791
2019-06-25,-0.005728080293847707,-0.0034368481763086237
2019-06-26,-0.0036542142543607332,-0.00219252855261644
2019-06-27,0.0030983472028524054,0.001859008321711443
2019-06-28,0.005371924912268665,0.003223154947361199
2019-07-01,0.0031173691609017317,0.0031173691609017317
2019-07-02,0.004440152432714217,0.004440152432714217
2019-07-03,0.0067928776624346515,0.0067928776624346515
2019-07-05,-0.0036440311663694844,-0.0036440311663694844
2019-07-08,-0.004161141769588585,-0.004161141769588585
2019-07-09,2.1815273527812785e-06,2.1815273527812785e-06
2019-07-10,0.004267238686541095,0.004267238686541095
2019-07-11,0.00027143347188469214,0.00027143347188469214
2019-07-12,0.004823711997538532,0.004823711997538532
2019-07-15,0.0002513700795516589,0.0002513700795516589
2019-07-16,-0.0036111293852667072,-0.0036111293852667072
2019-07-17,-0.0034341709583291242,-0.0034341709583291242
2019-07-18,0.0042521916870946475,0.0042521916870946475
2019-07-19,-0.005971414528782422,-0.005971414528782422
2019-07-22,0.0009870555601905159,0.0009870555601905159
2019-07-23,0.004984194274597172,0.004984194274597172
2019-07-24,0.003945083862066629,0.003945083862066629
2019-07-25,-0.00537166638863153,-0.00537166638863153
2019-07-26,0.005647433375167329,0.005647433375167329
2019-07-29,-0.000871735725565149,-0.000871735725565149
2019-07-30,-0.0002095966034658238,-0.0002095966034658238
2019-07-31,-0.010081799601735204,-0.006049079761041121
2019-08-01,-0.0037327804257701815,-0.002239668255462109
2019-08-02,-0.005891469590468069,-0.003534881754280841
2019-08-05,-0.02042283758870657,-0.012253702553223939
2019-08-06,0.010600091889642137,0.006360055133785282
2019-08-07,0.0028071025523398827,0.0016842615314039296
2019-08-08,0.015306084628975406,0.009183650777385243
2019-08-09,-0.005774009362299284,-0.0034644056173795696
2019-08-12,-0.006900472123832766,-0.004140283274299659
2019-08-13,0.009111052845717081,0.005466631707430248
2019-08-14,-0.019055545708531692,-0.011433327425119016
2019-08-15,0.0033993181132145668,0.0020395908679287397
2019-08-16,0.00911770460841896,0.005470622765051375
2019-08-19,0.00670577466328455,0.0040234647979707295
2019-08-20,-0.003998638024229289,-0.0023991828145375734
2019-08-21,0.0046562214773913525,0.002793732886434811
2019-08-22,-0.0012212444122476705,-0.0007327466473486022
2019-08-23,-0.015129590142458417,-0.009077754085475048
2019-08-26,0.006669755443399263,0.004001853266039557
2019-08-27,-0.00023899617863237793,-0.00014339770717942675
2019-08-28,0.005149181299103657,0.003089508779462194
2019-08-29,0.007961001044407943,0.004776600626644766
2019-08-30,0.00026397903172603067,0.0001583874190356184
2019-09-03,-0.002189233725907432,-0.0013135402355444591
2019-09-04,0.008209521265535381,0.004925712759321228
2019-09-05,0.004187979425111531,0.004187979425111531
2019-09-06,0.000734709535772238,0.000734709535772238
2019-09-09,-0.0005533504922355538,-0.0005533504922355538
2019-09-10,-0.00026106473699856047,-0.00026106473699856047
2019-09-11,0.005295206791183432,0.005295206791183432
2019-09-12,0.0015896884131639194,0.0015896884131639194
2019-09-13,-0.0018067214385309946,-0.0018067214385309946
2019-09-16,0.000280186892973823,0.000280186892973823
2019-09-17,0.002215738661782355,0.002215738661782355
2019-09-18,-9.037868262002929e-05,-9.037868262002929e-05
2019-09-19,0.0004532051677379333,0.0004532051677379333
2019-09-20,-0.0009297175525372903,-0.0009297175525372903
2019-09-23,0.00033974993309540577,0.00033974993309540577
2019-09-24,-0.00408210000428685,-0.0024492600025721096
2019-09-25,0.0011115254856732776,0.0011115254856732776
2019-09-26,-0.0016681382991948642,-0.0010008829795169183
2019-09-27,-0.0035974070150361394,-0.0021584442090216835
2019-09-30,0.0019736244815211244,0.0011841746889126746
2019-10-01,-0.010184830233081633,-0.00611089813984898
2019-10-02,-0.013196843054683568,-0.00791810583281014
2019-10-03,0.0065864129934369445,0.003951847796062166
2019-10-04,0.010302812347909631,0.006181687408745778
2019-10-07,-0.005093339755230904,-0.0030560038531385427
2019-10-08,-0.010817424815139552,-0.006490454889083732
2019-10-09,0.006209425687310112,0.003725655412386067
2019-10-10,0.003069883465832675,0.001841930079499605
2019-10-11,0.006460630613688909,0.006460630613688909
2019-10-14,-0.000969434225276509,-0.000969434225276509
2019-10-15,0.0046539161934620495,0.0046539161934620495
2019-10-16,-0.0005784546207354886,-0.0005784546207354886
2019-10-17,0.0022361852663186493,0.0022361852663186493
2019-10-18,-0.002889086504588261,-0.002889086504588261
2019-10-21,0.0037384423533920273,0.0037384423533920273
2019-10-22,-1.0053999346466197e-05,-1.0053999346466197e-05
2019-10-23,0.0032800749047147515,0.0032800749047147515
2019-10-24,0.0006426600942832786,0.0006426600942832786
2019-10-25,0.002430780989714196,0.002430780989714196
2019-10-28,0.0003867117213739347,0.0003867117213739347
2019-10-29,0.00037293977945486163,0.00037293977945486163
2019-10-30,0.003235288148009221,0.003235288148009221
2019-10-31,-0.000561469148210887,-0.000561469148210887
2019-11-01,0.007857835291935995,0.007857835291935995
2019-11-04,0.00228426445794644,0.00228426445794644
2019-11-05,-0.003029852356358178,-0.003029852356358178
2019-11-06,0.00030904045061491085,0.00030904045061491085
2019-11-07,-0.001047718555876785,-0.000628631133526071
2019-11-08,-3.912008325256455e-05,-2.3472049951538723e-05
2019-11-11,-0.0026734259594249606,-0.0016040555756549762
2019-11-12,0.0021224872731684754,0.001273492363901085
2019-11-13,0.0011304601227012504,0.0006782760736207502
2019-11-14,0.0031024076053261856,0.0031024076053261856
2019-11-15,0.004988832626521458,0.004988832626521458
2019-11-18,0.00015541452497555927,0.00015541452497555927
2019-11-19,-0.0011756476902610462,-0.0011756476902610462
2019-11-20,-0.001041679560538068,-0.001041679560538068
2019-11-21,-0.0013373613128150517,-0.0013373613128150517
2019-11-22,0.0016488515016066052,0.0016488515016066052
2019-11-25,0.005069516391970279,0.005069516391970279
2019-11-26,0.0028672439098326786,0.0028672439098326786
2019-11-27,0.0028941325098389126,0.0028941325098389126
2019-11-29,-0.0032832358489627055,-0.0032832358489627055
2019-12-02,-0.008488054200300797,-0.005092832520180478
2019-12-03,-0.003422511181126313,-0.002053506708675788
2019-12-04,0.005372397181454793,0.005372397181454793
2019-12-05,0.0007665358031995784,0.0007665358031995784
2019-12-06,0.006700819663814788,0.004020491798288873
2019-12-09,-0.0025022121569072036,-0.001501327294144322
2019-12-10,-0.0008113045191303169,-0.00048678271147819006
2019-12-11,0.004304253411118669,0.004304253411118669
2019-12-12,0.006175178708766389,0.0037051072252598334
2019-12-13,0.0010949593679669212,0.0006569756207801526
2019-12-16,0.006029259447433565,0.0036175556684601394
2019-12-17,0.0004291009729148592,0.00025746058374891546
2019-12-18,-0.0004153192543830323,-0.00024919155262981935
2019-12-19,0.0038918155370045635,0.002335089322202738
2019-12-20,0.005527041443557104,0.0033162248661342624
2019-12-23,0.0007826893369881776,0.00046961360219290656
2019-12-24,0.0015626482018806724,0.0009375889211284033
2019-12-26,0.005337475761371369,0.003202485456822821
2019-12-27,-0.0005920636204938728,-0.00035523817229632365
2019-12-30,-0.005295128201807779,-0.0031770769210846678
2019-12-31,0.002082846297514687,0.0012497077785088122
2020-01-02,0.007264714046500325,0.004358828427900194
2020-01-03,-0.00388519884414573,-0.002331119306487438
2020-01-06,0.0037486147594971695,0.0022491688556983015
2020-01-07,-0.002841663042300835,-0.0017049978253805011
2020-01-08,0.0012564788890652874,0.0007538873334391724
2020-01-09,0.006220922321224029,0.003732553392734417
2020-01-10,-0.002030547128897969,-0.001218328277338781
2020-01-13,0.005554688099820919,0.0033328128598925514
2020-01-14,-2.4556267008121657e-05,-1.4733760204872992e-05
2020-01-15,0.004675307884418329,0.002805184730650997
2020-01-16,0.0072024062547788575,0.004321443752867315
2020-01-17,0.002228260405939979,0.001336956243563987
2020-01-21,-0.0030423392639260844,-0.0018254035583556505
2020-01-22,-0.0005643734844237154,-0.0003386240906542292
2020-01-23,0.0019869148039442564,0.0019869148039442564
2020-01-24,-0.008362265611721542,-0.005017359367032924
2020-01-27,-0.013974289094320295,-0.008384573456592175
2020-01-28,0.0071696882238096145,0.004301812934285769
2020-01-29,0.000750853972888988,0.0004505123837333928
2020-01-30,0.002855786911202102,0.0017134721467212607
2020-01-31,-0.016610173364096203,-0.009966104018457721
2020-02-03,0.00528109363132568,0.0031686561787954075
2020-02-04,0.00922512081706513,0.005535072490239078
2020-02-05,0.012797137521836964,0.007678282513102179
2020-02-06,0.0023698129503711527,0.0014218877702226913
2020-02-07,-0.004199497629422892,-0.0025196985776537355
2020-02-10,0.005376345579788856,0.0032258073478733133
2020-02-11,0.002438320007963412,0.001462992004778047
2020-02-12,0.0059602274706786595,0.003576136482407195
2020-02-13,0.0005482012963688834,0.00032892077782133
2020-02-14,0.0018226594927255593,0.0010935956956353353
2020-02-18,-5.95423887139859e-05,-3.572543322839154e-05
2020-02-19,0.004439493892253482,0.002663696335352089
2020-02-20,-0.001420507116426133,-0.0008523042698556797
2020-02-21,-0.00628598873019401,-0.0037715932381164057
2020-02-24,-0.026266864644232155,-0.015760118786539292
2020-02-25,-0.026091620375427074,-0.015654972225256244
2020-02-26,-0.005664581246113148,-0.0033987487476678886
2020-02-27,-0.02804181153750203,-0.01741739301165139
2020-02-28,-0.008956704960615026,-0.00559802583659394
2020-03-02,0.025704463639804262,0.018677957077251433
2020-03-03,-0.011009871525130693,-0.008127789003633954
2020-03-04,0.020802444237531064,0.016776774138089364
2020-03-05,-0.013800996193484336,-0.011483393460770062
2020-03-06,-0.007127009410570292,-0.005939926700934965
2020-03-09,-0.03368244755006121,-0.03368244755006121
2020-03-10,0.014995669609785614,0.014995669609785614
2020-03-11,-0.02224754851989592,-0.02224754851989592
2020-03-12,-0.04249567386675273,-0.04249567386675273
2020-03-13,0.03259103102619022,0.03259103102619022
2020-03-16,-0.045198271249823126,-0.045198271249823126
2020-03-17,0.022231882082423337,0.022231882082423337
2020-03-18,-0.027919155172831993,-0.027919155172831993
2020-03-19,0.0026808915841789217,0.0026808915841789217
2020-03-20,-0.013218757209886857,-0.013218757209886857
2020-03-23,-0.010980395672089116,-0.010980395672089116
2020-03-24,0.04331690485725275,0.04331690485725275
2020-03-25,0.006969543071271508,0.006969543071271508
2020-03-26,0.025520034816860604,0.025520034816860604
2020-03-27,-0.012069162560719122,-0.012069162560719122
2020-03-30,0.012102361601681237,0.012102361601681237
2020-03-31,-0.007979442774713534,-0.007979442774713534
2020-04-01,-0.015527932280930159,-0.015527932280930159
2020-04-02,0.011148366171429296,0.011148366171429296
2020-04-03,-0.005577736249667017,-0.005577736249667017
2020-04-06,0.026817970112658997,0.026817970112658997
2020-04-07,0.00022898020761251707,0.00022898020761251707
2020-04-08,0.013465405938417585,0.013465405938417585
2020-04-09,0.008760976247076587,0.008760976247076587
2020-04-13,-0.004728537974528368,-0.004728537974528368
2020-04-14,0.010197467455166356,0.010197467455166356
2020-04-15,-0.008688444639175046,-0.008688444639175046
2020-04-16,0.00035205555134973783,0.00035205555134973783
2020-04-17,0.011578252488696478,0.011578252488696478
2020-04-20,-0.006974871876349272,-0.006974871876349272
2020-04-21,-0.009790506400436211,-0.009790506400436211
2020-04-22,0.008616433438630553,0.008616433438630553
2020-04-23,0.0015292697144504426,0.0015292697144504426
2020-04-24,0.004564474975637633,0.004564474975637633
2020-04-27,0.0047071666029252215,0.0047071666029252215
2020-04-28,0.0014293114356996863,0.0014293114356996863
2020-04-29,0.009137053075978363,0.009137053075978363
2020-04-30,-0.007374884755471291,-0.007374884755471291
2020-05-01,-0.009047874072746305,-0.009047874072746305
2020-05-04,0.0014583323071508266,0.0014583323071508266
2020-05-05,0.0020309415134303096,0.0020309415134303096
2020-05-06,-0.006517579991328041,-0.006517579991328041
2020-05-07,0.00667420455299938,0.00667420455299938
2020-05-08,0.006683021794962692,0.006683021794962692
2020-05-11,-0.0024579743988009683,-0.0024579743988009683
2020-05-12,-0.005888044423442886,-0.005888044423442886
2020-05-13,-0.006294566349140942,-0.006294566349140942
2020-05-14,0.0053992404110504225,0.0053992404110504225
2020-05-15,0.0014016629771478933,0.0014016629771478933
2020-05-18,0.01225714322467627,0.01225714322467627
2020-05-19,-0.003954362743851874,-0.003954362743851874
2020-05-20,0.006767628505895606,0.006767628505895606
2020-05-21,-0.0033963239067614347,-0.0033963239067614347
2020-05-22,0.0012673865820584176,0.0012673865820584176
2020-05-26,0.0045384057668702875,0.0045384057668702875
2020-05-27,0.006099197006468739,0.006099197006468739
2020-05-28,-0.00039292259425959225,-0.00039292259425959225
2020-05-29,0.0017589370005806038,0.0017589370005806038
2020-06-01,0.002214957444730516,0.002214957444730516
2020-06-02,0.0030725881580081866,0.0030725881580081866
2020-06-03,0.004048232048903817,0.004048232048903817
2020-06-04,-0.0011365795678883882,-0.0011365795678883882
2020-06-05,0.008497654290027905,0.008497654290027905
2020-06-08,0.006958943942658584,0.006958943942658584
2020-06-09,-0.0037660917398398175,-0.0037660917398398175
2020-06-10,-0.0026268636637912725,-0.0026268636637912725
2020-06-11,-0.021751684180465483,-0.021751684180465483
2020-06-12,0.004037307410706246,0.004037307410706246
2020-06-15,0.003435441641339931,0.003435441641339931
2020-06-16,0.005639838979810057,0.005639838979810057
2020-06-17,-0.0020763669747474365,-0.0020763669747474365
2020-06-18,0.0010093551280688222,0.0010093551280688222
2020-06-19,-0.0021572746925683085,-0.0021572746925683085
2020-06-22,0.001770514420049737,0.001770514420049737
2020-06-23,0.0008382453543908925,0.0008382453543908925
2020-06-24,-0.009553561885639397,-0.009553561885639397
2020-06-25,0.0034191851450592124,0.0034191851450592124
2020-06-26,-0.008006958574986917,-0.008006958574986917
2020-06-29,0.006292673800349591,0.006292673800349591
2020-06-30,0.0044806138368205135,0.0044806138368205135
2020-07-01,0.0012050811147834024,0.0012050811147834024
2020-07-02,0.0023773914949232785,0.0023773914949232785
2020-07-06,0.00431395348490411,0.00431395348490411
2020-07-07,-0.00215364231043538,-0.00215364231043538
2020-07-08,0.0014491660332340093,0.0014491660332340093
2020-07-09,-0.0033497483504993666,-0.0033497483504993666
2020-07-10,0.005148637291744519,0.005148637291744519
2020-07-13,-0.0014626572865484243,-0.0014626572865484243
2020-07-14,0.006218870616660927,0.006218870616660927
2020-07-15,0.0038886726854615197,0.0038886726854615197
2020-07-16,-0.00024914200052875965,-0.00024914200052875965
2020-07-17,0.001714446054430459,0.001714446054430459
2020-07-20,0.00013948125744160466,0.00013948125744160466
2020-07-21,0.003893241536531929,0.003893241536531929
2020-07-22,0.00339216748823408,0.00339216748823408
2020-07-23,-0.0011331167956020796,-0.0011331167956020796
2020-07-24,-0.0013808483816802344,-0.0013808483816802344
2020-07-27,0.0024838142483463435,0.0024838142483463435
2020-07-28,-0.001228577825664192,-0.001228577825664192
2020-07-29,0.004295909978930947,0.004295909978930947
2020-07-30,-0.0027919970627595927,-0.0027919970627595927
2020-07-31,0.0016971282325337809,0.0016971282325337809
2020-08-03,0.0005737387893768706,0.0005737387893768706
2020-08-04,0.00448003670160803,0.00448003670160803
2020-08-05,0.0020174647653822706,0.0020174647653822706
2020-08-06,0.0026389996609633083,0.0026389996609633083
2020-08-07,0.0005275507920956125,0.0005275507920956125
2020-08-10,0.0020804507001553683,0.0020804507001553683
2020-08-11,-0.006359734672160928,-0.006359734672160928
2020-08-12,0.0032229476487142753,0.0032229476487142753
2020-08-13,-0.00027522608939726,-0.00027522608939726
2020-08-14,-0.00044009264752193565,-0.00044009264752193565
2020-08-17,0.0019518915514213815,0.0019518915514213815
2020-08-18,0.0008217744504424632,0.0008217744504424632
2020-08-19,-0.003812092625650084,-0.003812092625650084
2020-08-20,0.00014369954495610374,0.00014369954495610374
2020-08-21,0.00028726055728771224,0.00028726055728771224
2020-08-24,0.00425197709361219,0.00425197709361219
2020-08-25,-0.00046639317235711307,-0.00046639317235711307
2020-08-26,0.0021453240409802956,0.0021453240409802956
2020-08-27,-0.001226602833770112,-0.001226602833770112
2020-08-28,0.003599854491233126,0.003599854491233126
2020-08-31,-0.0015718129827161948,-0.0015718129827161948
2020-09-01,0.0027743057099884733,0.0027743057099884733
2020-09-02,0.006157752975139238,0.006157752975139238
2020-09-03,-0.010113754917777214,-0.010113754917777214
2020-09-04,-0.003234665650419393,-0.003234665650419393
2020-09-08,-0.008078684781631573,-0.008078684781631573
2020-09-09,0.006683742980654827,0.006683742980654827
2020-09-10,-0.0060357008994194215,-0.0060357008994194215
2020-09-11,0.0014519066357290991,0.0014519066357290991
2020-09-14,0.0048527790561529996,0.0048527790561529996
2020-09-15,0.0008713248514057004,0.0008713248514057004
2020-09-16,0.00028158290367167655,0.00028158290367167655
2020-09-17,-0.002443743468401434,-0.002443743468401434
2020-09-18,-0.00429755578803969,-0.00429755578803969
2020-09-21,-0.007127932064252606,-0.007127932064252606
2020-09-22,0.0020891735593595927,0.0020891735593595927
2020-09-23,-0.009386951884034678,-0.009386951884034678
2020-09-24,0.0016144717993540258,0.0016144717993540258
2020-09-25,0.004446205006646764,0.004446205006646764
2020-09-28,0.006083542900709359,0.006083542900709359
2020-09-29,-0.0020000039826669844,-0.0020000039826669844
2020-09-30,0.0021219367369836937,0.0021219367369836937
2020-10-01,0.0008534165201438831,0.0008534165201438831
2020-10-02,-0.0010154115994802746,-0.0010154115994802746
2020-10-05,0.006051772318808543,0.006051772318808543
2020-10-06,-0.004957835600733043,-0.004957835600733043
2020-10-07,0.006078038961483156,0.006078038961483156
2020-10-08,0.005289047849244818,0.005289047849244818
2020-10-09,0.0027593145028202725,0.0027593145028202725
2020-10-12,0.004457724493182826,0.004457724493182826
2020-10-13,-0.003348285388775325,-0.003348285388775325
2020-10-14,-0.0013467430681744271,-0.0013467430681744271
2020-10-15,0.00012969106692280495,0.00012969106692280495
2020-10-16,-0.00015080455415968717,-0.00015054580281893462
2020-10-19,-0.00605804750953524,-0.006050289028459605
2020-10-20,0.0017610477532600472,0.0017455862292250588
2020-10-21,-0.0011538422172612008,-0.001135183783511796
2020-10-22,0.003152038457404305,0.0030813539478001975
2020-10-23,0.0015736300560183678,0.0015266035348622021
2020-10-26,-0.007476769719546932,-0.007285622542168353
2020-10-27,-0.0020025431737865224,-0.0019379131541127398
2020-10-28,-0.01405286178789929,-0.01405286178789929
2020-10-29,0.0037575293640262223,0.003742184006848917
2020-10-30,-0.003158716732103504,-0.003127382292631128
2020-11-02,0.007855112913480889,0.007810647274390668
2020-11-03,0.00654646169546824,0.006510687064886931
2020-11-04,0.005153296923521217,0.005108894944122119
2020-11-05,0.008246865055083614,0.008213357039741668
2020-11-06,-0.0014762370860315105,-0.0014596830523077471
2020-11-09,0.007489786967138236,0.007420655282518441
2020-11-10,0.0028978372716892834,0.0028515318023117644
2020-11-11,0.0006989506817105626,0.0006823468689399256
2020-11-12,-0.004112852827792375,-0.004000790795952822
2020-11-13,0.007028766872853205,0.00684075196839486
2020-11-16,0.0068310348945493085,0.006646612007444571
2020-11-17,-0.001825314201685441,-0.001764230637767038
2020-11-18,-0.0055593308386830305,-0.005372026384034123
2020-11-19,0.0016189590265543582,0.0015523774936932744
2020-11-20,-0.0015166779572714985,-0.0014440784129161148
2020-11-23,0.003519061265571852,0.0033298368767994482
2020-11-24,0.006768609602977247,0.006401921429092888
2020-11-25,-0.0019344353084454365,-0.0018176909160422879
2020-11-27,0.00013950612774904302,0.00013005806045410923
2020-11-30,-0.004968225286645739,-0.004624197695731809
2020-12-01,0.0042648929835762605,0.003948715393090473
2020-12-02,0.0015056065619046164,0.0013831679166611964
2020-12-03,0.00048509345681159156,0.00044212478434617087
2020-12-04,0.004096924937105297,0.0037131037581765937
2020-12-07,-0.00045261550662710183,-0.00040708127837280696
2020-12-08,0.0019025810005093887,0.0016981199729073206
2020-12-09,-0.0029082669114124673,-0.0025819796246501444
2020-12-10,0.00047689729874573935,0.0004200493566239684
2020-12-11,-0.0008846377828417859,-0.0007734029154404486
2020-12-14,-0.004357296362770874,-0.0037982062167332396
2020-12-15,0.006977017267625255,0.006082809772332073
2020-12-16,-0.00047415989482414624,-0.0004102313086543183
2020-12-17,0.0028760940703524847,0.0024710035706478535
2020-12-18,-0.0018405038553341592,-0.0015707990760686647
2020-12-21,-0.003288129801857664,-0.002792783363656288
2020-12-22,-0.0027273099829072055,-0.0023032299409457657
2020-12-23,0.002100749770785458,0.0017608797808371167
2020-12-24,0.0017923021138620148,0.0014908736104902777
2020-12-28,0.002399773045750634,0.001981628210490113
2020-12-29,-0.0009727814927753087,-0.0007973483261268458
2020-12-30,0.0025527858725242453,0.002077371679760177
2020-12-31,0.0030937014585802176,0.002500537119757762
2021-01-04,-0.005359532367108659,-0.004329207145274682
2021-01-05,0.004934960423249065,0.003969334447539766
2021-01-06,0.006337170104798511,0.0050889646249984285
2021-01-07,0.004314331712359592,0.0034456513146838
2021-01-08,-3.698012595941948e-05,-2.9305249766583424e-05
2021-01-11,-0.002404674457922657,-0.0018944567877917837
2021-01-12,0.002326136241403551,0.001818942769779037
2021-01-13,0.0007828489266452353,0.0006073165334434239
2021-01-14,-0.0007239530120773202,-0.0005574497647956441
2021-01-15,-0.005030452184493724,-0.00386885563804768
2021-01-19,0.004057939211679012,0.0031030784505880356
2021-01-20,0.005936223928943287,0.004527374846182624
2021-01-21,-0.0036014091527898735,-0.0027356759056136114
2021-01-22,-0.002102297200683276,-0.0015869184322243762
2021-01-25,0.0021985856137874504,0.0016471649419672336
2021-01-26,-0.0026044305342785633,-0.001940162792426958
2021-01-27,-0.013556463121779615,-0.010445529236196483
2021-01-28,0.005192918423814173,0.003987128335837959
2021-01-29,-0.010551577693401024,-0.008239494406002069
2021-02-01,0.006924309322428917,0.005410315646822242
2021-02-02,0.006092723971363775,0.004752602809999666
2021-02-03,0.001633526429060708,0.0012644378975380764
2021-02-04,0.003471292275529111,0.0026701168961442735
2021-02-05,0.003680415454226962,0.0028137472575738114
2021-02-08,0.005398683432653561,0.00411281707878727
2021-02-09,-0.000668373464075047,-0.0005053577772017842
2021-02-10,0.0015498123744441053,0.0011626990730008416
2021-02-11,-0.0018751654795458295,-0.001397580822616914
2021-02-12,0.0019890356237303257,0.001471191492952911
2021-02-16,-0.0012400658382611342,-0.0009106767268519684
2021-02-17,0.0009951277085812832,0.0007250327325005912
2021-02-18,-0.0030454796359178212,-0.002207561860576877
2021-02-19,-0.00043961275009199923,-0.00031621895588700383
2021-02-22,-0.0008209814019174009,-0.0005861296321103548
2021-02-23,0.0016167810747291225,0.0011453672090724464
2021-02-24,0.005378293259431359,0.0037966205626772834
2021-02-25,-0.013571092945147061,-0.009910938180610998
2021-02-26,-0.004785888036502671,-0.0034866709302905662
2021-03-01,0.01195443502357364,0.008876710122664156
2021-03-02,-0.0024372217650038734,-0.0017986832486872432
2021-03-03,-0.005858028828635421,-0.0043240639550731815
2021-03-04,-0.005925343552842768,-0.004374193372517625
2021-03-05,0.011517309424145928,0.008650796823580541
2021-03-08,-0.0001331961299536173,-9.926257151960078e-05
2021-03-09,0.0063886270160215,0.00475593993051827
2021-03-10,0.006065454699864009,0.004506268395755325
2021-03-11,0.0028118915988586536,0.0020743946713342024
2021-03-12,0.0011708561962431928,0.0008569714291465096
2021-03-15,0.0033668366530081643,0.0024480999147426337
2021-03-16,-0.003058108171523874,-0.0022124787509265995
2021-03-17,0.0013702471354778989,0.000983588420666225
2021-03-18,-0.007973192580133188,-0.0057647583821136055
2021-03-19,0.0004874430041830407,0.0003496447126863079
2021-03-22,0.0023875949972105466,0.0017001564998928014
2021-03-23,-0.00450075008537463,-0.00319619000099223
2021-03-24,-0.0004333054174566679,-0.0003053366658730962
2021-03-25,0.003833624533600438,0.002685801858108165
2021-03-26,0.008295082948257688,0.0058340180570411486
2021-03-29,-0.0011734227250489778,-0.0008193356048507776
2021-03-30,-0.002481067792810782,-0.001722120716305994
2021-03-31,0.0012536422758442167,0.000863341906169211
2021-04-01,0.006870824927118659,0.004730359079502665
2021-04-05,0.005990885110448431,0.0041141617214812565
2021-04-06,0.0011379562585571083,0.0007753114797018716
2021-04-07,-0.0012868189604694979,-0.000870593728913411
2021-04-08,0.0019884814725713647,0.0013350179388873355
2021-04-09,0.0021491442043222184,0.001431947369274275
2021-04-12,7.444992780651299e-05,4.921925014181501e-05
2021-04-13,0.0019798980610679622,0.0012988843575127969
2021-04-14,0.0002480598296748287,0.0001614633185798694
2021-04-15,0.007337194082100549,0.0047772889128891655
2021-04-16,0.0025110457265255354,0.001622760070656368
2021-04-19,-0.0034250123885413556,-0.0022045382999318834
2021-04-20,-0.0038370973404537466,-0.002461441583735709
2021-04-21,0.006586265079805274,0.0042186481642883045
2021-04-22,-0.006178891748809308,-0.003966600283937492
2021-04-23,0.005546574364961389,0.0035478659627104004
2021-04-26,0.00026052208893111883,0.00016534091594179332
2021-04-27,-0.0007033845639658095,-0.0004431121281893656
2021-04-28,0.002277543954181453,0.00142395871446515
2021-04-29,0.0050377007410207725,0.0031350871362099946
2021-04-30,-0.0045977270199208066,-0.002856436823594593
2021-05-03,0.00508726231367685,0.003146300511859958
2021-05-04,-0.001567716890456783,-0.0009631699511792274
2021-05-05,0.0022664498406741065,0.0013819049153803162
2021-05-06,0.00674832485351989,0.004108964621331962
2021-05-07,0.005502353486671873,0.003336652124957331
2021-05-10,-0.00377055133806237,-0.002279341558481013
2021-05-11,-0.007448821239867561,-0.004532615410624626
2021-05-12,-0.013488334579138898,-0.008496915544966765
2021-05-13,0.007469343081403528,0.004711002905737068
2021-05-14,0.01054415006183681,0.00672517505354918
2021-05-17,0.0006116321000770044,0.0003870300815124002
2021-05-18,-0.005978437129779966,-0.0037889605803274034
2021-05-19,-0.004123051059577032,-0.0026050164979859454
2021-05-20,0.005918614070809601,0.0037295717047116568
2021-05-21,0.0008907935218107014,0.0005568899147260806
2021-05-24,0.005442442112380249,0.003389647156172546
2021-05-25,-0.0022555436067667567,-0.0013964651220696634
2021-05-26,0.001228251770283553,0.0007544489119635925
2021-05-27,0.0010660138189417451,0.0006496224419143643
2021-05-28,0.0009861505279459525,0.0005962043713643201
2021-06-01,0.001594222517791945,0.0009565335106751671
2021-06-02,0.0014576759707440922,0.0008746055824464553
2021-06-03,-0.0024670744236111016,-0.0014802446541666606
2021-06-04,0.006033285021076939,0.0036199710126461624
2021-06-07,-0.0014482743415765561,-0.0008689646049459338
2021-06-08,-0.00014766322775252826,-8.859793665151696e-05
2021-06-09,-0.001309111465274318,-0.0007854668791645906
2021-06-10,0.002493256540043658,0.0014959539240261947
2021-06-11,0.00018035579506437424,0.00010821347703862452
2021-06-14,-0.001949558376472333,-0.0011697350258833997
2021-06-15,-3.707095870051225e-05,-2.2242575220307348e-05
2021-06-16,-0.006805451626040579,-0.004083270975624347
2021-06-17,-0.005790563150914222,-0.003474337890548533
2021-06-18,-0.010778795196527097,-0.006467277117916259
2021-06-21,0.011663032340015547,0.0069978194040093275
2021-06-22,0.002480427268838831,0.0014882563613032983
2021-06-23,-0.0017503923980212463,-0.0010502354388127477
2021-06-24,0.0043232434317317945,0.0025939460590390763
2021-06-25,0.0029201930103389642,0.0017521158062033784
2021-06-28,-0.00023870049460073434,-0.00014322029676044058
2021-06-29,-0.002675151778259696,-0.0016050910669558173
2021-06-30,0.0028732753849357163,0.0028732753849357163
2021-07-01,0.0053489199096984335,0.0032093519458190603
2021-07-02,0.004089702794357959,0.004089702794357959
2021-07-06,-0.004010949363118181,-0.004010949363118181
2021-07-07,0.0030331430080562374,0.0030331430080562374
2021-07-08,-0.00646318841622996,-0.0038779130497379757
2021-07-09,0.008282821912875729,0.008282821912875729
2021-07-12,0.0020932603156545606,0.0020932603156545606
2021-07-13,-0.004841518981802864,-0.004841518981802864
2021-07-14,0.0006294955380396353,0.0006294955380396353
2021-07-15,-0.00044893061275677013,-0.00044893061275677013
2021-07-16,-0.00702089367151131,-0.004212536202906785
2021-07-19,-0.011347812595014514,-0.006808687557008708
2021-07-20,0.00937598670900765,0.0056255920254045895
2021-07-21,0.00509566895594508,0.00509566895594508
2021-07-22,0.0006321728058334464,0.0006321728058334464
2021-07-23,0.005950801211549601,0.005950801211549601
2021-07-26,0.0029371434181815967,0.0029371434181815967
2021-07-27,-0.0006349811145932385,-0.00038098866875594306
2021-07-28,0.000206422026158284,0.0001238532156949704
2021-07-29,0.004581706314590627,0.004581706314590627
2021-07-30,-0.0043440269991737186,-0.002606416199504231
2021-08-02,-0.0013114390198499172,-0.0007868634119099502
2021-08-03,0.006581005826545591,0.003948603495927354
2021-08-04,-0.006287327207228435,-0.003772396324337061
2021-08-05,0.004170921199237269,0.004170921199237269
2021-08-06,-0.0004333870351774942,-0.0004333870351774942
2021-08-09,-0.003061042075513307,-0.003061042075513307
2021-08-10,0.004172568438344708,0.004172568438344708
2021-08-11,0.005347767638048153,0.005347767638048153
2021-08-12,0.0009211764416998282,0.0009211764416998282
2021-08-13,0.002839172394618712,0.002839172394618712
2021-08-16,0.0008353804442104529,0.0008353804442104529
2021-08-17,-0.0056810280209229945,-0.003408616812553796
2021-08-18,-0.00839495993794797,-0.005036975962768782
2021-08-19,-0.0019832916626622054,-0.001189974997597323
2021-08-20,0.005619504945924866,0.0033717029675549197
2021-08-23,0.007726934869501757,0.007726934869501757
2021-08-24,0.001226160927841752,0.001226160927841752
2021-08-25,0.0012940963103474025,0.0012940963103474025
2021-08-26,-0.005273555213494546,-0.003164133128096727
2021-08-27,0.009740957370316538,0.009740957370316538
2021-08-30,0.00048820254105650795,0.00048820254105650795
2021-08-31,-0.0015991862362726517,-0.0015991862362726517
2021-09-01,-9.631258329450007e-05,-9.631258329450007e-05
2021-09-02,0.0053151028484681095,0.0053151028484681095
2021-09-03,-0.002508958380290467,-0.002508958380290467
2021-09-07,-0.007754324986671251,-0.004652594992002749
2021-09-08,-4.1655920397733e-05,-2.4993552238639792e-05
2021-09-09,-0.0014331012611119086,-0.0008598607566671451
2021-09-10,-0.006749728558238365,-0.004049837134943019
2021-09-13,0.004353570172130771,0.002612142103278462
2021-09-14,-0.004642642754192673,-0.0027855856525156038
2021-09-15,0.007438856382909884,0.004463313829745929
2021-09-16,-0.006127753895456753,-0.0036766523372740514
2021-09-17,-0.008653177856224633,-0.005191906713734779
2021-09-20,-0.012371901176971256,-0.007423140706182753
2021-09-21,-0.0005463977557311409,-0.0003278386534386845
2021-09-22,0.008147480607882824,0.004888488364729694
2021-09-23,0.007611567056203979,0.004566940233722386
2021-09-24,0.0007179791378882293,0.0004307874827329375
2021-09-27,0.0015695979483584508,0.0009417587690150705
2021-09-28,-0.014704213264329906,-0.008822527958597942
2021-09-29,0.0019463582507722643,0.0011678149504633585
2021-09-30,-0.00935179282590461,-0.005611075695542766
2021-10-01,0.010533025873679483,0.006319815524207689
2021-10-04,-0.004735967385363603,-0.0028415804312181612
2021-10-05,0.005740138513889853,0.0034440831083339114
2021-10-06,0.0029479639250614216,0.0017687783550368527
2021-10-07,0.004763522758841623,0.0028581136553049737
2021-10-08,-0.0004675691581959194,-0.0002805414949175516
2021-10-11,-0.006063784463562006,-0.003638270678137203
2021-10-12,0.00110235624660186,0.000661413747961116
2021-10-13,0.0051287493324587655,0.0030772495994752587
2021-10-14,0.01317565571454521,0.007905393428727125
2021-10-15,0.0023899873643951804,0.001433992418637108
2021-10-18,0.0006584662810264113,0.00039507976861584675
2021-10-19,0.0052165399888945705,0.0031299239933367416
2021-10-20,0.005471429750001498,0.003282857850000899
2021-10-21,-0.00012317218669984827,-7.390331201990896e-05
2021-10-22,0.002559690639010113,0.0015358143834060679
2021-10-25,0.0049336671233939635,0.0029602002740363774
2021-10-26,0.0009566147026281837,0.0005739688215769101
2021-10-27,-0.006083039194343909,-0.0036498235166063453
2021-10-28,0.006975612535565082,0.004185367521339048
2021-10-29,-0.0007152026722782414,-0.00042912160336694476
2021-11-01,0.0035946123125963096,0.0021567673875577857
2021-11-02,0.0022369856705385257,0.0013421914023231153
2021-11-03,0.001978867744389936,0.0011873206466339614
2021-11-04,0.0030846810741248227,0.0018508086444748938
2021-11-05,0.0073131621162611914,0.004387897269756715
2021-11-08,0.00010254926345015335,6.152955807009201e-05
2021-11-09,0.0002993147616708792,0.0001795888570025275
2021-11-10,-0.0059101166836484685,-0.003546070010189081
2021-11-11,0.0003203962647498727,0.00019223775884992362
2021-11-12,0.004182782278957486,0.0025096693673744906
2021-11-15,0.00025125666071004765,0.0001507539964260286
2021-11-16,-0.00011441197963870405,-6.864718778322242e-05
2021-11-17,-0.002067683909560408,-0.0012406103457362446
2021-11-18,-0.0011038338296593597,-0.0006623002977956156
2021-11-19,-0.004581697951313836,-0.002749018770788301
2021-11-22,-0.001598949445102321,-0.0009593696670613924
2021-11-23,0.0018665168143285659,0.0011199100885971396
2021-11-24,0.0020942320795715266,0.001256539247742916
2021-11-26,-0.017516476244941407,-0.01050988574696484
2021-11-29,0.006623273271159393,0.0039739639626956355
2021-11-30,-0.018251262800886747,-0.010950757680532048
2021-12-01,-0.007956218432633642,-0.004773731059580185
2021-12-02,0.013847562317346915,0.008308537390408148
2021-12-03,-0.0016793712634295245,-0.0010076227580577148
2021-12-06,0.009649790352044494,0.005789874211226697
2021-12-07,0.01199302453852306,0.0071958147231138345
2021-12-08,2.880301334699044e-05,1.728180800819426e-05
2021-12-09,-0.0041454076677875625,-0.0024872446006725373
2021-12-10,0.005864975725937696,0.003518985435562617
2021-12-13,-0.003789540357305737,-0.002273724214383442
2021-12-14,-0.004543497241308655,-0.002726098344785193
2021-12-15,0.008047592442955416,0.00482855546577325
2021-12-16,0.0006074314226241846,0.0003644588535745108
2021-12-17,-0.009575263234335944,-0.005745157940601566
2021-12-20,-0.00936631077019427,-0.005619786462116562
2021-12-21,0.01143738124212166,0.0068624287452729955
2021-12-22,0.0071465997916467,0.00428795987498802
2021-12-23,0.0042524562458196,0.0025514737474917593
2021-12-27,0.009954203562438736,0.005972522137463242
2021-12-28,0.000617960683050537,0.0003707764098303222
2021-12-29,-4.840574479325101e-05,-2.90434468759506e-05
2021-12-30,-0.00022129428153387642,-0.0001327765689203258
2021-12-31,0.00020832187825955056,0.00012499312695573033
2022-01-03,1.816704894192344e-05,1.0900229365154063e-05
2022-01-04,0.005273540282508779,0.003164124169505267
2022-01-05,-0.009758894968052918,-0.00585533698083175
2022-01-06,-0.0008940281369244534,-0.0005364168821546721
2022-01-07,-0.0001796623023729345,-0.0001077973814237607
2022-01-10,-0.0031917110861842046,-0.0019150266517105226
2022-01-11,0.008804943366026496,0.0052829660196158975
2022-01-12,0.0021773143270771636,0.001306388596246298
2022-01-13,-0.0060638892967099295,-0.0036383335780259575
2022-01-14,-0.0016872304282832082,-0.001012338256969925
2022-01-18,-0.012488082246637935,-0.00749284934798276
2022-01-19,-0.0032776188544933562,-0.0019665713126960135
2022-01-20,-0.007369805292929924,-0.004421883175757954
2022-01-21,-0.012382934001995983,-0.007429760401197589
2022-01-24,0.001536526462417593,0.0009219158774505556
2022-01-25,-0.005577004712760025,-0.0033462028276560144
2022-01-26,-0.0066074409160686255,-0.003964464549641175
2022-01-27,-0.0007902110288183149,-0.00047412661729098895
2022-01-28,0.012162049020947157,0.007297229412568293
2022-01-31,0.011585589728094288,0.006951353836856573
2022-02-01,0.006046039615933996,0.0036276237695603976
2022-02-02,0.006810861755988901,0.004086517053593341
2022-02-03,-0.014531543898282281,-0.008718926338969368
2022-02-04,1.0860801356439105e-05,6.516480813863462e-06
2022-02-07,-0.000631235981150933,-0.00037874158869055977
2022-02-08,0.0038785194181076544,0.0023271116508645925
2022-02-09,0.009635571707997663,0.005781343024798597
2022-02-10,-0.01220155886458065,-0.0073209353187483886
2022-02-11,-0.005681067827988913,-0.003408640696793348
2022-02-14,-0.005174046524662572,-0.003104427914797543
2022-02-15,0.006097521042393052,0.00365851262543583
2022-02-16,0.0027748713265635353,0.0016649227959381213
2022-02-17,-0.009450925791577117,-0.005670555474946269
2022-02-18,-0.0027767344784462157,-0.0016660406870677292
2022-02-22,-0.007293671156998748,-0.0043762026941992485
2022-02-23,-0.011038762632342113,-0.006623257579405267
2022-02-24,0.004452660691938015,0.0026715964151628087
2022-02-25,0.01753652665599886,0.01070379375736167
2022-02-28,0.0018745388379652359,0.001135928997222908
2022-03-01,-0.006854713183953713,-0.004159654382131068
2022-03-02,0.008879577455257151,0.005432829314962068
2022-03-03,0.0003826263684334434,0.00023225870287458536
2022-03-04,0.0013691095987453654,0.0008247813681532151
2022-03-07,-0.014271545498033056,-0.008896943848733822
2022-03-08,-0.003567533196013267,-0.0022114808955458884
2022-03-09,0.008609547558152273,0.005377908310138829
2022-03-10,-0.0006812411371816664,-0.0004221999256634662
2022-03-11,-0.007429161091817722,-0.004617085571391758
2022-03-14,-0.00609864957059768,-0.003786228240139891
2022-03-15,0.008126086589004978,0.005076402820820955
2022-03-16,0.011161566464672035,0.007098976539331653
2022-03-17,0.00876603837688337,0.005616538855109835
2022-03-18,0.004357329562834302,0.0027794070742342123
2022-03-21,0.0013062821873252013,0.0008268405975527299
2022-03-22,0.004143875977827396,0.0026100516448071703
2022-03-23,-0.002903006132740554,-0.0018177166181341715
2022-03-24,0.007577909977612033,0.004757883092997245
2022-03-25,0.004110162134364896,0.002567283570578374
2022-03-28,0.0010977100379568488,0.0006802886107875961
2022-03-29,0.006952998273868223,0.004311039682326809
2022-03-30,-0.0005201032930994891,-0.0003200007270157111
2022-03-31,-0.00848080168655024,-0.005261480200441911
2022-04-01,0.0028811151192944724,0.0017754782289385357
2022-04-04,0.0026786564844991823,0.001639291597706994
2022-04-05,-0.008170364982345043,-0.005035074976636158
2022-04-06,-0.002924246830973835,-0.0017915954478553773
2022-04-07,0.0030186244683359465,0.001837508068592733
2022-04-08,0.0013601244269523583,0.0008215671485731029
2022-04-11,-0.01004411073696441,-0.006151040075948269
2022-04-12,-0.0003475323376728359,-0.0002111587035172421
2022-04-13,0.0073155640180753295,0.004454779311813555
2022-04-14,-0.0065200370462888,-0.003975323519173749
2022-04-18,-0.000492096883292289,-0.0002976899990892983
2022-04-19,0.007128091849719029,0.004319427228491024
2022-04-20,0.00209228699517579,0.0012586630686465946
2022-04-21,-0.011399031639292515,-0.006994156249946778
2022-04-22,-0.017563761983756965,-0.01141636441997513
2022-04-25,-0.000337163532151854,-0.00021742344110958225
2022-04-26,-0.013054724660525081,-0.008639053165280106
2022-04-27,-8.292866595703506e-05,-5.444569930216477e-05
2022-04-28,0.013098923405200098,0.008853514244368735
2022-04-29,-0.018771554637569417,-0.013547219359570133
2022-05-02,6.210579985447499e-05,4.4468904309145614e-05
2022-05-03,0.004294735052649294,0.00306429376643574
2022-05-04,0.017116392737724345,0.012915122633747113
2022-05-05,-0.016708850589994165,-0.013252148474620088
2022-05-06,-0.0024398412041613565,-0.0019214896774852035
2022-05-09,-0.015511316494253843,-0.012708683678762338
2022-05-10,-0.0006193169633799823,-0.0005034057015119073
2022-05-11,-0.003140995723173129,-0.002536195526525003
2022-05-12,-0.0008289020872816994,-0.0006640105421329928
2022-05-13,0.009290428211123799,0.007530839707466062
2022-05-16,0.00017634237825833634,0.00014182544290185277
2022-05-17,0.008091891409241641,0.006551676689769585
2022-05-18,-0.016513511535284405,-0.014007924444095033
2022-05-19,-0.0011877939194592112,-0.000999679407550272
2022-05-20,0.0003380529837918705,0.0002823131020921001
2022-05-23,0.008138714632464676,0.006846023524964354
2022-05-24,-0.000442221704142509,-0.00036904197755214006
2022-05-25,0.004296050509474819,0.003572587388123534
2022-05-26,0.008692696507909388,0.007290274903198709
2022-05-27,0.010298959829338693,0.00876190133642473
2022-05-31,-0.005584471364591327,-0.004742153413913464
2022-06-01,-0.003107509042932736,-0.0026224948986963716
2022-06-02,0.008446543375963662,0.007177879354887838
2022-06-03,-0.0061305218464935,-0.005206612211207684
2022-06-06,0.0003844189810881784,0.0003239213844624537
2022-06-07,0.0057486955197778074,0.00483880387482686
2022-06-08,-0.006141147587608554,-0.005166235901928625
2022-06-09,-0.01087458424323476,-0.009289207686467982
2022-06-10,-0.011072754964927248,-0.009605678924842936
2022-06-13,-0.019756306146825674,-0.01840936601896876
2022-06-14,-0.0038590074409713985,-0.0035743026029067043
2022-06-15,0.005252760374776076,0.004861923000692278
2022-06-16,-0.012676461253300478,-0.011984599372717479
2022-06-17,-0.0019729155680832263,-0.0018509250774769138
2022-06-21,0.009220305408059341,0.008759830529174492
2022-06-22,-0.00025519753143631035,-0.0002405468555660573
2022-06-23,0.002191673852731814,0.0020529778554103455
2022-06-24,0.011459760623477809,0.010972293147137867
2022-06-27,-0.0005013271101467731,-0.00047620748690158223
2022-06-28,-0.005664043403059105,-0.005366114014690158
2022-06-29,-0.0007632044410856439,-0.0007173490118841145
2022-06-30,-0.00279423463983197,-0.0026081094743953875
2022-07-01,0.005938999654868313,0.00554665241442483
2022-07-05,-0.00394193477303226,-0.0036609012224825023
2022-07-06,-0.0008901797944921189,-0.0008201969649100091
2022-07-07,0.005475684936463343,0.005041810617897752
2022-07-08,-0.001619316215264368,-0.0014795952546070783
2022-07-11,-0.0035463714227288346,-0.0032206270584996632
2022-07-12,-0.0031471337631393754,-0.00283921772927958
2022-07-13,-0.0010798488340891445,-0.0009665382565695257
2022-07-14,-0.004359490345966373,-0.003881931792567962
2022-07-15,0.007776461236143049,0.006968380243461624
2022-07-18,-0.0024742899268837904,-0.0022012730362213134
2022-07-19,0.01118074085574565,0.010147545918839698
2022-07-20,0.0012778233269410493,0.0011511939258804602
2022-07-21,0.004576360434013916,0.0041099561031768365
2022-07-22,-0.0017044169224500897,-0.0015192193249570604
2022-07-25,0.0020342198986927178,0.0018007864365782507
2022-07-26,-0.00422782134918212,-0.0037246107271983546
2022-07-27,0.009154970575633168,0.008146961508420569
2022-07-28,0.007050500281528995,0.006289572884221097
2022-07-29,0.006364594079939091,0.006364594079939091
2022-08-01,0.0002240764398762236,0.0002240764398762236
2022-08-02,-0.004385969412370944,-0.003866980846770879
2022-08-03,0.00506684402984552,0.004454776611726782
2022-08-04,-0.0007807403121480124,-0.0006810952193922733
2022-08-05,-0.0021205356393586786,-0.0018369616991781505
2022-08-08,0.0020108045150338443,0.001729500858150614
2022-08-09,-0.0006501033969841704,-0.0005547881810344926
2022-08-10,0.00810029650021305,0.006947709228844349
2022-08-11,0.00038930649532833186,0.0003312761156622993
2022-08-12,0.008310661961675993,0.007109561692612206
2022-08-15,0.00023926065596731693,0.00020306350091016257
2022-08-16,0.0018588471113403617,0.0015659122518438238
2022-08-17,-0.004100009940248112,-0.0034398296580484566
2022-08-18,0.0019295976777375713,0.0016069901957219091
2022-08-19,-0.0064345289106626565,-0.0053641542383292395
2022-08-22,-0.009142074073255459,-0.00769350207259776
2022-08-23,0.0005689492268750296,0.0004750414681936002
2022-08-24,0.0017085997987574975,0.0014160941978626509
2022-08-25,0.0072536833539727655,0.006026102442524254
2022-08-26,-0.013767987167009709,-0.011807800676479883
2022-08-29,-0.0020724618458919705,-0.0017647646647603636
2022-08-30,-0.0066957256796040315,-0.0057058307353532785
2022-08-31,-0.0045164991927376325,-0.0038324987682455173
2022-09-01,-0.0006989394423111281,-0.0005884223806012754
2022-09-02,-0.0030849289422016793,-0.0025806354977151655
2022-09-06,-0.0035099295639302447,-0.002918818513073806
2022-09-07,0.010240078400074142,0.008641557444785893
2022-09-08,0.0018868921582408148,0.0015811020785054836
2022-09-09,0.0075767912467850935,0.006374300978862467
2022-09-12,0.004397150484133073,0.003684355971541792
2022-09-13,-0.018137066300348875,-0.016163314613298015
2022-09-14,0.001647573358825122,0.0014577148669826484
2022-09-15,-0.005970217526453304,-0.005274806232334972
2022-09-16,-0.004563539097147813,-0.00401434702610563
2022-09-19,0.0040166320735836635,0.0035188049194000395
2022-09-20,-0.006576019593611323,-0.005759973333261373
2022-09-21,-0.006634184727553777,-0.005809320955189884
2022-09-22,-0.005238800226084899,-0.004571255432248577
2022-09-23,-0.010535789190393613,-0.009303710084589504
2022-09-26,-0.00749059086920956,-0.006621965511410964
2022-09-27,-0.0029468116867667066,-0.0025867286978800245
2022-09-28,0.012948158438018099,0.011724829276259046
2022-09-29,-0.008952823271627408,-0.00815459880851555
2022-09-30,-0.006708730352379394,-0.006104801337999664
2022-10-03,0.013760093882066294,0.012978502448853402
2022-10-04,0.013365701206053729,0.013015480772079487
2022-10-05,-0.002445701185769528,-0.0023647996596761426
2022-10-06,-0.004663667191590388,-0.004489826700552402
2022-10-07,-0.010695654209881621,-0.010432859232492918
2022-10-10,-0.003382755584012479,-0.0032784546938894182
2022-10-11,-0.002379749742739947,-0.0022894491641551246
2022-10-12,-0.0015039684411848769,-0.0014356400577458911
2022-10-13,0.010249842316127682,0.00994484787998712
2022-10-14,-0.010457949086748517,-0.010267696827429751
2022-10-17,0.009178157638330558,0.009116049655072804
2022-10-18,0.005721129915500672,0.005681292504007998
2022-10-19,-0.0036629533166600285,-0.0036161464526689824
2022-10-20,-0.0053736398159406505,-0.005288012176334808
2022-10-21,0.009659625734486145,0.009630284882572076
2022-10-24,0.003416729881317622,0.0033891171827139513
2022-10-25,0.00799858754692979,0.007980972284734772
2022-10-26,0.00035421424270742815,0.0003506614264497663
2022-10-27,-0.001071192881401002,-0.0010522251441303892
2022-10-28,0.007309464189360595,0.007203839273812126
2022-10-31,-0.0033107163056899295,-0.003243716878411072
2022-11-01,0.0005514044278640747,0.0005360253312954423
2022-11-02,-0.00974285070940732,-0.009572047841853433
2022-11-03,-0.001919334802091898,-0.0018717682271965838
2022-11-04,0.0063308344407874955,0.006178968171040082
2022-11-07,0.0023383078234768743,0.002267060996566984
2022-11-08,0.003965867172643221,0.0038275123113497072
2022-11-09,-0.00818021591730415,-0.0079350988402769
2022-11-10,0.02248365964596927,0.02248365964596927
2022-11-11,0.0036069629626317968,0.0036069629626317968
2022-11-14,-0.0028406988972126154,-0.0028406988972126154
2022-11-15,0.00397631598488758,0.00397631598488758
2022-11-16,-0.001724473798551685,-0.001724473798551685
2022-11-17,-0.0029473103287993123,-0.0029473103287993123
2022-11-18,0.0017545703966943091,0.0017545703966943091
2022-11-21,-0.0009179918747867916,-0.0009179918747867916
2022-11-22,0.0063925107996438595,0.0063925107996438595
2022-11-23,0.0033027027834209933,0.0033027027834209933
2022-11-25,7.67108093555912e-05,7.67108093555912e-05
2022-11-28,-0.006312489275848238,-0.006312489275848238
2022-11-29,-0.0002063691073790643,-0.00020495608739043745
2022-11-30,0.011286149274194504,0.011286149274194504
2022-12-01,0.002148408158038746,0.002148408158038746
2022-12-02,0.000565677418572511,0.0005625314933656047
2022-12-05,-0.008744582408812892,-0.008744582408812892
2022-12-06,-0.0044850314449671495,-0.00448274837306223
2022-12-07,0.0007999389143456969,0.0007932755325092728
2022-12-08,0.0021088038864922067,0.002076243900592694
2022-12-09,-0.004413319564980491,-0.004329009661286639
2022-12-12,0.005645480406186513,0.005527075182752614
2022-12-13,0.004204141322862643,0.004096272779043017
2022-12-14,-0.0024292189724826954,-0.0023515824850063485
2022-12-15,-0.009698904259685061,-0.00950113105323693
2022-12-16,-0.00421883802838324,-0.004115132692004955
2022-12-19,-0.004327872578943929,-0.004203728020709249
2022-12-20,0.000873722790972956,0.0008420949279489508
2022-12-21,0.006109310279584059,0.005885626056104685
2022-12-22,-0.005733618811452844,-0.0055165273259947705
2022-12-23,0.00297387965154483,0.0028437401203506617
2022-12-27,-0.001019818483196255,-0.0009676834857006128
2022-12-28,-0.005770990549660801,-0.005468579418005527
2022-12-29,0.007072649338532722,0.0067173568549588215
2022-12-30,-0.0016396463805492755,-0.0015458036924174581
2023-01-03,-0.0004213291978266389,-0.0003940881328242014
2023-01-04,0.005135243745129283,0.004790342250545968
2023-01-05,-0.004171154547295349,-0.00387395834034314
2023-01-06,0.011544192849047431,0.010927521706073277
2023-01-09,-4.384874434537767e-05,-4.1178713569497386e-05
2023-01-10,0.002284193491960401,0.002130004954354305
2023-01-11,0.005162952448711322,0.004799583195935674
2023-01-12,0.002897836548118504,0.002897836548118504
2023-01-13,0.001610754843691319,0.001610754843691319
2023-01-17,-0.0021630796285709943,-0.0021630796285709943
2023-01-18,-0.006762782246833974,-0.006762782246833974
2023-01-19,-0.0025761424202758233,-0.0025761424202758233
2023-01-20,0.006050013171366161,0.006050013171366161
2023-01-23,0.0037630590447989016,0.0037630590447989016
2023-01-24,0.0009976046487300521,0.0009976046487300521
2023-01-25,0.0003025059884320605,0.0003025059884320605
2023-01-26,0.003781795143520942,0.003781795143520942
2023-01-27,-0.00014580358460960323,-0.00014580358460960323
2023-01-30,-0.005352525833578373,-0.005352525833578373
2023-01-31,0.007137009988816388,0.007137009988816388
2023-02-01,0.0040934109507298104,0.0040934109507298104
2023-02-02,0.003168093005719094,0.003168093005719094
2023-02-03,-0.007420947749009171,-0.007420947749009171
2023-02-06,-0.0021560002100734403,-0.0018594707834002694
2023-02-07,0.004652851826005909,0.003995841084819389
2023-02-08,-0.004777387978642804,-0.004092094565836527
2023-02-09,-0.005705809825959574,-0.004883840551387399
2023-02-10,0.0027823368989191044,0.0023657151182176895
2023-02-13,0.004697333094806403,0.0039777241468766334
2023-02-14,-0.0006159238055360339,-0.0005175389235240486
2023-02-15,1.9382649039559944e-06,1.6158158352549338e-06
2023-02-16,-0.006726173301964648,-0.005618228607530791
2023-02-17,-0.00029652037458241455,-0.0002457321223740443
2023-02-21,-0.00995321978602391,-0.008354872616171453
2023-02-22,-0.0001796179453727569,-0.0001495834798357128
2023-02-23,0.0018718716494693494,0.0015475617511296381
2023-02-24,-0.0044123446293367775,-0.0036334887897279695
2023-02-27,0.0015018869637048633,0.001227541873301826
2023-02-28,-0.0018629835291088723,-0.0015117068496479107
2023-03-01,-0.0015841322241921386,-0.0012759029956901698
2023-03-02,0.0037596916106574082,0.0030127291348331178
2023-03-03,0.009327519664509343,0.007544673053784533
2023-03-06,-0.001365536401068788,-0.0010963150434649643
2023-03-07,-0.008512192447303566,-0.006882520634226915
2023-03-08,0.0001651414362027915,0.00013246986775028414
2023-03-09,-0.008609892970997424,-0.006954680039502129
2023-03-10,-0.004035968759401164,-0.0032441350412619426
2023-03-13,-0.0005826218944330442,-0.0004646276801501662
2023-03-14,0.006475537162309128,0.005168595892638618
2023-03-15,-0.004088373644570263,-0.0032477216731893054
2023-03-16,0.0066996241129101885,0.005329318904356533
2023-03-17,-0.0044775196875358695,-0.00354736525331606
2023-03-20,0.005420408691604885,0.004286271919787983
2023-03-21,0.004824016237654013,0.003802099719592667
2023-03-22,-0.007396124558411933,-0.005847567683492131
2023-03-23,7.492580976814008e-05,5.8770202508877256e-05
2023-03-24,0.003970089164639842,0.0030993518581791894
2023-03-27,0.0007690258385358157,0.0007690258385358157
2023-03-28,0.0010582207206801773,0.0010582207206801773
2023-03-29,0.006550573459620372,0.006550573459620372
2023-03-30,0.003331000591626238,0.003331000591626238
2023-03-31,0.007602379837082708,0.007602379837082708
2023-04-03,0.003847986319865455,0.003847986319865455
2023-04-04,-0.0021565475671963775,-0.0021565475671963775
2023-04-05,0.0013077400285241075,0.0013077400285241075
2023-04-06,0.0004579310256397357,0.0004579310256397357
2023-04-10,-0.0002170424200601743,-0.0002170424200601743
2023-04-11,0.00210293466841689,0.00210293466841689
2023-04-12,-0.0016923975044366047,-0.0016923975044366047
2023-04-13,0.006363286242047569,0.006363286242047569
2023-04-14,-0.0032783095801017506,-0.0032783095801017506
2023-04-17,0.0005961130447967588,0.0005961130447967588
2023-04-18,0.0007656003502269223,0.0007656003502269223
2023-04-19,-0.000724822424072935,-0.000724822424072935
2023-04-20,-0.0020522195529604588,-0.0020522195529604588
2023-04-21,-0.0006339781125664778,-0.0006339781125664778
2023-04-24,0.0026661473807252836,0.0026661473807252836
2023-04-25,-0.007256399454819662,-0.007256399454819662
2023-04-26,-0.007079517224546576,-0.007079517224546576
2023-04-27,0.010036531116925583,0.010036531116925583
2023-04-28,0.005819687568550279,0.005819687568550279
2023-05-01,-0.0028062955295500205,-0.0028062955295500205
2023-05-02,-0.004956336597582863,-0.004956336597582863
2023-05-03,-0.0037087532162225854,-0.0037087532162225854
2023-05-04,-0.004512070938167175,-0.0031258822440639713
2023-05-05,0.008420042724616328,0.008420042724616328
2023-05-08,-0.0009639341239229383,-0.0009639341239229383
2023-05-09,-0.0019339298143371618,-0.0019339298143371618
2023-05-10,0.0014389366884806837,0.0014389366884806837
2023-05-11,-0.0017261905079360084,-0.0017261905079360084
2023-05-12,-0.0007533268941017327,-0.0007533268941017327
2023-05-15,0.0007845390617513423,0.0007845390617513423
2023-05-16,-0.007726301171485995,-0.007726301171485995
2023-05-17,0.005938087930747504,0.005938087930747504
2023-05-18,0.0028145321276450415,0.0018689787298565516
2023-05-19,-0.0002497480137030558,-0.00016453946450477758
2023-05-22,-0.0013830723200731845,-0.0009044342157925502
2023-05-23,-0.005166089535660614,-0.0033704564557233358
2023-05-24,-0.005262262577313169,-0.0034253541161957334
2023-05-25,-0.0020978487288828354,-0.001355923083010229
2023-05-26,0.006331418953749407,0.00409271632093489
2023-05-30,-0.0006432270573894141,-0.00041254436771572103
2023-05-31,-0.0026155043918339566,-0.0016665723413159146
2023-06-01,0.006062874518333032,0.006062874518333032
2023-06-02,0.009841836547959703,0.006336778039472805
2023-06-05,-0.0007381893284645808,-0.0004716266922863322
2023-06-06,0.0025371615360912036,0.0016098349436684358
2023-06-07,0.00041445512800979725,0.0002608947584029565
2023-06-08,0.004396774748558971,0.0027550148119855817
2023-06-09,-0.001033582337755579,-0.0006427658008767096
2023-06-12,0.003613010312653669,0.002233833789902026
2023-06-13,0.00365194032012359,0.002244765078755779
2023-06-14,-0.0004419161119119247,-0.0002695300713221429
2023-06-15,0.009145024316798516,0.005618284120347933
2023-06-16,-0.0013784471515935009,-0.0008407873326590418
2023-06-20,-0.005427396427877677,-0.0033075333585055665
2023-06-21,-0.0005688565951860973,-0.000343998767236238
2023-06-22,-0.001504139313768292,-0.0009030602860215934
2023-06-23,-0.004387752671454053,-0.0026326516028724314
2023-06-26,0.000889128130955632,0.0005334768785733792
2023-06-27,0.005935079989241837,0.0035610479935451016
2023-06-28,-0.0010166432056781737,-0.0006099859234069042
2023-06-29,0.0023119390301987747,0.0013871634181192648
2023-06-30,0.008456764746493532,0.005074058847896118
2023-07-03,0.0018673265370838263,0.0011203959222502958
2023-07-05,-0.0029205975425030876,-0.0017523585255018524
2023-07-06,-0.008070471741302607,-0.004842283044781564
2023-07-07,-0.0003507776429045013,-0.0002104665857427008
2023-07-10,0.0024327386504228838,0.00145964319025373
2023-07-11,0.007561592392348072,0.004536955435408843
2023-07-12,0.007056222010103564,0.004233733206062139
2023-07-13,0.004633076545709856,0.002779845927425913
2023-07-14,-0.0032950737928123283,-0.001977044275687397
2023-07-17,0.000460390574873816,0.00027623434492428953
2023-07-18,0.005205455068347593,0.003123273041008555
2023-07-19,0.003302327164464421,0.0019813962986786524
2023-07-20,-0.0016118359646927207,-0.0009671015788156324
2023-07-21,0.0011944158538200727,0.0007166495122920436
2023-07-24,0.002304880526822108,0.0013829283160932647
2023-07-25,0.0023923169016450497,0.0014353901409870297
2023-07-26,0.0013415775983241403,0.000804946558994484
2023-07-27,-0.008450519075609701,-0.00507031144536582
2023-07-28,0.006968171169728573,0.004180902701837143
2023-07-31,0.002283829524965502,0.001370297714979301
2023-08-01,-0.005293213099080099,-0.0031759278594480586
2023-08-02,-0.00890977256889818,-0.005345863541338908
2023-08-03,-0.0047503491007996924,-0.0028502094604798147
2023-08-04,-0.0012585367346621518,-0.000755122040797291
2023-08-07,0.005242200213024003,0.0031453201278144015
2023-08-08,-0.002129594239024725,-0.001277756543414835
2023-08-09,-0.002464356490455893,-0.0014786138942735356
2023-08-10,-0.0016160430030240022,-0.0009696258018144012
2023-08-11,0.0008613628447010891,0.0005168177068206534
2023-08-14,0.0004685075031572684,0.00028110450189436104
2023-08-15,-0.011005433366983638,-0.006603260020190182
2023-08-16,-0.0059764512136048584,-0.003585870728162915
2023-08-17,-0.00533526713973912,-0.0032011602838434715
2023-08-18,0.0013476535574627412,0.0008085921344776446
2023-08-21,0.00036779193090569976,0.00022067515854341986
2023-08-22,-0.001405386931498496,-0.0008432321588990975
2023-08-23,0.008780710788355225,0.005268426473013135
2023-08-24,-0.009342767377453211,-0.005605660426471926
2023-08-25,0.0055016003137579135,0.003300960188254748
2023-08-28,0.0048857476738955645,0.002931448604337339
2023-08-29,0.010830220536984448,0.006498132322190668
2023-08-30,0.0016565647205162531,0.000993938832309752
2023-08-31,-0.0019181620022883676,-0.0011508972013730204
2023-09-01,0.0004383558708321844,0.0002630135224993106
2023-09-05,-0.0075227628253186065,-0.004513657695191163
2023-09-06,-0.0029183379424119757,-0.0017510027654471854
2023-09-07,-0.0001075449362166668,-6.452696173000007e-05
2023-09-08,0.002125585740263212,0.001275351444157927
2023-09-11,0.004586377849805369,0.0027518267098832214
2023-09-12,-0.0018429705295645758,-0.0011057823177387455
2023-09-13,0.00045942121707478643,0.0002756527302448718
2023-09-14,0.007881168988817841,0.004728701393290705
2023-09-15,-0.008703810211908898,-0.005222286127145338
2023-09-18,0.0009335566522311679,0.0005601339913387007
2023-09-19,-0.003056810608820445,-0.0018340863652922669
2023-09-20,-0.005327603719585855,-0.0031965622317515125
2023-09-21,-0.015032845596948567,-0.009019707358169139
2023-09-22,-0.0014366377561206383,-0.0008619826536723828
2023-09-25,0.00062105408910113,0.00037263245346067794
2023-09-26,-0.012270419290904944,-0.0073622515745429655
2023-09-27,-0.0017268920742250396,-0.0010361352445350238
2023-09-28,0.002822529465091052,0.001693517679054631
2023-09-29,-0.004313253916535053,-0.0025879523499210315
2023-10-02,-0.009372242055970464,-0.005623345233582279
2023-10-03,-0.008848469489189109,-0.005309081693513464
2023-10-04,0.004581916165932323,0.002749149699559393
2023-10-05,-0.004253093085017253,-0.0025518558510103516
2023-10-06,0.00737094000011114,0.004422564000066684
2023-10-09,0.009819816352276864,0.0058918898113661175
2023-10-10,0.005361221976475238,0.003216733185885142
2023-10-11,0.004151189360731105,0.002490713616438663
2023-10-12,-0.009299988112824257,-0.005579992867694553
2023-10-13,0.003919191118572741,0.0023515146711436444
2023-10-16,0.0066582310892263,0.003994938653535779
2023-10-17,0.0014896450235235672,0.0008937870141141401
2023-10-18,-0.009200475805160408,-0.005520285483096244
2023-10-19,-0.00819256973416179,-0.0049155418404970746
2023-10-20,-0.008254028443304137,-0.004952417065982481
2023-10-23,-0.003071029125613784,-0.0018426174753682703
2023-10-24,0.007170863732469496,0.0043025182394816975
2023-10-25,-0.009608259892727311,-0.0057649559356363865
2023-10-26,-0.004232585720232825,-0.0025395514321396953
2023-10-27,-0.006380112844894489,-0.0038280677069366937
2023-10-30,0.007854886720746222,0.004712932032447732
2023-10-31,0.00405964208302375,0.00243578524981425
2023-11-01,0.006551409501649422,0.003930845700989653
2023-11-02,0.01648347836302531,0.009890087017815186
2023-11-03,0.006542139663412634,0.00392528379804758
2023-11-06,-0.002213277202249189,-0.001327966321349513
2023-11-07,-0.0009448759754861891,-0.0005669255852917133
2023-11-08,-0.0010902429062892652,-0.0006541457437735591
2023-11-09,-0.007509622413723049,-0.00450577344823383
2023-11-10,0.008853189859210492,0.005311913915526294
2023-11-13,7.683896550297821e-05,4.610337930178692e-05
2023-11-14,0.016803744351672416,0.01008224661100345
2023-11-15,0.00037998331089859324,0.00022798998653915595
2023-11-16,0.000540050341235232,0.00032403020474113914
2023-11-17,0.00305939931289398,0.0018356395877363878
2023-11-20,0.0034408838142396185,0.002064530288543771
2023-11-21,0.0005484281637036423,0.00032905689822218537
2023-11-22,0.002768434765032939,0.001661060859019763
2023-11-24,0.0010460203260406781,0.0006276121956244068
2023-11-27,-0.00023279164197174932,-0.00013967498518304957
2023-11-28,0.0020574538449057186,0.001234472306943431
2023-11-29,-0.00024027935737201965,-0.00014416761442321178
2023-11-30,0.0033572784358280893,0.002014367061496853
2023-12-01,0.008768937589149668,0.008768937589149668
2023-12-04,-0.005357281237228325,-0.003214368742336995
2023-12-05,-0.003162910424132051,-0.003162910424132051
2023-12-06,4.0851905689826046e-05,4.0851905689826046e-05
2023-12-07,0.0033386708738078626,0.0033386708738078626
2023-12-08,0.0008249504961271895,0.0008249504961271895
2023-12-11,0.002864962716250461,0.002864962716250461
2023-12-12,0.0018087057921160846,0.0018087057921160846
2023-12-13,0.015842876240591056,0.015842876240591056
2023-12-14,0.006369660148204732,0.006369660148204732
2023-12-15,-0.0035591187635828974,-0.0035591187635828974
2023-12-18,0.0031373356402924256,0.0031373356402924256
2023-12-19,0.006585184152568689,0.006585184152568689
2023-12-20,-0.011738813436637812,-0.011738813436637812
2023-12-21,0.007006571284262004,0.007006571284262004
2023-12-22,0.00196638645791704,0.00196638645791704
2023-12-26,0.0045582695752020026,0.0045582695752020026
2023-12-27,0.002808495664682572,0.002808495664682572
2023-12-28,-0.0016672717508532536,-0.0016672717508532536
2023-12-29,-0.0027971786715932237,-0.0027971786715932237
2024-01-02,-0.00023450468435675222,-0.00023450468435675222
2024-01-03,-0.004985003587303878,-0.004985003587303878
2024-01-04,-0.0038158366884863382,-0.0038158366884863382
2024-01-05,0.00028245356424113813,0.00028245356424113813
2024-01-08,0.007032397931468969,0.007032397931468969
2024-01-09,-0.004334157794627478,-0.004334157794627478
2024-01-10,0.0012586729628820497,0.0012586729628820497
2024-01-11,-0.0018997348402071917,-0.0018997348402071917
2024-01-12,0.0016687252823972558,0.0016687252823972558
2024-01-16,-0.008803998341794394,-0.008803998341794394
2024-01-17,-0.006123474904535474,-0.006123474904535474
2024-01-18,0.003342497425233782,0.003342497425233782
2024-01-19,0.00612624603104446,0.00612624603104446
2024-01-22,0.0013885535707936273,0.0013885535707936273
2024-01-23,0.002078534555303761,0.002078534555303761
2024-01-24,-0.0035922673511584297,-0.0035922673511584297
2024-01-25,0.00769200692111134,0.00769200692111134
2024-01-26,0.0013645463061605519,0.0013645463061605519
2024-01-29,0.006903684541419442,0.006903684541419442
2024-01-30,0.0025284415017922694,0.0025284415017922694
2024-01-31,-0.010209373161565805,-0.010209373161565805
2024-02-01,0.013006967854298265,0.013006967854298265
2024-02-02,0.0015488302693265604,0.0015488302693265604
2024-02-05,-0.009392091730508114,-0.009392091730508114
2024-02-06,0.005018681143709853,0.005018681143709853
2024-02-07,0.004092654522727713,0.004092654522727713
2024-02-08,-1.7856462144297575e-05,-1.7856462144297575e-05
2024-02-09,-5.713984296910389e-05,-5.713984296910389e-05
2024-02-12,0.003148787855261003,0.003148787855261003
2024-02-13,-0.01360805813352768,-0.008164834880116607
2024-02-14,0.00684382062647119,0.004106292375882713
2024-02-15,0.010484708996262374,0.010484708996262374
2024-02-16,-0.002798022862695605,-0.002798022862695605
2024-02-20,-0.0020635546579238838,-0.0012381327947543301
2024-02-21,0.0034623990511720077,0.0020774394307032044
2024-02-22,0.009273884843875275,0.005564330906325165
2024-02-23,0.0027476242807565774,0.0027476242807565774
2024-02-26,-0.004467159477479731,-0.004467159477479731
2024-02-27,0.0019168218732729012,0.0019168218732729012
2024-02-28,0.00058077447539327,0.00034846468523596204
2024-02-29,0.0036474994381770947,0.0036474994381770947
2024-03-01,0.006590437714411789,0.006590437714411789
2024-03-04,0.000330878715266645,0.000330878715266645
2024-03-05,-0.003319736560962046,-0.001991841936577228
2024-03-06,0.00555266810146312,0.0033316008608778717
2024-03-07,0.007473665701954199,0.004484199421172518
2024-03-08,-0.002070338140176485,-0.0012422028841058907
2024-03-11,0.0018413435525755886,0.001104806131545353
2024-03-12,0.0021274218932947992,0.0012764531359768796
2024-03-13,0.002766263134841657,0.001659757880904994
2024-03-14,-0.0048807208593428545,-0.002928432515605712
2024-03-15,-0.0035078460205565645,-0.0021047076123339387
2024-03-18,0.004813959630379707,0.002888375778227824
2024-03-19,0.00520047168649269,0.0031202830118956136
2024-03-20,0.007392581579835001,0.007392581579835001
2024-03-21,0.003179685678612985,0.003179685678612985
2024-03-22,-0.0030550868136406573,-0.0030550868136406573
2024-03-25,-0.0014596105690847197,-0.0014596105690847197
2024-03-26,-0.0014273330104927983,-0.0014273330104927983
2024-03-27,0.012661506415862089,0.012661506415862089
2024-03-28,0.0029068646987453293,0.0029068646987453293
2024-04-01,-0.0033392718886397074,-0.002003563133183824
2024-04-02,-0.0032522018931282794,-0.0019513211358769672
2024-04-03,0.0018572701646133495,0.0011143620987680094
2024-04-04,-0.008357946315973924,-0.005014767789584354
2024-04-05,0.007826596494628392,0.004695957896777035
2024-04-08,0.0011302078134407948,0.0006781246880644767
2024-04-09,0.0030695095221338962,0.0018417057132803377
2024-04-10,-0.012173046429348008,-0.007303827857608803
2024-04-11,0.0031511931231761304,0.0018907158739056781
2024-04-12,-0.012951387804069799,-0.007770832682441879
2024-04-15,-0.007530861039597062,-0.004518516623758238
2024-04-16,-0.004514726684632647,-0.0027088360107795878
2024-04-17,0.00017632485753292843,0.00010579491451975703
2024-04-18,-0.0006748514391509926,-0.00040491086349059557
2024-04-19,0.0016119360241333956,0.0009671616144800373
2024-04-22,0.003275449595305048,0.0019652697571830285
2024-04-23,0.006852978650922088,0.004111787190553252
2024-04-24,0.0007533993377447935,0.0004520396026468761
2024-04-25,-0.0032878344760058093,-0.0019727006856034854
2024-04-26,0.0036063178964364185,0.002163790737861851
2024-04-29,0.005629042345456631,0.0033774254072739783
2024-04-30,-0.015427838851449592,-0.009256703310869755
2024-05-01,0.0001811389331369736,0.00010868335988218416
2024-05-02,0.0052231890503822995,0.0031339134302293794
2024-05-03,0.007615024083658191,0.004569014450194914
2024-05-06,0.008442229010658194,0.005065337406394916
2024-05-07,0.003451652449189837,0.002070991469513902
2024-05-08,-0.0009554074349235892,-0.0005732444609541535
2024-05-09,0.00939140762907516,0.005634844577445095
2024-05-10,0.0007641759544302467,0.00045850557265814795
2024-05-13,-0.002124273363961208,-0.0012745640183767246
2024-05-14,0.003906760378637931,0.0023440562271827585
2024-05-15,0.009392553963816757,0.005635532378290053
2024-05-16,-0.0020322679434938147,-0.0012193607660962887
2024-05-17,0.004079896893912434,0.00244793813634746
2024-05-20,-0.0018561908410847094,-0.0011137145046508257
2024-05-21,0.0022456445310041644,0.0013473867186024988
2024-05-22,-0.006672584332755321,-0.004003550599653192
2024-05-23,-0.013033063938067435,-0.00781983836284046
2024-05-24,0.0057499558843459786,0.003449973530607587
2024-05-28,-0.003500340090120202,-0.0021002040540721205
2024-05-29,-0.010787178163541468,-0.0064723068981248815
2024-05-30,0.002686787237323044,0.0016120723423938264
2024-05-31,0.011289525150215902,0.0067737150901295414
2024-06-03,-0.002177158676807744,-0.0013062952060846466
2024-06-04,-0.0006808629933913152,-0.0004085177960347891
2024-06-05,0.006630583416338939,0.003978350049803363
2024-06-06,0.0004927111767406603,0.00029562670604439613
2024-06-07,-0.007720424527365257,-0.004632254716419154
2024-06-10,0.0027955980834714032,0.0016773588500828417
2024-06-11,3.5963390149381267e-06,2.1578034089628757e-06
2024-06-12,0.0017673192937737196,0.0010603915762642314
2024-06-13,-0.0007448138598186295,-0.0007448138598186295
2024-06-14,-0.0010152586264734341,-0.0010152586264734341
2024-06-17,0.004485960060553957,0.004485960060553957
2024-06-18,0.002073431559021116,0.002073431559021116
2024-06-20,0.003226405599549606,0.003226405599549606
2024-06-21,-0.001636160005663044,-0.001636160005663044
2024-06-24,0.005474342332230788,0.005474342332230788
2024-06-25,-0.0023022355453106405,-0.0023022355453106405
2024-06-26,-0.003899829683055898,-0.0023398978098335384
2024-06-27,0.0021059123875789574,0.0021059123875789574
2024-06-28,-0.00477001976122395,-0.00286201185673437
2024-07-01,-0.005033032075746903,-0.0030198192454481423
2024-07-02,0.006460679455506649,0.0038764076733039895
2024-07-03,0.005125688518981409,0.0030754131113888447
2024-07-05,0.0054220355148241264,0.0054220355148241264
2024-07-08,-0.0018905615731806557,-0.0018905615731806557
2024-07-09,-0.0008466991670778923,-0.0008466991670778923
2024-07-10,0.008896356818486656,0.008896356818486656
2024-07-11,0.004128164440385768,0.004128164440385768
2024-07-12,0.006014885491361387,0.006014885491361387
2024-07-15,-0.0004207695748270587,-0.0004207695748270587
2024-07-16,0.013879455725529033,0.013879455725529033
2024-07-17,-0.005344563114827441,-0.003206737868896464
2024-07-18,-0.00796331094084459,-0.004777986564506754
2024-07-19,-0.008272760789181674,-0.004963656473509005
2024-07-22,0.006025260766854092,0.0036151564601124547
2024-07-23,-0.002998326521372621,-0.0017989959128235724
2024-07-24,-0.01414702069624034,-0.008488212417744202
2024-07-25,-0.001603227229448695,-0.0009619363376692168
2024-07-26,0.012615769799424659,0.007569461879654795
2024-07-29,0.0017978391098602815,0.0010787034659161688
2024-07-30,0.0011593171000372211,0.0006955902600223326
2024-07-31,0.011639273100691681,0.006983563860415007
2024-08-01,-0.007140449347486582,-0.004284269608491949
2024-08-02,-0.01194703568922576,-0.007168221413535456
2024-08-05,-0.02118020529608223,-0.012708123177649336
2024-08-06,0.005200976767164661,0.003120586060298796
2024-08-07,-0.00519174183635167,-0.0031150451018110022
2024-08-08,0.015292056722414685,0.00917523403344881
2024-08-09,0.0034232527047035155,0.002053951622822109
2024-08-12,3.0077036622763196e-05,1.8046221973657916e-05
2024-08-13,0.008989231439549024,0.005393538863729414
2024-08-14,0.0016973662914806858,0.0010184197748884115
2024-08-15,0.01021047368143883,0.0061262842088632965
2024-08-16,0.0036653235285379355,0.0036653235285379355
2024-08-19,0.006403231555915415,0.006403231555915415
2024-08-20,-0.001861468756245903,-0.0011168812537475415
2024-08-21,0.004321193049528595,0.0025927158297171567
2024-08-22,-0.0053877974832629225,-0.003232678489957753
2024-08-23,0.009235858112457687,0.005541514867474611
2024-08-26,0.0008444047392255983,0.0005066428435353589
2024-08-27,-0.000501558703169559,-0.0003009352219017353
2024-08-28,-0.004124115855440896,-0.0024744695132645376
2024-08-29,0.00230168187921726,0.001381009127530356
2024-08-30,0.00598885567428976,0.003593313404573855
2024-09-03,-0.011163695247368372,-0.006698217148421023
2024-09-04,0.00028793687720541874,0.00017276212632325125
2024-09-05,-0.0026589133044671183,-0.0015953479826802707
2024-09-06,-0.011511172421912809,-0.0069067034531476845
2024-09-09,0.009041841186612425,0.005425104711967455
2024-09-10,0.0015943835956672126,0.0009566301574003273
2024-09-11,0.0020212371759182335,0.00121274230555094
2024-09-12,0.007217980812249374,0.0043307884873496245
2024-09-13,0.006731662088210293,0.0040389972529261756
2024-09-16,0.00568213037923149,0.003409278227538893
2024-09-17,-0.0002253773068398699,-0.00013522638410392194
2024-09-18,-0.004251209666788552,-0.0025507258000731317
2024-09-19,0.009962671967710173,0.005977603180626104
2024-09-20,0.0009035652483556023,0.0005421391490133614
2024-09-23,0.004347626937655825,0.0026085761625934947
2024-09-24,0.0025703107754775907,0.0025703107754775907
2024-09-25,-0.0048315734698313,-0.0048315734698313
2024-09-26,0.0032500967338939487,0.0032500967338939487
2024-09-27,0.002408984042462657,0.001445390425477594
2024-09-30,0.000966452092081205,0.000579871255248723
2024-10-01,0.00043383089876546555,0.0002602985392592793
2024-10-02,-0.0015435139526596745,-0.0009261083715958046
2024-10-03,-0.0038967267447935316,-0.002338036046876119
2024-10-04,0.005140209029325848,0.0030841254175955086
2024-10-07,-0.008456859929861124,-0.005074115957916674
2024-10-08,0.0015543765177367668,0.0009326259106420601
2024-10-09,0.003820069176763236,0.0022920415060579415
2024-10-10,-0.001778662217599198,-0.001067197330559519
2024-10-11,0.007123441983283441,0.0042740651899700645
2024-10-14,0.005211489479162171,0.0031268936874973017
2024-10-15,-0.0036876600292800113,-0.0022125960175680068
2024-10-16,0.006210532442644309,0.003726319465586585
2024-10-17,-0.0023961901458529602,-0.001437714087511776
2024-10-18,0.003738390377677161,0.0022430342266062963
2024-10-21,-0.00643859837552004,-0.003863159025312024
2024-10-22,-0.001126020847226583,-0.0006756125083359499
2024-10-23,-0.005477130162063641,-0.0032862780972381838
2024-10-24,0.0015876933465865507,0.0009526160079519302
2024-10-25,-0.003916773084052625,-0.002350063850431575
2024-10-28,0.0030189308895086993,0.0018113585337052195
2024-10-29,-0.0031650379030771065,-0.0018990227418462632
2024-10-30,0.0001199712173656301,7.198273041937806e-05
2024-10-31,-0.009273666258689242,-0.005564199755213543
2024-11-01,-0.0011826500845557495,-0.0007095900507334496
2024-11-04,0.0005751430944151118,0.00034508585664906697
2024-11-05,0.010233010637286042,0.006139806382371624
2024-11-06,0.013284079684595121,0.007970447810757071
2024-11-07,0.005438346878072404,0.003263008126843442
2024-11-08,0.006240775407205592,0.0037444652443233543
2024-11-11,0.0006321426211977767,0.000379285572718666
2024-11-12,-0.00812054203489377,-0.004872325220936261
2024-11-13,-0.000364448632882525,-0.000218669179729515
2024-11-14,-0.005555024421997234,-0.00333301465319834
2024-11-15,-0.007153789279659143,-0.004292273567795485
2024-11-18,0.007309600187525717,0.004385760112515429
2024-11-19,0.001278961121690469,0.0007673766730142815
2024-11-20,0.0023901829262731834,0.0014341097557639098
2024-11-21,0.00887603600283357,0.005325621601700141
2024-11-22,0.0056427781485085034,0.003385666889105102
2024-11-25,0.0027820361918088994,0.0016692217150853397
2024-11-26,0.0026976231327449527,0.0016185738796469715
2024-11-27,-0.00038023473945774565,-0.00022814084367464736
2024-11-29,0.006352768437350379,0.003811661062410227
2024-12-02,-0.003225494500845933,-0.0019352967005075595
2024-12-03,-0.0028437397641212104,-0.0017062438584727261
2024-12-04,0.000524756481864517,0.00031485388911871016
2024-12-05,-0.0026521657016220558,-0.0015912994209732337
2024-12-06,-0.0011900905511421098,-0.0007140543306852659
2024-12-09,-0.006383364783208935,-0.003830018869925361
2024-12-10,-0.0014583417623702042,-0.0008750050574221225
2024-12-11,0.0016105390177911687,0.0009663234106747012
2024-12-12,-0.006901886219149936,-0.004141131731489961
2024-12-13,-0.004513633196629883,-0.00270817991797793
2024-12-16,-0.002522091578257727,-0.001513254946954636
2024-12-17,-0.004738709120279267,-0.00284322547216756
2024-12-18,-0.025792138168166723,-0.015475282900900032
2024-12-19,-0.003859345606894782,-0.002315607364136869
2024-12-20,0.009956067378250886,0.005973640426950531
2024-12-23,0.0016089118723997427,0.0009653471234398453
2024-12-24,0.008167971363886807,0.004900782818332084
2024-12-26,0.0003948964628384331,0.00023693787770305986
2024-12-27,-0.0073372830893507395,-0.004402369853610443
2024-12-30,-0.008059124958695544,-0.004835474975217326
2024-12-31,0.0002386283559482471,0.00014317701356894824
2025-01-02,0.0004474159227290107,0.00026844955363740635
2025-01-03,0.006562424095116316,0.003937454457069789
2025-01-06,-0.0004011304854585017,-0.00024067829127510102
2025-01-07,-0.004393925518344278,-0.002636355311006567
2025-01-08,0.0019727719781537215,0.0011836631868922328
2025-01-10,-0.009429508185015962,-0.005657704911009577
2025-01-13,0.004546461981773571,0.002727877189064143
2025-01-14,0.004351482393874369,0.002610889436324621
2025-01-15,0.013154644396043401,0.00789278663762604
2025-01-16,0.005278174528662533,0.00316690471719752
2025-01-17,0.005238699436363746,0.003143219661818247
2025-01-21,0.010178834015202093,0.006107300409121255
2025-01-22,-0.002997062125256003,-0.0017982372751536018
2025-01-23,0.0040302338212362425,0.002418140292741745
2025-01-24,0.0005767377907967445,0.0003460426744780467
2025-01-27,-0.0018246523055449435,-0.001094791383326966
2025-01-28,-0.0016610846482826742,-0.0009966507889696045
2025-01-29,-0.0015873418291664563,-0.0009524050974998738
2025-01-30,0.009396508042427002,0.005637904825456201
2025-01-31,-0.006757834800268856,-0.004054700880161313
2025-02-03,-0.0003551482429619216,-0.00021308894577715294
2025-02-04,0.004218104872200738,0.0025308629233204427
2025-02-05,0.004740033556805867,0.00284402013408352
2025-02-06,-9.49950064628816e-05,-5.699700387772896e-05
2025-02-07,-0.005693277703571925,-0.003415966622143154
2025-02-10,0.007044756534781906,0.004226853920869144
2025-02-11,0.0008513168630841224,0.0005107901178504734
2025-02-12,-0.005347632626422761,-0.0032085795758536565
2025-02-13,0.010220878234922766,0.006132526940953659
2025-02-14,-0.0023903551839080657,-0.0014342131103448393
2025-02-18,0.0051252422763642036,0.003075145365818522
2025-02-19,0.002314994509809334,0.0013889967058856002
2025-02-20,-0.0023511568798578113,-0.0014106941279146868
2025-02-21,-0.010740387322400706,-0.006444232393440423
2025-02-24,-0.00025467110949135336,-0.000152802665694812
2025-02-25,-0.0011443692950421976,-0.0006866215770253186
2025-02-26,-0.0016995892939128004,-0.00101975357634768
2025-02-27,-0.009746621286060278,-0.005847972771636166
2025-02-28,0.012866070975963283,0.0077196425855779694
2025-03-03,-0.00923518681666944,-0.005541112090001663
2025-03-04,-0.01271738443924103,-0.007630430663544617
2025-03-05,0.006289978168328112,0.0037739869009968674
2025-03-06,-0.010643956186594894,-0.006386373711956935
2025-03-07,0.005259779434939311,0.003155867660963586
2025-03-10,-0.012487041783795208,-0.007492225070277125
2025-03-11,-0.008007795755016697,-0.004804677453010018
2025-03-12,-0.0008578538503118726,-0.0005147123101871236
2025-03-13,-0.005572499660122042,-0.003343499796073225
2025-03-14,0.013899110163635564,0.008339466098181338
2025-03-17,0.008671959739574155,0.0052031758437444935
2025-03-18,-0.004852798016734207,-0.0029116788100405242
2025-03-19,0.00781509615614251,0.004689057693685505
2025-03-20,-0.0015401852210381994,-0.0009241111326229195
2025-03-21,-0.002893281199426858,-0.0017359687196561147
2025-03-24,0.010026074448173706,0.006015644668904222
2025-03-25,-1.1376865415318618e-05,-1.1376865415318618e-05
2025-03-26,-0.002761751498032048,-0.0016570508988192287
2025-03-27,-0.000610219407841192,-0.00036613164470471524
2025-03-28,-0.009998292707744542,-0.005998975624646725
2025-03-31,0.00881510064407196,0.005289060386443175
2025-04-01,0.001848831262399563,0.0011092987574397378
2025-04-02,0.005167369043621579,0.003100421426172947
2025-04-03,-0.02724150328937662,-0.016923923009522106
2025-04-04,-0.032330245073494815,-0.025868849250749403
2025-04-07,-0.006314236411582343,-0.005043754032055527
2025-04-08,-0.008742816428570437,-0.007016507333071669
2025-04-09,0.034054837538322315,0.034054837538322315
2025-04-10,-0.01280483093080871,-0.01280483093080871
2025-04-11,0.007920549587122596,0.007920549587122596
2025-04-14,0.004273756359333444,0.004273756359333444
2025-04-15,-0.0008133656609951192,-0.0008133656609951192
2025-04-16,-0.004385348555310611,-0.004385348555310611
2025-04-17,0.0023385544494383976,0.0023385544494383976
2025-04-21,-0.008353305005309763,-0.008353305005309763
2025-04-22,0.009586130897143203,0.009586130897143203
2025-04-23,0.0032205477010095805,0.0032205477010095805
2025-04-24,0.0073367353411564,0.0073367353411564
2025-04-25,0.0007859036891770365,0.0007859036891770365
2025-04-28,0.001862940836993168,0.001862940836993168
2025-04-29,0.0024828689046782087,0.0024828689046782087
2025-04-30,-0.0009790290725802597,-0.0009790290725802597
2025-05-01,-0.0013751947621884013,-0.0013751947621884013
2025-05-02,0.005427813006823312,0.005427813006823312
2025-05-05,-0.0009965182737336157,-0.0009965182737336157
2025-05-06,-0.0008949045306484449,-0.0008949045306484449
2025-05-07,0.0008512796884826806,0.0008500339626713758
2025-05-08,0.0006698473092631066,0.0006636231687965368
2025-05-09,0.0001867100063793397,0.0001867100063793397
2025-05-12,0.007865227248745868,0.007762075296834826
2025-05-13,0.0006014783184288098,0.0005889137726542901
2025-05-14,-0.00311072434690038,-0.003028342029669972
2025-05-15,0.005031446047041602,0.004882131918419982
2025-05-16,0.00343439807067923,0.0033127133532792133
2025-05-19,0.0008054871450739433,0.0007708427524210368
2025-05-20,-0.00041531201419867927,-0.000394349561224541
2025-05-21,-0.007730806880729424,-0.0073770575478207595
2025-05-22,-0.0015786905839413241,-0.001495458373312556
2025-05-23,0.00046545698172244514,0.0004374396169795943
2025-05-27,0.006767306970961846,0.006364582595896574
2025-05-28,-0.003752766008480536,-0.003512731534044279
2025-05-29,0.0019983536668195167,0.0018569229827537853
2025-05-30,0.0002661068502116368,0.0002661068502116368
2025-06-02,0.0024970376261472652,0.002286071299718914
2025-06-03,0.001763717752750939,0.0016026413330398547
2025-06-04,-0.0006672472048274261,-0.0006672472048274261
2025-06-05,-0.0025101975275933384,-0.0025101975275933384
2025-06-06,0.0029329041793591734,0.002610559423130634
2025-06-09,0.0003315759353017432,0.00029280062922205945
2025-06-10,0.003340920970450081,0.0029322724534491247
2025-06-11,-0.00011586245876605009,-0.00011586245876605009
2025-06-12,0.0025668900578882936,0.0025668900578882936
2025-06-13,-0.003644555799469748,-0.003644555799469748
2025-06-16,0.0015992358666192272,0.0013659455394806198
2025-06-17,-0.003256683417095702,-0.003256683417095702
2025-06-18,-0.0007411852680256584,-0.0007411852680256584
2025-06-20,1.1446210750673171e-05,1.1446210750673171e-05
2025-06-23,0.0043167982361715625,0.0043167982361715625
2025-06-24,0.002957067397792566,0.002957067397792566
2025-06-25,-0.0026308370132278112,-0.0026308370132278112
2025-06-26,0.004176412390822932,0.004176412390822932
2025-06-27,0.0006187504517672175,0.0006187504517672175
2025-06-30,0.0029432145545613014,0.0029432145545613014
2025-07-01,0.0037754834766025648,0.0037754834766025648
2025-07-02,0.0014617427425546907,0.0014617427425546907
2025-07-03,0.001801947734164364,0.001801947734164364
2025-07-07,-0.004129464831755514,-0.003246771360738146
2025-07-08,-0.0002834838273601701,-0.00022115044845336365
2025-07-09,0.0025323263346657037,0.0025323263346657037
2025-07-10,0.002622664983594424,0.002622664983594424
2025-07-11,-0.0025468325838219077,-0.0019470902419474803
2025-07-14,0.0003022679763245068,0.00022926298599663171
2025-07-15,-0.006822941439538738,-0.005188966207604673
2025-07-16,0.0019355214021270191,0.0014610643425313325
2025-07-17,0.0024998725566228335,0.001873785132332181
2025-07-18,0.0004108142582145286,0.0003054925541595982
2025-07-21,0.001630541080435156,0.001630541080435156
2025-07-22,0.004884813487680774,0.004884813487680774
2025-07-23,0.0029432277699986582,0.002148510648452627
2025-07-24,-0.0019487182325755932,-0.0014130613734824739
2025-07-25,0.0018382080323007149,0.00132283014385211
2025-07-28,-0.00298100971918154,-0.002133547580985443
2025-07-29,0.00043705957903077613,0.00043705957903077613
2025-07-30,-0.004101674384044593,-0.00290157790697967
2025-07-31,-0.0031872118094279393,-0.0031872118094279393
2025-08-01,-0.004004547908245477,-0.004004547908245477
2025-08-04,0.007383024411224565,0.007383024411224565
2025-08-05,-0.001469959725163156,-0.001469959725163156
2025-08-06,5.5680044247674625e-05,5.5680044247674625e-05
2025-08-07,-9.808349492730137e-05,-9.808349492730137e-05
2025-08-08,0.002253174044430354,0.002253174044430354
2025-08-11,-0.001891064722008457,-0.001891064722008457
2025-08-12,0.005506863594513181,0.005506863594513181
2025-08-13,0.005542340343598464,0.005542340343598464
2025-08-14,-0.0027795015515001587,-0.0027795015515001587
2025-08-15,-0.0008603659390978633,-0.0008603659390978633
