Date,ret_base,ret_timed
2018-06-20,-7.936507936507937e-05,-7.936507936507937e-05
2018-06-21,-7.936507936507937e-05,-7.936507936507937e-05
2018-06-22,-7.936507936507937e-05,-7.936507936507937e-05
2018-06-25,-7.936507936507937e-05,-7.936507936507937e-05
2018-06-26,-7.936507936507937e-05,-7.936507936507937e-05
2018-06-27,-7.936507936507937e-05,-7.936507936507937e-05
2018-06-28,-7.936507936507937e-05,-7.936507936507937e-05
2018-06-29,-7.936507936507937e-05,-7.936507936507937e-05
2018-06-30,,
2018-07-02,-7.936507936507937e-05,-7.936507936507937e-05
2018-07-03,-7.936507936507937e-05,-7.936507936507937e-05
2018-07-05,-7.936507936507937e-05,-7.936507936507937e-05
2018-07-06,-7.936507936507937e-05,-7.936507936507937e-05
2018-07-09,-7.936507936507937e-05,-7.936507936507937e-05
2018-07-10,-7.936507936507937e-05,-7.936507936507937e-05
2018-07-11,-7.936507936507937e-05,-7.936507936507937e-05
2018-07-12,-7.936507936507937e-05,-7.936507936507937e-05
2018-07-13,-7.936507936507937e-05,-7.936507936507937e-05
2018-07-16,-7.936507936507937e-05,-7.936507936507937e-05
2018-07-17,-7.936507936507937e-05,-7.936507936507937e-05
2018-07-18,-7.936507936507937e-05,-7.936507936507937e-05
2018-07-19,-7.936507936507937e-05,-7.936507936507937e-05
2018-07-20,-7.936507936507937e-05,-7.936507936507937e-05
2018-07-23,-7.936507936507937e-05,-7.936507936507937e-05
2018-07-24,-7.936507936507937e-05,-7.936507936507937e-05
2018-07-25,-7.936507936507937e-05,-7.936507936507937e-05
2018-07-26,-7.936507936507937e-05,-7.936507936507937e-05
2018-07-27,-7.936507936507937e-05,-7.936507936507937e-05
2018-07-30,-7.936507936507937e-05,-7.936507936507937e-05
2018-07-31,0.0007772172414478293,0.0007772172414478293
2018-08-01,-0.003343849337741522,-0.003343849337741522
2018-08-02,0.0045601304333955815,0.0045601304333955815
2018-08-03,0.0005341863937895556,0.0005341863937895556
2018-08-06,0.00518359744308728,0.00518359744308728
2018-08-07,0.005208260977544017,0.005208260977544017
2018-08-08,-0.001227231052651797,-0.001227231052651797
2018-08-09,-0.0017966054856914495,-0.0017966054856914495
2018-08-10,-0.0034875554428053534,-0.0034875554428053534
2018-08-13,-0.00647146718515319,-0.00647146718515319
2018-08-14,0.006024341513453072,0.006024341513453072
2018-08-15,-0.018771131662019186,-0.018771131662019186
2018-08-16,0.005436741108392325,0.005436741108392325
2018-08-17,0.0015476577745762977,0.0015476577745762977
2018-08-20,0.00403885444163318,0.00403885444163318
2018-08-21,0.00480317573880374,0.00480317573880374
2018-08-22,0.0052657520181190074,0.0052657520181190074
2018-08-23,-0.001242214013829172,-0.001242214013829172
2018-08-24,0.007662373312837706,0.007662373312837706
2018-08-27,0.0075785731446577145,0.0075785731446577145
2018-08-28,-0.00025871930952088324,-0.00025871930952088324
2018-08-29,0.008730240156654362,0.008730240156654362
2018-08-30,-0.003927916826094347,-0.003927916826094347
2018-08-31,-0.0010755016973434508,-0.0010755016973434508
2018-09-04,-0.0014474748232595688,-0.0014474748232595688
2018-09-05,-0.008273071735869435,-0.008273071735869435
2018-09-06,-0.00957644964862295,-0.00957644964862295
2018-09-07,-0.0012824784180872559,-0.0012824784180872559
2018-09-10,0.002065258990767045,0.002065258990767045
2018-09-11,0.008598696093301444,0.008598696093301444
2018-09-12,0.0008837371212519742,0.0008837371212519742
2018-09-13,0.004537300431975132,0.004537300431975132
2018-09-14,0.00016405256248808902,0.00016405256248808902
2018-09-17,-0.007855829774154437,-0.007855829774154437
2018-09-18,0.00847726633198206,0.00847726633198206
2018-09-19,0.0002368208316911939,0.0002368208316911939
2018-09-20,0.00623774184033925,0.00623774184033925
2018-09-21,-0.0006669656548513519,-0.0006669656548513519
2018-09-24,0.004289320597317909,0.004289320597317909
2018-09-25,0.003070011120138538,0.003070011120138538
2018-09-26,-0.003770369923629698,-0.003770369923629698
2018-09-27,0.003026715636811161,0.003026715636811161
2018-09-28,-4.140309025175737e-05,-4.140309025175737e-05
2018-09-30,,
2018-10-01,0.005110756621178333,0.005110756621178333
2018-10-02,-0.0041947630314885355,-0.0041947630314885355
2018-10-03,0.0024941839097469163,0.0024941839097469163
2018-10-04,-0.012692643021695068,-0.012692643021695068
2018-10-05,-0.006830353042040116,-0.006830353042040116
2018-10-08,-0.0032353487544624377,-0.0032353487544624377
2018-10-09,0.0031171185512075235,0.0031171185512075235
2018-10-10,-0.03791837970704059,-0.03791837970704059
2018-10-11,-0.021452195044923194,-0.021452195044923194
2018-10-12,0.017687042375328706,0.017687042375328706
2018-10-15,-0.009092112021437553,-0.009092112021437553
2018-10-16,0.019414174821563015,0.019414174821563015
2018-10-17,-0.006460435958307727,-0.006460435958307727
2018-10-18,-0.014659474371318641,-0.014659474371318641
2018-10-19,-0.006437129346622801,-0.006437129346622801
2018-10-22,0.00034862489893077136,0.00034862489893077136
2018-10-23,-0.010009463384477531,-0.010009463384477531
2018-10-24,-0.03812928578489974,-0.03812928578489974
2018-10-25,0.025535387746656913,0.025535387746656913
2018-10-26,-0.019605075972595597,-0.019605075972595597
2018-10-29,-0.014860101801553498,-0.014860101801553498
2018-10-30,0.01637854338440411,0.01637854338440411
2018-10-31,0.014307840404344265,0.014307840404344265
2018-11-01,0.01765561688998541,0.01765561688998541
2018-11-02,-0.008143820801329539,-0.008143820801329539
2018-11-05,0.008569708500879982,0.008569708500879982
2018-11-06,0.00674317889451852,0.00674317889451852
2018-11-07,0.03399183890956847,0.03399183890956847
2018-11-08,-0.007315616903746114,-0.007315616903746114
2018-11-09,-0.01202766001431676,-0.01202766001431676
2018-11-12,-0.029944886442901376,-0.029944886442901376
2018-11-13,-0.009817445430586928,-0.009817445430586928
2018-11-14,-0.009819153859835813,-0.009819153859835813
2018-11-15,0.015617292879038723,0.015617292879038723
2018-11-16,0.0054048871164760265,0.0054048871164760265
2018-11-19,-0.025269439113375675,-0.025269439113375675
2018-11-20,-0.028828867533158414,-0.028828867533158414
2018-11-21,0.009190372620739783,0.009190372620739783
2018-11-23,-0.014590274511752464,-0.014590274511752464
2018-11-26,0.023187697779932837,0.023187697779932837
2018-11-27,0.0041095660644887635,0.0041095660644887635
2018-11-28,0.035180574902243175,0.035180574902243175
2018-11-29,-0.001582205194952291,-0.001582205194952291
2018-11-30,0.011687627747963879,0.0
2018-12-03,0.019327636137266076,0.0
2018-12-04,-0.04171347547848517,-0.0
2018-12-06,-0.0051233167726773285,-0.0
2018-12-07,-0.032169908010292805,-0.0
2018-12-10,0.0008565191686359827,0.0
2018-12-11,0.0015892910180645681,0.0
2018-12-12,0.010196086708486528,0.0
2018-12-13,0.00019669173998494054,0.0
2018-12-14,-0.032610800820741,-0.0
2018-12-17,-0.028319560428496954,-0.0
2018-12-18,-0.005614814938710255,-0.0
2018-12-19,-0.02155068535327756,-0.0
2018-12-20,-0.027462518647958074,-0.0
2018-12-21,-0.025137028929213018,-0.0
2018-12-24,-0.03677190083177058,-0.0
2018-12-26,0.07508319937851242,0.0
2018-12-27,0.009529410886234607,0.0
2018-12-28,-0.0029634457329726104,-0.0
2018-12-31,0.01355642892885708,0.0
2019-01-02,-0.00155102175665259,-0.0
2019-01-03,-0.03425751587780819,-0.0
2019-01-04,0.051946123205625784,0.0
2019-01-07,0.014400003496832944,0.0
2019-01-08,0.015700198261775312,0.0
2019-01-09,0.010695677884336568,0.0
2019-01-10,0.006413310821378015,0.0
2019-01-11,-0.002508985378997197,-0.0
2019-01-14,-0.017217627712960048,-0.0
2019-01-15,0.0192393099075328,0.0
2019-01-16,-0.00035947631052408774,-0.0
2019-01-17,0.011717601266239485,0.0
2019-01-18,0.020726534733678362,0.0
2019-01-22,-0.01960812097860527,-0.0
2019-01-23,0.002064578883623702,0.0
2019-01-24,0.00482775334926293,0.0
2019-01-25,0.008409745765833167,0.0
2019-01-28,-0.015145554132721369,-0.0
2019-01-29,-0.002238723604415749,-0.0
2019-01-30,0.02866666963983008,0.0
2019-01-31,0.018481645266982896,0.0
2019-02-01,-0.00018631578939608967,-0.0
2019-02-04,0.0063244989369169325,0.0
2019-02-05,0.008072986535336692,0.0
2019-02-06,-0.0012955062641972696,-0.0
2019-02-07,-0.01184153643944792,-0.0
2019-02-08,0.00247970485588338,0.0
2019-02-11,0.00011839902147104547,0.0
2019-02-12,0.01817132642937044,0.0
2019-02-13,0.005298825408703714,0.0
2019-02-14,0.0025949792609700094,0.0
2019-02-15,0.016809744137724746,0.0
2019-02-19,0.004419418965134765,0.0
2019-02-20,0.0025117995594333767,0.0
2019-02-21,-0.009223399308936854,-0.0
2019-02-22,0.014046409267272856,0.0
2019-02-25,-0.0017083446352456734,-0.0
2019-02-26,6.537789014827294e-05,0.0
2019-02-27,-0.004295017116823703,-0.0
2019-02-28,-0.006333350649258543,-0.006333350649258543
2019-03-01,0.013349414160354518,0.013349414160354518
2019-03-04,-0.003111702521261909,-0.003111702521261909
2019-03-05,-0.001215656445675073,-0.001215656445675073
2019-03-06,-0.01125148536793407,-0.01125148536793407
2019-03-07,-0.008625300324616496,-0.008625300324616496
2019-03-08,-0.00683263243326581,-0.00683263243326581
2019-03-11,0.022071341817521246,0.022071341817521246
2019-03-12,0.012052585921566,0.012052585921566
2019-03-13,0.009953396966861823,0.009953396966861823
2019-03-14,-0.0030356527511871422,-0.0030356527511871422
2019-03-15,0.01090649362872924,0.01090649362872924
2019-03-18,0.007232350423083425,0.007232350423083425
2019-03-19,-0.000514418522780735,-0.000514418522780735
2019-03-20,0.004461811906355387,0.004461811906355387
2019-03-21,0.020783441469129513,0.020783441469129513
2019-03-22,-0.022042650054868967,-0.022042650054868967
2019-03-25,0.0012239039577410494,0.0012239039577410494
2019-03-26,0.012388372997406699,0.012388372997406699
2019-03-27,-0.0070528214067656185,-0.0070528214067656185
2019-03-28,0.002649632671460944,0.002649632671460944
2019-03-29,0.009906476669159305,0.009906476669159305
2019-03-31,,
2019-04-01,0.005997627452887055,0.005997627452887055
2019-04-02,-0.0009545334589375084,-0.0009545334589375084
2019-04-03,-0.002082343830174242,-0.002082343830174242
2019-04-04,0.0030997724967852134,0.0030997724967852134
2019-04-05,0.015203312061530439,0.015203312061530439
2019-04-08,0.0002570975886241404,0.0002570975886241404
2019-04-09,-0.007732961393494509,-0.007732961393494509
2019-04-10,0.004967469315722013,0.004967469315722013
2019-04-11,-0.004228408586971258,-0.004228408586971258
2019-04-12,0.001323409929983891,0.001323409929983891
2019-04-15,0.0006145590178722621,0.0006145590178722621
2019-04-16,-0.007790428108876749,-0.007790428108876749
2019-04-17,-0.008747703957801735,-0.008747703957801735
2019-04-18,0.0016373612337370405,0.0016373612337370405
2019-04-22,0.004781731852013811,0.004781731852013811
2019-04-23,0.013915838134521285,0.013915838134521285
2019-04-24,-0.0010007676382505883,-0.0010007676382505883
2019-04-25,0.0013895527453320418,0.0013895527453320418
2019-04-26,0.001955234884667022,0.001955234884667022
2019-04-29,-0.006133317795945681,-0.006133317795945681
2019-04-30,0.01197154730596151,0.01197154730596151
2019-05-01,-0.01836497924959245,-0.01836497924959245
2019-05-02,-0.008409159831101567,-0.008409159831101567
2019-05-03,0.01793444930481329,0.01793444930481329
2019-05-06,-0.004108492099895234,-0.004108492099895234
2019-05-07,-0.023390794430762703,-0.023390794430762703
2019-05-08,-0.005700617698779416,-0.005700617698779416
2019-05-09,-0.004165428148574338,-0.004165428148574338
2019-05-10,0.01271867251501976,0.01271867251501976
2019-05-13,-0.03149824072770268,-0.03149824072770268
2019-05-14,0.012798040045729937,0.012798040045729937
2019-05-15,0.012626692730653429,0.012626692730653429
2019-05-16,0.014230724178875873,0.014230724178875873
2019-05-17,-0.00801476305763056,-0.00801476305763056
2019-05-20,-0.009266711284020674,-0.009266711284020674
2019-05-21,0.01272883290037249,0.01272883290037249
2019-05-22,-0.002590521592999618,-0.002590521592999618
2019-05-23,-0.015894164475302446,-0.015894164475302446
2019-05-24,0.0007602479983579504,0.0007602479983579504
2019-05-28,-0.019971901025410826,-0.019971901025410826
2019-05-29,-0.01616325775886972,-0.01616325775886972
2019-05-30,0.005531693157747271,0.005531693157747271
2019-05-31,-0.0172427460703924,-0.0086213730351962
2019-06-03,0.006084557225279793,0.0030422786126398965
2019-06-04,0.03088287052585893,0.015441435262929465
2019-06-05,0.013796335816234153,0.0068981679081170765
2019-06-06,0.01999658418238005,0.009998292091190025
2019-06-07,0.019562656411191374,0.009781328205595687
2019-06-10,0.0028233973315834396,0.0014116986657917198
2019-06-11,0.0005809373540021533,0.00029046867700107667
2019-06-12,-3.353760107889163e-05,-1.6768800539445815e-05
2019-06-13,0.009956814109947277,0.004978407054973638
2019-06-14,-0.0006941200042468008,-0.0003470600021234004
2019-06-17,0.0033006209590047105,0.0016503104795023552
2019-06-18,0.014419424016050309,0.007209712008025154
2019-06-19,0.008739695479023873,0.0043698477395119366
2019-06-20,0.02192721203998609,0.010963606019993044
2019-06-21,-0.0026427563955621364,-0.0013213781977810682
2019-06-24,-0.0025115017794594247,-0.0012557508897297124
2019-06-25,-0.014557092753200487,-0.0072785463766002435
2019-06-26,-0.00863837650142747,-0.004319188250713735
2019-06-27,0.006153603101495271,0.0030768015507476355
2019-06-28,0.00665000273036406,0.00332500136518203
2019-06-30,,
2019-07-01,0.010513088249874,0.005256544124937
2019-07-02,0.008003424584322875,0.0040017122921614376
2019-07-03,0.018387412404964595,0.009193706202482298
2019-07-05,-0.008177099503301212,-0.004088549751650606
2019-07-08,-0.0028285334182124983,-0.0014142667091062492
2019-07-09,0.0003903636334192736,0.0001951818167096368
2019-07-10,0.010249281876469422,0.005124640938234711
2019-07-11,-0.0009049211204649115,-0.00045246056023245576
2019-07-12,0.0030362969020267146,0.0015181484510133573
2019-07-15,0.0038450324145451907,0.0019225162072725953
2019-07-16,-0.011622834460558036,-0.005811417230279018
2019-07-17,-0.003386785424867249,-0.0016933927124336244
2019-07-18,0.009066603485248686,0.004533301742624343
2019-07-19,-0.013343930424423568,-0.006671965212211784
2019-07-22,0.0027721230242924977,0.0013860615121462489
2019-07-23,0.0054789272026694105,0.0027394636013347053
2019-07-24,0.005471456774982589,0.0027357283874912945
2019-07-25,-0.010696540298053885,-0.005348270149026942
2019-07-26,0.00742202313374219,0.003711011566871095
2019-07-29,0.00057319309537626,0.00028659654768813
2019-07-30,-0.00290104915264251,-0.001450524576321255
2019-07-31,-0.018934612970530774,-0.018934612970530774
2019-08-01,-0.004553249684885641,-0.004553249684885641
2019-08-02,-0.010729117538779283,-0.010729117538779283
2019-08-05,-0.04837997427599223,-0.04837997427599223
2019-08-06,0.024283049807039367,0.024283049807039367
2019-08-07,0.005792348564140096,0.005792348564140096
2019-08-08,0.03699697323536533,0.03699697323536533
2019-08-09,-0.012389606167719733,-0.012389606167719733
2019-08-12,-0.012449490922130982,-0.012449490922130982
2019-08-13,0.024054676489539226,0.024054676489539226
2019-08-14,-0.04358395130225308,-0.04358395130225308
2019-08-15,0.010881955260189763,0.010881955260189763
2019-08-16,0.021348581204911017,0.021348581204911017
2019-08-19,0.020428066314866756,0.020428066314866756
2019-08-20,-0.008027737995358379,-0.008027737995358379
2019-08-21,0.015738153903259246,0.015738153903259246
2019-08-22,-0.004042946045952966,-0.004042946045952966
2019-08-23,-0.042451164674050954,-0.042451164674050954
2019-08-26,0.01939464091540104,0.01939464091540104
2019-08-27,-0.0014924195269071443,-0.0014924195269071443
2019-08-28,0.014313002453244598,0.014313002453244598
2019-08-29,0.01934064595055526,0.01934064595055526
2019-08-30,-0.0019945410595353674,-0.0019945410595353674
2019-08-31,,
2019-09-03,-0.0008198437999986959,-0.0008198437999986959
2019-09-04,0.017607521244125537,0.017607521244125537
2019-09-05,0.008991603481063764,0.008991603481063764
2019-09-06,0.005264380882057244,0.005264380882057244
2019-09-09,-0.006030444010918116,-0.006030444010918116
2019-09-10,-0.005686132696804802,-0.005686132696804802
2019-09-11,0.011574126601566505,0.011574126601566505
2019-09-12,0.0010534333395035176,0.0010534333395035176
2019-09-13,-0.0118662902745981,-0.0118662902745981
2019-09-16,0.0065816737383401856,0.0065816737383401856
2019-09-17,0.005706400651678311,0.005706400651678311
2019-09-18,0.0014528616106917725,0.0014528616106917725
2019-09-19,0.0029829403263556425,0.0029829403263556425
2019-09-20,-0.0009907865540602565,-0.0009907865540602565
2019-09-23,0.001763252824702547,0.001763252824702547
2019-09-24,-0.0058946275304872986,-0.0058946275304872986
2019-09-25,0.0010043395257429031,0.0010043395257429031
2019-09-26,-0.0015881336455016546,-0.0015881336455016546
2019-09-27,-0.00798682958398281,-0.00798682958398281
2019-09-30,0.004035895814559624,0.0
2019-10-01,-0.015754348603998002,-0.0
2019-10-02,-0.03179994667566254,-0.0
2019-10-03,0.019891172714407664,0.0
2019-10-04,0.028233761545468385,0.0
2019-10-07,-0.016619036251789242,-0.0
2019-10-08,-0.02419162891596559,-0.0
2019-10-09,0.015755007686086293,0.0
2019-10-10,0.002706020849663064,0.0
2019-10-11,0.008004469881697234,0.0
2019-10-14,-0.0007980761893994145,-0.0
2019-10-15,0.005161418496662932,0.0
2019-10-16,-0.0027135416079911174,-0.0
2019-10-17,0.004907149931562463,0.0
2019-10-18,-0.005485800785964714,-0.0
2019-10-21,0.008582217438880699,0.0
2019-10-22,0.0027911210623814855,0.0
2019-10-23,0.007521277889432211,0.0
2019-10-24,0.005507516594556807,0.0
2019-10-25,0.0004376575107325175,0.0
2019-10-28,-0.004401791392188392,-0.0
2019-10-29,0.0007024305894868316,0.0
2019-10-30,0.010305061726294609,0.0
2019-10-31,0.005285812085268319,0.0
2019-11-01,0.012518194462882352,0.0
2019-11-04,-0.001175948309752348,-0.0
2019-11-05,-0.013369524418562422,-0.0
2019-11-06,0.000553262295179498,0.0
2019-11-07,-0.010573718499581657,-0.0
2019-11-08,-0.0021466990940405568,-0.0
2019-11-11,-0.006968301184178711,-0.0
2019-11-12,0.005459735941354337,0.0
2019-11-13,0.009494217088354635,0.0
2019-11-14,0.006026108681803613,0.0
2019-11-15,0.012852744006081723,0.0
2019-11-18,0.0009114180061921064,0.0
2019-11-19,-0.004110084983034734,-0.0
2019-11-20,0.006442932604370165,0.0
2019-11-21,-0.004067589066553978,-0.0
2019-11-22,0.0012304145083019019,0.0
2019-11-25,0.010592906728210899,0.0
2019-11-26,0.006557962093151522,0.0
2019-11-27,0.005851323160484504,0.0
2019-11-29,-0.006820651755960909,-0.0
2019-11-30,,
2019-12-02,-0.015095652229638483,-0.0
2019-12-03,-0.001552159905140858,-0.0
2019-12-04,0.012201216484841706,0.0
2019-12-05,-0.0017184247595719497,-0.0
2019-12-06,0.009988793178556022,0.0
2019-12-09,-0.004398414365624892,-0.0
2019-12-10,0.0008725214315161043,0.0
2019-12-11,0.009058583276494822,0.0
2019-12-12,0.007297574034262758,0.0
2019-12-13,0.008795182578737983,0.0
2019-12-16,0.014743561560638057,0.0
2019-12-17,0.0005162881824734825,0.0
2019-12-18,2.0197660542183406e-05,0.0
2019-12-19,0.007874233365913204,0.0
2019-12-20,0.013506108258044663,0.0
2019-12-23,0.0008673177702957763,0.0
2019-12-24,0.0051898916112534275,0.0
2019-12-26,0.010452170282887332,0.0
2019-12-27,0.0012721701206992154,0.0
2019-12-30,-0.009498865702717697,-0.0
2019-12-31,0.003205925918178854,0.0
2020-01-02,0.022955261197628963,0.0
2020-01-03,-0.005038722400557169,-0.0
2020-01-06,0.008825357467007047,0.0
2020-01-07,-0.00849091119119149,-0.0
2020-01-08,0.0008534443269241427,0.0
2020-01-09,0.01629138175460806,0.0
2020-01-10,-0.0036498896492459815,-0.0
2020-01-13,0.009824620057313112,0.0
2020-01-14,0.002211893738717966,0.0
2020-01-15,0.009853440394533773,0.0
2020-01-16,0.017313294530152335,0.0
2020-01-17,0.0028765735153305563,0.0
2020-01-21,-0.005262591493148221,-0.0
2020-01-22,-3.306809128418304e-05,-0.0
2020-01-23,0.007508027944813466,0.0
2020-01-24,-0.01823627595187637,-0.0
2020-01-27,-0.03064884068452055,-0.0
2020-01-28,0.01496085994521376,0.0
2020-01-29,0.0016731307554663857,0.0
2020-01-30,0.014190790674033879,0.0
2020-01-31,-0.04037709218800715,-0.0
2020-02-03,0.006194648029523193,0.0
2020-02-04,0.021141297350478174,0.0
2020-02-05,0.03555270364100268,0.0
2020-02-06,0.0037149181957836673,0.0
2020-02-07,-0.008709414546273159,-0.0
2020-02-10,0.015600718048083504,0.0
2020-02-11,0.0067317065479620755,0.0
2020-02-12,0.013299570511711161,0.0
2020-02-13,0.0027361511681774984,0.0
2020-02-14,0.005216640499792024,0.0
2020-02-18,-0.0018932331896825893,-0.0
2020-02-19,0.011669275142482508,0.0
2020-02-20,-0.0016343270390325017,-0.0
2020-02-21,-0.01321031841059146,-0.0
2020-02-24,-0.07513733303461533,-0.0
2020-02-25,-0.0865750424854761,-0.0
2020-02-26,-0.02182744393614499,-0.0
2020-02-27,-0.11218051526679722,-0.0
2020-02-28,-0.04175531416119023,-0.0
2020-02-29,,
2020-03-02,0.12534564688450067,0.0
2020-03-03,-0.05293385475661044,-0.0
2020-03-04,0.1099844565874313,0.0
2020-03-05,-0.0712579068408771,-0.0
2020-03-06,-0.034881319087193045,-0.0
2020-03-09,-0.22038377347841795,-0.0
2020-03-10,0.09324751448644615,0.0
2020-03-11,-0.14862413207283504,-0.0
2020-03-12,-0.2795076489384308,-0.0
2020-03-13,0.21224987111641902,0.0
2020-03-16,-0.29278885799609233,-0.0
2020-03-17,0.14514864431103658,0.0
2020-03-18,-0.1920671515464642,-0.0
2020-03-19,0.008375708911556517,0.0
2020-03-20,-0.08137225054106803,-0.0
2020-03-23,-0.07501293842788431,-0.0
2020-03-24,0.2907798367848613,0.0
2020-03-25,0.054376532867692576,0.0
2020-03-26,0.1714023074481849,0.0
2020-03-27,-0.07324477161963816,-0.0
2020-03-30,0.07524043482443454,0.0
2020-03-31,-0.05623045065890418,-0.0
2020-04-01,-0.11324787006940983,-0.0
2020-04-02,0.08805804212973016,0.0
2020-04-03,-0.03554310383950346,-0.0
2020-04-06,0.18475485315757634,0.0
2020-04-07,-0.004470913451039811,-0.0
2020-04-08,0.0997077331615898,0.0
2020-04-09,0.055898080979012464,0.0
2020-04-13,-0.035672897130318806,-0.0
2020-04-14,0.07073480682240241,0.0
2020-04-15,-0.06481587644625678,-0.0
2020-04-16,-0.0020469517194501964,-0.0
2020-04-17,0.09461974575422773,0.0
2020-04-20,-0.053079055385005736,-0.0
2020-04-21,-0.067991450867434,-0.0
2020-04-22,0.060082203695224434,0.0
2020-04-23,0.007908125417161948,0.0
2020-04-24,0.03036428180861547,0.0
2020-04-27,0.03618692316239658,0.0
2020-04-28,0.012957964608784995,0.0
2020-04-29,0.059575285661995554,0.0
2020-04-30,-0.04914199007551356,-0.0
2020-05-01,-0.07443869242067479,-0.0
2020-05-04,0.012197044723260192,0.0
2020-05-05,0.015743512003824334,0.0
2020-05-06,-0.045982219979027066,-0.0
2020-05-07,0.041585823237888474,0.0
2020-05-08,0.051500728342781854,0.0
2020-05-11,-0.015880301917617422,-0.0
2020-05-12,-0.04426258931800834,-0.0
2020-05-13,-0.04884299520327558,-0.0
2020-05-14,0.03755707533612944,0.0
2020-05-15,0.003146350103655501,0.0
2020-05-18,0.09889321000470534,0.0
2020-05-19,-0.035381765528756076,-0.0
2020-05-20,0.04651364782788629,0.0
2020-05-21,-0.022693824503690386,-0.0
2020-05-22,0.006646432036587701,0.0
2020-05-26,0.03962344099739191,0.0
2020-05-27,0.0498589699294499,0.0
2020-05-28,-0.005472043300953811,-0.0
2020-05-29,0.009727261771879887,0.0
2020-05-31,,
2020-06-01,0.01567901436266547,0.0
2020-06-02,0.023797211282864873,0.0
2020-06-03,0.03725028210986626,0.0
2020-06-04,-0.0051353588675802,-0.0
2020-06-05,0.07120160695313667,0.0
2020-06-08,0.05443129451347391,0.0
2020-06-09,-0.03491571667337204,-0.0
2020-06-10,-0.028191349861675624,-0.0
2020-06-11,-0.15902530784320762,-0.0
2020-06-12,0.031135587505255215,0.0
2020-06-15,0.021675786485914585,0.0
2020-06-16,0.045075342013601645,0.0
2020-06-17,-0.019637307043813088,-0.0
2020-06-18,0.006088646048023475,0.0
2020-06-19,-0.020262175929710607,-0.0
2020-06-22,0.013295355895506868,0.0
2020-06-23,0.004979778638774271,0.0
2020-06-24,-0.07170649291081672,-0.0
2020-06-25,0.025826484185351207,0.0
2020-06-26,-0.05578194608003753,-0.0
2020-06-29,0.04371829420123526,0.0
2020-06-30,0.03349912217565569,0.0
2020-07-01,-0.00015210211481826426,-0.0
2020-07-02,0.01634260091090294,0.0
2020-07-06,0.027360814302494013,0.0
2020-07-07,-0.027010554292950874,-0.0
2020-07-08,0.015045407934174752,0.0
2020-07-09,-0.035313133981954445,-0.0
2020-07-10,0.03932582885314292,0.0
2020-07-13,-0.006951306015856615,-0.0
2020-07-14,0.044329743940245955,0.0
2020-07-15,0.03082940943201614,0.0
2020-07-16,-0.00366805142898218,-0.0
2020-07-17,0.010509220297234527,0.0
2020-07-20,-0.002744145303139927,-0.0
2020-07-21,0.03661442868797253,0.0
2020-07-22,0.02089659553180272,0.0
2020-07-23,-0.008185056686336059,-0.0
2020-07-24,-0.01232953945813619,-0.0
2020-07-27,0.011726086451046565,0.0
2020-07-28,-0.005126220996208031,-0.0
2020-07-29,0.03386119143895306,0.0
2020-07-30,-0.023494495404896,-0.0
2020-07-31,0.008432654766221539,0.004216327383110769
2020-08-03,0.008615092339949065,0.0043075461699745325
2020-08-04,0.027633645505711135,0.013816822752855567
2020-08-05,0.016442084657824454,0.008221042328912227
2020-08-06,0.011084503745794583,0.0055422518728972915
2020-08-07,0.010076825164903757,0.005038412582451878
2020-08-10,0.021757602110092224,0.010878801055046112
2020-08-11,-0.03569891728924301,-0.017849458644621504
2020-08-12,0.025527195231729603,0.012763597615864802
2020-08-13,-0.007357285747551599,-0.0036786428737757993
2020-08-14,-0.0008860627313204807,-0.00044303136566024035
2020-08-17,0.008875796482421358,0.004437898241210679
2020-08-18,0.00019592545658476187,9.796272829238093e-05
2020-08-19,-0.02419968447229684,-0.01209984223614842
2020-08-20,-0.007611028429615318,-0.003805514214807659
2020-08-21,0.005498532011706624,0.002749266005853312
2020-08-24,0.03280608289205108,0.01640304144602554
2020-08-25,-0.0052487008206040546,-0.0026243504103020273
2020-08-26,0.0004857918400948657,0.00024289592004743285
2020-08-27,0.0021194930437798292,0.0010597465218899146
2020-08-28,0.025680987740133648,0.012840493870066824
2020-08-31,-0.011449498514985477,-0.0
2020-09-01,0.009598678273040622,0.0
2020-09-02,0.038065352023732776,0.0
2020-09-03,-0.06688053000172081,-0.0
2020-09-04,-0.016777973865399098,-0.0
2020-09-08,-0.05943283681379793,-0.0
2020-09-09,0.04537524835876424,0.0
2020-09-10,-0.04786307314906623,-0.0
2020-09-11,0.009683662635723922,0.0
2020-09-14,0.036240562112921045,0.0
2020-09-15,-0.00019589878362364906,-0.0
2020-09-16,0.010911218524729174,0.0
2020-09-17,-0.016575205032768575,-0.0
2020-09-18,-0.028624338592343538,-0.0
2020-09-21,-0.04836807509762074,-0.0
2020-09-22,0.01076366973434925,0.0
2020-09-23,-0.06471790096368245,-0.0
2020-09-24,0.00978838382991295,0.0
2020-09-25,0.03209180627136732,0.0
2020-09-28,0.04509172798870173,0.0
2020-09-29,-0.019599556205164282,-0.0
2020-09-30,0.015143186170190583,0.007571593085095292
2020-10-01,0.009502832057940823,0.004751416028970412
2020-10-02,-0.009451024662430633,-0.004725512331215317
2020-10-05,0.04634354844598487,0.023171774222992436
2020-10-06,-0.03670328559183596,-0.01835164279591798
2020-10-07,0.04308834168830304,0.02154417084415152
2020-10-08,0.04143968531379487,0.020719842656897434
2020-10-09,0.018357641250329834,0.009178820625164917
2020-10-12,0.03703645298286536,0.01851822649143268
2020-10-13,-0.02517421541891151,-0.012587107709455755
2020-10-14,-0.011688894339782775,-0.005844447169891387
2020-10-15,0.0031059353800551096,0.0015529676900275548
2020-10-16,-0.003964123664446088,-0.001982061832223044
2020-10-19,-0.046045690301487814,-0.023022845150743907
2020-10-20,0.015050096162921271,0.0075250480814606354
2020-10-21,-0.009158196526224658,-0.004579098263112329
2020-10-22,0.02719655179740055,0.013598275898700276
2020-10-23,0.010828831733919802,0.005414415866959901
2020-10-26,-0.05399507653571037,-0.026997538267855184
2020-10-27,-0.014418138532242488,-0.007209069266121244
2020-10-28,-0.10632179004967052,-0.05316089502483526
2020-10-29,0.02705703416300132,0.01352851708150066
2020-10-30,-0.024090784545121806,-0.012045392272560903
2020-10-31,,
2020-11-02,0.05399292953297601,0.026996464766488006
2020-11-03,0.04854391399836522,0.02427195699918261
2020-11-04,0.04446179079774338,0.02223089539887169
2020-11-05,0.05353545091631266,0.02676772545815633
2020-11-06,-0.012832057614498564,-0.006416028807249282
2020-11-09,0.0666845777927916,0.0333422888963958
2020-11-10,0.021361274835467133,0.010680637417733566
2020-11-11,0.009663862799868347,0.004831931399934174
2020-11-12,-0.029313047620801953,-0.014656523810400977
2020-11-13,0.05211906021009146,0.02605953010504573
2020-11-16,0.05215437875335164,0.02607718937667582
2020-11-17,-0.01258468781706752,-0.00629234390853376
2020-11-18,-0.04185073410789085,-0.020925367053945425
2020-11-19,0.012113292437329545,0.006056646218664773
2020-11-20,-0.012567467806902427,-0.006283733903451214
2020-11-23,0.030244426852545733,0.015122213426272867
2020-11-24,0.04935266661822691,0.024676333309113455
2020-11-25,-0.012206905389604257,-0.006103452694802129
2020-11-27,-0.0013816027754254947,-0.0006908013877127473
2020-11-30,-0.03591955068714814,-0.03591955068714814
2020-12-01,0.02880404456279448,0.02880404456279448
2020-12-02,0.01718028764616276,0.01718028764616276
2020-12-03,0.0059228927294097174,0.0059228927294097174
2020-12-04,0.02706821944934942,0.02706821944934942
2020-12-07,-0.002975430669365817,-0.002975430669365817
2020-12-08,0.01235719095368001,0.01235719095368001
2020-12-09,-0.019933533567519618,-0.019933533567519618
2020-12-10,0.006522638039537794,0.006522638039537794
2020-12-11,-0.005008981431251459,-0.005008981431251459
2020-12-14,-0.02755221842839682,-0.02755221842839682
2020-12-15,0.044120080051284066,0.044120080051284066
2020-12-16,-0.00229839590618733,-0.00229839590618733
2020-12-17,0.01596248568079536,0.01596248568079536
2020-12-18,-0.014425675227176148,-0.014425675227176148
2020-12-21,-0.021010682268177105,-0.021010682268177105
2020-12-22,-0.01707410240800033,-0.01707410240800033
2020-12-23,0.015282312089073718,0.015282312089073718
2020-12-24,0.009562959665981573,0.009562959665981573
2020-12-28,0.017302683934763943,0.017302683934763943
2020-12-29,-0.005880188123505873,-0.005880188123505873
2020-12-30,0.012917558294516395,0.012917558294516395
2020-12-31,0.018696208158408674,0.018696208158408674
2021-01-04,-0.03175379788211747,-0.03175379788211747
2021-01-05,0.02634954839812687,0.02634954839812687
2021-01-06,0.02966821266890182,0.02966821266890182
2021-01-07,0.026540886741222614,0.026540886741222614
2021-01-08,0.002130364893309613,0.002130364893309613
2021-01-11,-0.014366911773747227,-0.014366911773747227
2021-01-12,0.0118237410795468,0.0118237410795468
2021-01-13,0.007754102743292623,0.007754102743292623
2021-01-14,-0.0018813343763670895,-0.0018813343763670895
2021-01-15,-0.027491213384272836,-0.027491213384272836
2021-01-19,0.02449816310446526,0.02449816310446526
2021-01-20,0.03536451618415882,0.03536451618415882
2021-01-21,-0.01764123659075781,-0.01764123659075781
2021-01-22,-0.011123853404852365,-0.011123853404852365
2021-01-25,0.014206030710350655,0.014206030710350655
2021-01-26,-0.011424175715440292,-0.011424175715440292
2021-01-27,-0.07436280775460201,-0.07436280775460201
2021-01-28,0.02718698118433405,0.02718698118433405
2021-01-29,-0.060482680346686496,-0.060482680346686496
2021-01-31,,
2021-02-01,0.04008411256851056,0.04008411256851056
2021-02-02,0.035078355544009995,0.035078355544009995
2021-02-03,0.01138192270554599,0.01138192270554599
2021-02-04,0.023785639077492357,0.023785639077492357
2021-02-05,0.017504676889796036,0.017504676889796036
2021-02-08,0.03164881156881268,0.03164881156881268
2021-02-09,-0.001776975216732324,-0.001776975216732324
2021-02-10,0.010164661357069138,0.010164661357069138
2021-02-11,-0.011326223522208682,-0.011326223522208682
2021-02-12,0.009703212451257645,0.009703212451257645
2021-02-16,-0.004768041129126168,-0.004768041129126168
2021-02-17,0.006574433576267199,0.006574433576267199
2021-02-18,-0.01607794950814529,-0.01607794950814529
2021-02-19,-0.00703192245371164,-0.00703192245371164
2021-02-22,-0.0046401669401997464,-0.0046401669401997464
2021-02-23,0.008909732896552064,0.008909732896552064
2021-02-24,0.02948294653256989,0.02948294653256989
2021-02-25,-0.07173681323084602,-0.07173681323084602
2021-02-26,-0.024822221159920783,-0.024822221159920783
2021-02-28,,
2021-03-01,0.06471876598374922,0.06471876598374922
2021-03-02,-0.016354315302175636,-0.016354315302175636
2021-03-03,-0.030198212837065537,-0.030198212837065537
2021-03-04,-0.02765269094182905,-0.02765269094182905
2021-03-05,0.06321400332726616,0.06321400332726616
2021-03-08,-0.00455509998989385,-0.00455509998989385
2021-03-09,0.035090417331355206,0.035090417331355206
2021-03-10,0.03164552740494675,0.03164552740494675
2021-03-11,0.015516583740743647,0.015516583740743647
2021-03-12,0.006949059495638405,0.006949059495638405
2021-03-15,0.018848899011577647,0.018848899011577647
2021-03-16,-0.01565411218550112,-0.01565411218550112
2021-03-17,0.005800448019601896,0.005800448019601896
2021-03-18,-0.045149791475395884,-0.045149791475395884
2021-03-19,0.004216440158943851,0.004216440158943851
2021-03-22,0.012978291344512677,0.012978291344512677
2021-03-23,-0.019523289149625526,-0.019523289149625526
2021-03-24,-0.004070348567631326,-0.004070348567631326
2021-03-25,0.017533095299335225,0.017533095299335225
2021-03-26,0.039837500196444386,0.039837500196444386
2021-03-29,-0.005338071615853157,-0.005338071615853157
2021-03-30,-0.012567952525387628,-0.012567952525387628
2021-03-31,0.006519553220173584,0.006519553220173584
2021-04-01,0.038487897236466326,0.038487897236466326
2021-04-05,0.03294320036981599,0.03294320036981599
2021-04-06,0.005981395633350693,0.005981395633350693
2021-04-07,-0.006455544144977168,-0.006455544144977168
2021-04-08,0.010269599959959767,0.010269599959959767
2021-04-09,0.01202784826341915,0.01202784826341915
2021-04-12,0.0005763833753750666,0.0005763833753750666
2021-04-13,0.010261773761874728,0.010261773761874728
2021-04-14,0.002431777244719812,0.002431777244719812
2021-04-15,0.03757395609709387,0.03757395609709387
2021-04-16,0.013220626672312207,0.013220626672312207
2021-04-19,-0.017431174043124248,-0.017431174043124248
2021-04-20,-0.020882530305685865,-0.020882530305685865
2021-04-21,0.03453627925335512,0.03453627925335512
2021-04-22,-0.03210077428337044,-0.03210077428337044
2021-04-23,0.02949959533095711,0.02949959533095711
2021-04-26,0.0019673470493808847,0.0019673470493808847
2021-04-27,-0.0025574576342521104,-0.0025574576342521104
2021-04-28,0.012496326516860508,0.012496326516860508
2021-04-29,0.02593359120237005,0.02593359120237005
2021-04-30,-0.023392873462089656,-0.023392873462089656
2021-05-03,0.025898009167495677,0.025898009167495677
2021-05-04,-0.007391012705574733,-0.007391012705574733
2021-05-05,0.012133112272351409,0.012133112272351409
2021-05-06,0.033095193542557674,0.033095193542557674
2021-05-07,0.02749691349213121,0.02749691349213121
2021-05-10,-0.018121409735400544,-0.018121409735400544
2021-05-11,-0.03654848226591074,-0.03654848226591074
2021-05-12,-0.06766667053480904,-0.06766667053480904
2021-05-13,0.037755213489635404,0.037755213489635404
2021-05-14,0.05476226555364302,0.05476226555364302
2021-05-17,0.003823204603405247,0.003823204603405247
2021-05-18,-0.030856400359905955,-0.030856400359905955
2021-05-19,-0.021286336625707142,-0.021286336625707142
2021-05-20,0.029791509112693727,0.029791509112693727
2021-05-21,0.0047188793430147065,0.0047188793430147065
2021-05-24,0.027696612755740466,0.027696612755740466
2021-05-25,-0.011778898944956644,-0.011778898944956644
2021-05-26,0.00664402999198037,0.00664402999198037
2021-05-27,0.005817926333129246,0.005817926333129246
2021-05-28,0.004993068997107245,0.004993068997107245
2021-05-31,,
2021-06-01,0.009046535228624053,0.009046535228624053
2021-06-02,0.00737899501139343,0.00737899501139343
2021-06-03,-0.01119700763690419,-0.01119700763690419
2021-06-04,0.028565246328964962,0.028565246328964962
2021-06-07,-0.00682836171950373,-0.00682836171950373
2021-06-08,-0.00021723600035949248,-0.00021723600035949248
2021-06-09,-0.0063520600081707086,-0.0063520600081707086
2021-06-10,0.011207581713694114,0.011207581713694114
2021-06-11,0.0013169558998762814,0.0013169558998762814
2021-06-14,-0.0086049881409782,-0.0086049881409782
2021-06-15,0.0005433251798598952,0.0005433251798598952
2021-06-16,-0.03027601820715123,-0.03027601820715123
2021-06-17,-0.027009089116867415,-0.027009089116867415
2021-06-18,-0.050367778310883085,-0.050367778310883085
2021-06-21,0.056180659968697366,0.056180659968697366
2021-06-22,0.012022551969283929,0.012022551969283929
2021-06-23,-0.007615301311606585,-0.007615301311606585
2021-06-24,0.020356353631816988,0.020356353631816988
2021-06-25,0.013821891137105677,0.013821891137105677
2021-06-28,-0.0018799521825119785,-0.0018799521825119785
2021-06-29,-0.011682239581785782,-0.011682239581785782
2021-06-30,0.01313654059190665,0.0
2021-07-01,0.02425730063310987,0.0
2021-07-02,0.018219337235596884,0.0
2021-07-06,-0.018188847872761454,-0.0
2021-07-07,0.01317718348234691,0.0
2021-07-08,-0.028463349954327893,-0.0
2021-07-09,0.037489272012575535,0.0
2021-07-12,0.009498931109935426,0.0
2021-07-13,-0.020982111400049158,-0.0
2021-07-14,0.0022497948726866255,0.0
2021-07-15,-0.0021681937441693144,-0.0
2021-07-16,-0.03062143643158535,-0.0
2021-07-19,-0.05084114447884672,-0.0
2021-07-20,0.0425638989087304,0.0
2021-07-21,0.023757036458548767,0.0
2021-07-22,0.002706056231113906,0.0
2021-07-23,0.02640438070899776,0.0
2021-07-26,0.013494160646210123,0.0
2021-07-27,-0.0030454731353630297,-0.0
2021-07-28,0.0012495926628377208,0.0
2021-07-29,0.0200136936128819,0.0
2021-07-30,-0.018515361518054285,-0.0
2021-07-31,,
2021-08-02,-0.005631330579598074,-0.0
2021-08-03,0.02826376673596569,0.0
2021-08-04,-0.026713896702036936,-0.0
2021-08-05,0.018086487588266704,0.0
2021-08-06,-0.0008279968656030432,-0.0
2021-08-09,-0.012474164908601159,-0.0
2021-08-10,0.017817781663674544,0.0
2021-08-11,0.022342886471221336,0.0
2021-08-12,0.004002872402374076,0.0
2021-08-13,0.011080827708150632,0.0
2021-08-16,0.003157420787200797,0.0
2021-08-17,-0.02304418918903849,-0.0
2021-08-18,-0.03413195410704994,-0.0
2021-08-19,-0.008304499970818275,-0.0
2021-08-20,0.022914542868457222,0.0
2021-08-23,0.03199421008509437,0.0
2021-08-24,0.005656644858547302,0.0
2021-08-25,0.00576833469298296,0.0
2021-08-26,-0.020968632963635152,-0.0
2021-08-27,0.03942530363156187,0.0
2021-08-30,0.0020274747736870402,0.0
2021-08-31,-0.006057172506652304,-0.0
2021-09-01,-0.0004651851581947432,-0.0
2021-09-02,0.02107849975088757,0.0
2021-09-03,-0.009462472214865101,-0.0
2021-09-07,-0.029738061774070113,-0.0
2021-09-08,-0.0003480206830650838,-0.0
2021-09-09,-0.005329289041936185,-0.0
2021-09-10,-0.025520426510421846,-0.0
2021-09-13,0.017187315806580252,0.0
2021-09-14,-0.017954920964975595,-0.0
2021-09-15,0.029280802199370914,0.0
2021-09-16,-0.023161530820554378,-0.0
2021-09-17,-0.03328449946274325,-0.0
2021-09-20,-0.04949863953609371,-0.0
2021-09-21,-0.0019187264350131847,-0.0
2021-09-22,0.03285733708494572,0.0
2021-09-23,0.03137379381343653,0.0
2021-09-24,0.00333763247417759,0.0
2021-09-27,0.0070111820820788155,0.0
2021-09-28,-0.05913387475862485,-0.0
2021-09-29,0.007891176655749127,0.0
2021-09-30,-0.03814788937429136,-0.03814788937429136
2021-10-01,0.044154463784436916,0.044154463784436916
2021-10-04,-0.019176872297045525,-0.019176872297045525
2021-10-05,0.024227218712678602,0.024227218712678602
2021-10-06,0.011965823001953153,0.011965823001953153
2021-10-07,0.019963425120649234,0.019963425120649234
2021-10-08,-0.0011596209415455656,-0.0011596209415455656
2021-10-11,-0.02419561723650701,-0.02419561723650701
2021-10-12,0.004336738042074098,0.004336738042074098
2021-10-13,0.020370982544603056,0.020370982544603056
2021-10-14,0.05436244500999396,0.05436244500999396
2021-10-15,0.010359516998757964,0.010359516998757964
2021-10-18,0.0029917672291913367,0.0029917672291913367
2021-10-19,0.02148109994027267,0.02148109994027267
2021-10-20,0.02218902434019647,0.02218902434019647
2021-10-21,-0.0004422994078251359,-0.0004422994078251359
2021-10-22,0.010206680464883088,0.010206680464883088
2021-10-25,0.01984469742467655,0.01984469742467655
2021-10-26,0.003882437107470686,0.003882437107470686
2021-10-27,-0.024185419761883997,-0.024185419761883997
2021-10-28,0.027675748809762025,0.027675748809762025
2021-10-29,-0.00263643363522003,-0.00263643363522003
2021-10-31,,
2021-11-01,0.014347760282158421,0.014347760282158421
2021-11-02,0.008644022783787255,0.008644022783787255
2021-11-03,0.00789799036275885,0.00789799036275885
2021-11-04,0.011666910824417663,0.011666910824417663
2021-11-05,0.027664857606617712,0.027664857606617712
2021-11-08,0.0008949849472378364,0.0008949849472378364
2021-11-09,0.0011098067631879916,0.0011098067631879916
2021-11-10,-0.02194320521071842,-0.02194320521071842
2021-11-11,0.0015334593604115379,0.0015334593604115379
2021-11-12,0.015658340946119627,0.015658340946119627
2021-11-15,0.0013682757367108412,0.0013682757367108412
2021-11-16,-2.219000295281264e-05,-2.219000295281264e-05
2021-11-17,-0.0076282853438538025,-0.0076282853438538025
2021-11-18,-0.003771273634525888,-0.003771273634525888
2021-11-19,-0.01659310572589933,-0.01659310572589933
2021-11-22,-0.00485282391186225,-0.00485282391186225
2021-11-23,0.007414395825191662,0.007414395825191662
2021-11-24,0.007359401997545412,0.007359401997545412
2021-11-26,-0.06557218802023208,-0.06557218802023208
2021-11-29,0.02490541681703455,0.02490541681703455
2021-11-30,-0.07244123013685935,-0.036220615068429676
2021-12-01,-0.03181173402685862,-0.01590586701342931
2021-12-02,0.0576487221266078,0.0288243610633039
2021-12-03,-0.00720687696154775,-0.003603438480773875
2021-12-06,0.040408665877977056,0.020204332938988528
2021-12-07,0.051003805040047756,0.025501902520023878
2021-12-08,0.000648066629531288,0.000324033314765644
2021-12-09,-0.017142996054691485,-0.008571498027345742
2021-12-10,0.024514298872914345,0.012257149436457173
2021-12-13,-0.016285484801050066,-0.008142742400525033
2021-12-14,-0.018300704766699046,-0.009150352383349523
2021-12-15,0.0333123265922702,0.0166561632961351
2021-12-16,0.0027241328074701235,0.0013620664037350618
2021-12-17,-0.03991193426075937,-0.019955967130379684
2021-12-20,-0.03916364191174111,-0.019581820955870556
2021-12-21,0.04962188664015017,0.024810943320075086
2021-12-22,0.030581027678056157,0.015290513839028078
2021-12-23,0.018501883021889053,0.009250941510944527
2021-12-27,0.04311599311844191,0.021557996559220954
2021-12-28,0.0029585830874227386,0.0014792915437113693
2021-12-29,0.00010083827611625791,5.0419138058128954e-05
2021-12-30,-0.0010305183543085918,-0.0005152591771542959
2021-12-31,0.000986217873637662,0.000493108936818831
2022-01-03,0.0016598807912608224,0.0008299403956304112
2022-01-04,0.022625732202319792,0.011312866101159896
2022-01-05,-0.04050002804818308,-0.02025001402409154
2022-01-06,-0.0028835295425063616,-0.0014417647712531808
2022-01-07,-0.00025191164747594933,-0.00012595582373797466
2022-01-10,-0.01301650774286729,-0.006508253871433645
2022-01-11,0.03671476680476286,0.01835738340238143
2022-01-12,0.009263486394986833,0.004631743197493416
2022-01-13,-0.024824307514383314,-0.012412153757191657
2022-01-14,-0.006011745300481865,-0.0030058726502409324
2022-01-18,-0.0514669117996214,-0.0257334558998107
2022-01-19,-0.014049082109888119,-0.007024541054944059
2022-01-20,-0.030747914795280523,-0.015373957397640262
2022-01-21,-0.05323280095806697,-0.026616400479033485
2022-01-24,0.007107326396605467,0.0035536631983027335
2022-01-25,-0.0227664723493847,-0.01138323617469235
2022-01-26,-0.027119453589844276,-0.013559726794922138
2022-01-27,-0.0034263164393254783,-0.0017131582196627392
2022-01-28,0.05236485077313269,0.026182425386566344
2022-01-31,0.05125235667020216,0.05125235667020216
2022-02-01,0.02723525843622388,0.02723525843622388
2022-02-02,0.02975915042283114,0.02975915042283114
2022-02-03,-0.0661270810517536,-0.0661270810517536
2022-02-04,0.001010967139841658,0.001010967139841658
2022-02-07,-0.0026788748313019426,-0.0026788748313019426
2022-02-08,0.0175827632014954,0.0175827632014954
2022-02-09,0.043757613483924485,0.043757613483924485
2022-02-10,-0.05552604697759314,-0.05552604697759314
2022-02-11,-0.0265761689853966,-0.0265761689853966
2022-02-14,-0.023346314844216037,-0.023346314844216037
2022-02-15,0.0288102459485267,0.0288102459485267
2022-02-16,0.012642942986704955,0.012642942986704955
2022-02-17,-0.04403301260629248,-0.04403301260629248
2022-02-18,-0.012773577614973766,-0.012773577614973766
2022-02-22,-0.03354602141378667,-0.03354602141378667
2022-02-23,-0.05103932664389335,-0.05103932664389335
2022-02-24,0.021268453741825632,0.021268453741825632
2022-02-25,0.08648832757067892,0.08648832757067892
2022-02-28,0.008849035963509692,0.008849035963509692
2022-03-01,-0.03435910047758606,-0.03435910047758606
2022-03-02,0.045448221366968945,0.045448221366968945
2022-03-03,0.0012060386032049413,0.0012060386032049413
2022-03-04,0.00561537223111505,0.00561537223111505
2022-03-07,-0.07257806584358738,-0.07257806584358738
2022-03-08,-0.017485085084477093,-0.017485085084477093
2022-03-09,0.0452556020226027,0.0452556020226027
2022-03-10,-0.002951618587443891,-0.002951618587443891
2022-03-11,-0.03724317366541914,-0.03724317366541914
2022-03-14,-0.029889429897226674,-0.029889429897226674
2022-03-15,0.04186332289119961,0.04186332289119961
2022-03-16,0.05792270158387217,0.05792270158387217
2022-03-17,0.045886361476555594,0.045886361476555594
2022-03-18,0.022981229610522447,0.022981229610522447
2022-03-21,0.0072389547716435725,0.0072389547716435725
2022-03-22,0.022137291792842895,0.022137291792842895
2022-03-23,-0.015407101973202787,-0.015407101973202787
2022-03-24,0.038938248464419255,0.038938248464419255
2022-03-25,0.021304484142169833,0.021304484142169833
2022-03-28,0.005985453618253242,0.005985453618253242
2022-03-29,0.03510146732375815,0.03510146732375815
2022-03-30,-0.0030350139040673067,-0.0030350139040673067
2022-03-31,-0.04293586688323839,-0.04293586688323839
2022-04-01,0.014350586370691575,0.014350586370691575
2022-04-04,0.014445750941727882,0.014445750941727882
2022-04-05,-0.040411626285348556,-0.040411626285348556
2022-04-06,-0.015413124231660405,-0.015413124231660405
2022-04-07,0.014944606895137255,0.014944606895137255
2022-04-08,0.0064676112321181865,0.0064676112321181865
2022-04-11,-0.049364893741703976,-0.049364893741703976
2022-04-12,-0.0018849410109634747,-0.0018849410109634747
2022-04-13,0.03661917749884096,0.03661917749884096
2022-04-14,-0.031948504128336865,-0.031948504128336865
2022-04-18,-0.0019252030539352052,-0.0019252030539352052
2022-04-19,0.036429135470383664,0.036429135470383664
2022-04-20,0.008905810486741777,0.008905810486741777
2022-04-21,-0.05629225394502138,-0.05629225394502138
2022-04-22,-0.09210711073876811,-0.09210711073876811
2022-04-25,-0.0007296975518871503,-0.0007296975518871503
2022-04-26,-0.07115146145722409,-0.07115146145722409
2022-04-27,0.0003282412980586459,0.0003282412980586459
2022-04-28,0.0723438061653,0.0723438061653
2022-04-29,-0.10972659438854016,-0.10972659438854016
2022-04-30,,
2022-05-02,0.002335182694945637,0.002335182694945637
2022-05-03,0.024684265755631138,0.024684265755631138
2022-05-04,0.10481535715021177,0.10481535715021177
2022-05-05,-0.10743853681662448,-0.10743853681662448
2022-05-06,-0.015747958657843536,-0.015747958657843536
2022-05-09,-0.10310927494409815,-0.10310927494409815
2022-05-10,-0.003628386806855836,-0.003628386806855836
2022-05-11,-0.022135609984876913,-0.022135609984876913
2022-05-12,-0.004648046287676299,-0.004648046287676299
2022-05-13,0.06241898225834579,0.06241898225834579
2022-05-16,0.00040414769581591486,0.00040414769581591486
2022-05-17,0.054657497103813395,0.054657497103813395
2022-05-18,-0.11451255304313589,-0.11451255304313589
2022-05-19,-0.008234068182024799,-0.008234068182024799
2022-05-20,0.001846447193302854,0.001846447193302854
2022-05-23,0.05614665162694621,0.05614665162694621
2022-05-24,-0.004752993024221857,-0.004752993024221857
2022-05-25,0.029701629769762542,0.029701629769762542
2022-05-26,0.06044225183780405,0.06044225183780405
2022-05-27,0.07173046318733564,0.07173046318733564
2022-05-31,-0.03645697586948248,-0.03645697586948248
2022-06-01,-0.02160046154351043,-0.02160046154351043
2022-06-02,0.05942707110249505,0.05942707110249505
2022-06-03,-0.04290173813792041,-0.04290173813792041
2022-06-06,0.004137990077712953,0.004137990077712953
2022-06-07,0.038759344909709816,0.038759344909709816
2022-06-08,-0.041296908823377436,-0.041296908823377436
2022-06-09,-0.07593629591148864,-0.07593629591148864
2022-06-10,-0.08016941492028207,-0.08016941492028207
2022-06-13,-0.14823684889721628,-0.14823684889721628
2022-06-14,-0.027172214826748614,-0.027172214826748614
2022-06-15,0.0397542866213257,0.0397542866213257
2022-06-16,-0.09996390925924871,-0.09996390925924871
2022-06-17,-0.013472724725763214,-0.013472724725763214
2022-06-21,0.07265514645920748,0.07265514645920748
2022-06-22,-0.003407389413963191,-0.003407389413963191
2022-06-23,0.016867444946944483,0.016867444946944483
2022-06-24,0.09179761289315296,0.09179761289315296
2022-06-27,-0.004058468011794428,-0.004058468011794428
2022-06-28,-0.04531541700938009,-0.04531541700938009
2022-06-29,-0.006253489142289176,-0.006253489142289176
2022-06-30,-0.022223925396932586,-0.022223925396932586
2022-07-01,0.04486014910489474,0.04486014910489474
2022-07-05,-0.026676057769530113,-0.026676057769530113
2022-07-06,-0.0049530398497907415,-0.0049530398497907415
2022-07-07,0.04304401529187478,0.04304401529187478
2022-07-08,-0.011332545371658464,-0.011332545371658464
2022-07-11,-0.02819569998052791,-0.02819569998052791
2022-07-12,-0.023169279180506257,-0.023169279180506257
2022-07-13,-0.008180102317227352,-0.008180102317227352
2022-07-14,-0.030322384504770525,-0.030322384504770525
2022-07-15,0.057873834027783094,0.057873834027783094
2022-07-18,-0.016936658158188893,-0.016936658158188893
2022-07-19,0.0847794953020903,0.0847794953020903
2022-07-20,0.01148183270500018,0.01148183270500018
2022-07-21,0.033125300615241736,0.033125300615241736
2022-07-22,-0.014438382658769504,-0.014438382658769504
2022-07-25,0.014525355323165942,0.014525355323165942
2022-07-26,-0.03184595358975091,-0.03184595358975091
2022-07-27,0.06894098019847125,0.06894098019847125
2022-07-28,0.0502128316913543,0.0502128316913543
2022-07-29,0.04784899295358769,0.04784899295358769
2022-07-31,,
2022-08-01,0.0003668338892048572,0.0003668338892048572
2022-08-02,-0.030193204942588436,-0.030193204942588436
2022-08-03,0.037238359508852716,0.037238359508852716
2022-08-04,-0.005498814604492597,-0.005498814604492597
2022-08-05,-0.013712264137374135,-0.013712264137374135
2022-08-08,0.013109710226296518,0.013109710226296518
2022-08-09,-0.005349003954521491,-0.005349003954521491
2022-08-10,0.05900605308813282,0.05900605308813282
2022-08-11,0.003932544649252678,0.003932544649252678
2022-08-12,0.058123733349132276,0.058123733349132276
2022-08-15,0.0026816952777122334,0.0026816952777122334
2022-08-16,0.012993570436288873,0.012993570436288873
2022-08-17,-0.027716125623274256,-0.027716125623274256
2022-08-18,0.01327023704884053,0.01327023704884053
2022-08-19,-0.04369694992839375,-0.04369694992839375
2022-08-22,-0.06340068587160755,-0.06340068587160755
2022-08-23,0.004095990975990862,0.004095990975990862
2022-08-24,0.012056731759904706,0.012056731759904706
2022-08-25,0.04936281669128899,0.04936281669128899
2022-08-26,-0.09748505555712778,-0.09748505555712778
2022-08-29,-0.014456423694876682,-0.014456423694876682
2022-08-30,-0.046033258359855465,-0.046033258359855465
2022-08-31,-0.030376068591748524,-0.030376068591748524
2022-09-01,-0.0035861882961481977,-0.0035861882961481977
2022-09-02,-0.02172333623879647,-0.02172333623879647
2022-09-06,-0.022423077301522255,-0.022423077301522255
2022-09-07,0.07001132057144559,0.07001132057144559
2022-09-08,0.014181881203412948,0.014181881203412948
2022-09-09,0.052880769932542766,0.052880769932542766
2022-09-12,0.030914903326796216,0.030914903326796216
2022-09-13,-0.1331032228255397,-0.1331032228255397
2022-09-14,0.012294260986684924,0.012294260986684924
2022-09-15,-0.04194121953001087,-0.04194121953001087
2022-09-16,-0.032801353336422714,-0.032801353336422714
2022-09-19,0.029217684977750128,0.029217684977750128
2022-09-20,-0.04636040003777115,-0.04636040003777115
2022-09-21,-0.04906718565827835,-0.04906718565827835
2022-09-22,-0.036782408547363546,-0.036782408547363546
2022-09-23,-0.07553617206511322,-0.07553617206511322
2022-09-26,-0.05214896643738004,-0.05214896643738004
2022-09-27,-0.01893048172911348,-0.01893048172911348
2022-09-28,0.09406873985592239,0.09406873985592239
2022-09-29,-0.06673246937300266,-0.06673246937300266
2022-09-30,-0.04913852815571551,-0.04913852815571551
2022-10-03,0.10440123657980177,0.10440123657980177
2022-10-04,0.10726024733940773,0.10726024733940773
2022-10-05,-0.018022982389668252,-0.018022982389668252
2022-10-06,-0.03540088165365472,-0.03540088165365472
2022-10-07,-0.08517885656372774,-0.08517885656372774
2022-10-10,-0.025660298778675105,-0.025660298778675105
2022-10-11,-0.019588871491246877,-0.019588871491246877
2022-10-12,-0.011402076519256947,-0.011402076519256947
2022-10-13,0.08258580644078917,0.08258580644078917
2022-10-14,-0.0839292809872444,-0.0839292809872444
2022-10-17,0.07616951541343946,0.07616951541343946
2022-10-18,0.046473331744016654,0.046473331744016654
2022-10-19,-0.027509906722825335,-0.027509906722825335
2022-10-20,-0.04165050367402771,-0.04165050367402771
2022-10-21,0.07962053906822963,0.07962053906822963
2022-10-24,0.02814298767613281,0.02814298767613281
2022-10-25,0.06460383632745115,0.06460383632745115
2022-10-26,0.0008073213661705332,0.0008073213661705332
2022-10-27,-0.009822927350667544,-0.009822927350667544
2022-10-28,0.05992975064825279,0.05992975064825279
2022-10-31,-0.025823476127728718,-0.025823476127728718
2022-11-01,0.0032119556595479864,0.0032119556595479864
2022-11-02,-0.07882930260070194,-0.07882930260070194
2022-11-03,-0.015354517007146695,-0.015354517007146695
2022-11-04,0.05079974079807056,0.05079974079807056
2022-11-07,0.019918762830462095,0.019918762830462095
2022-11-08,0.02987814822844589,0.02987814822844589
2022-11-09,-0.06577714747082038,-0.06577714747082038
2022-11-10,0.18350863582789764,0.18350863582789764
2022-11-11,0.031417621281347105,0.031417621281347105
2022-11-14,-0.02327450968258355,-0.02327450968258355
2022-11-15,0.03212091000149705,0.03212091000149705
2022-11-16,-0.01609763519653039,-0.01609763519653039
2022-11-17,-0.023079865742959716,-0.023079865742959716
2022-11-18,0.014632370632487906,0.014632370632487906
2022-11-21,-0.008161281200678414,-0.008161281200678414
2022-11-22,0.052339054399181184,0.052339054399181184
2022-11-23,0.026330217373844004,0.026330217373844004
2022-11-25,0.0006661583165418648,0.0006661583165418648
2022-11-28,-0.05184755770782722,-0.05184755770782722
2022-11-29,-0.0009310500701893733,-0.0009310500701893733
2022-11-30,0.09281687850773024,0.09281687850773024
2022-12-01,0.015703001888703334,0.015703001888703334
2022-12-02,0.004230893605089481,0.004230893605089481
2022-12-05,-0.07047222858982412,-0.07047222858982412
2022-12-06,-0.03794195829219397,-0.03794195829219397
2022-12-07,0.004717630069816299,0.004717630069816299
2022-12-08,0.017503070709874714,0.017503070709874714
2022-12-09,-0.03370455688444454,-0.03370455688444454
2022-12-12,0.04546103368840001,0.04546103368840001
2022-12-13,0.03300201460310874,0.03300201460310874
2022-12-14,-0.019635394319585265,-0.019635394319585265
2022-12-15,-0.07778254562795442,-0.07778254562795442
2022-12-16,-0.03326739270889474,-0.03326739270889474
2022-12-19,-0.0340222630211849,-0.0340222630211849
2022-12-20,0.007219275848675884,0.007219275848675884
2022-12-21,0.048455860953703536,0.048455860953703536
2022-12-22,-0.04532907160541165,-0.04532907160541165
2022-12-23,0.024044343352448656,0.024044343352448656
2022-12-27,-0.007840483459967197,-0.007840483459967197
2022-12-28,-0.04415007497536038,-0.04415007497536038
2022-12-29,0.05540488008911378,0.05540488008911378
2022-12-30,-0.01190097645047801,-0.01190097645047801
2022-12-31,,
2023-01-03,-0.004138335989499856,-0.004138335989499856
2023-01-04,0.038820220024939976,0.038820220024939976
2023-01-05,-0.031187778212790236,-0.031187778212790236
2023-01-06,0.08832424694255829,0.08832424694255829
2023-01-09,0.0005121009784282122,0.0005121009784282122
2023-01-10,0.018768934565071716,0.018768934565071716
2023-01-11,0.03960172128040984,0.03960172128040984
2023-01-12,0.02131509976984192,0.02131509976984192
2023-01-13,0.012446954122169234,0.012446954122169234
2023-01-17,-0.015267383211377985,-0.015267383211377985
2023-01-18,-0.050732792248740756,-0.050732792248740756
2023-01-19,-0.019483207050190195,-0.019483207050190195
2023-01-20,0.04709959316145178,0.04709959316145178
2023-01-23,0.0289436310917266,0.0289436310917266
2023-01-24,0.0066156229914861465,0.0066156229914861465
2023-01-25,0.0023386800665566574,0.0023386800665566574
2023-01-26,0.028946958847595686,0.028946958847595686
2023-01-27,0.00023668030731061735,0.00023668030731061735
2023-01-30,-0.038374055636884515,-0.038374055636884515
2023-01-31,0.05098210876694224,0.05098210876694224
2023-02-01,0.029114141459447105,0.029114141459447105
2023-02-02,0.025079565029272114,0.025079565029272114
2023-02-03,-0.05147879981805051,-0.05147879981805051
2023-02-06,-0.015110662145544532,-0.015110662145544532
2023-02-07,0.03363483714680157,0.03363483714680157
2023-02-08,-0.03363853257809556,-0.03363853257809556
2023-02-09,-0.03895148518149856,-0.03895148518149856
2023-02-10,0.018803629733151094,0.018803629733151094
2023-02-13,0.03276360942021713,0.03276360942021713
2023-02-14,-0.003309920448081605,-0.003309920448081605
2023-02-15,0.0013655322219654565,0.0013655322219654565
2023-02-16,-0.04536679925170325,-0.04536679925170325
2023-02-17,-0.0027974836186229293,-0.0027974836186229293
2023-02-21,-0.06767407038790191,-0.06767407038790191
2023-02-22,-0.0008523648496579242,-0.0008523648496579242
2023-02-23,0.012707635097275318,0.012707635097275318
2023-02-24,-0.028898176129881905,-0.028898176129881905
2023-02-27,0.010455002879588676,0.010455002879588676
2023-02-28,-0.011892370184708264,-0.005946185092354132
2023-03-01,-0.010034628150437349,-0.005017314075218674
2023-03-02,0.02487931711521641,0.012439658557608205
2023-03-03,0.061032854448118797,0.030516427224059398
2023-03-06,-0.008439117612701287,-0.004219558806350643
2023-03-07,-0.055348037264009706,-0.027674018632004853
2023-03-08,0.0015055822961789643,0.0007527911480894821
2023-03-09,-0.057099460396751435,-0.028549730198375717
2023-03-10,-0.02825298927656819,-0.014126494638284096
2023-03-13,-0.004464148549004148,-0.002232074274502074
2023-03-14,0.04351631971040241,0.021758159855201204
2023-03-15,-0.027136665503579765,-0.013568332751789883
2023-03-16,0.04452595347243611,0.022262976736218056
2023-03-17,-0.02980005926476288,-0.01490002963238144
2023-03-20,0.03505725289206555,0.017528626446032775
2023-03-21,0.032704928637452335,0.016352464318726168
2023-03-22,-0.04832537683527826,-0.02416268841763913
2023-03-23,0.0010118211080089108,0.0005059105540044554
2023-03-24,0.024954002019972783,0.012477001009986392
2023-03-27,0.005761899852908172,0.002880949926454086
2023-03-28,0.00641299724933905,0.003206498624669525
2023-03-29,0.041940603468155986,0.020970301734077993
2023-03-30,0.020755334389559163,0.010377667194779581
2023-03-31,0.04773298790286563,0.023866493951432814
2023-04-03,0.023308103607356103,0.011654051803678052
2023-04-04,-0.01390050549987816,-0.00695025274993908
2023-04-05,0.00688093866980685,0.003440469334903425
2023-04-06,0.0032904983903241816,0.0016452491951620908
2023-04-10,-0.00023471155962387542,-0.00011735577981193771
2023-04-11,0.012282219451958848,0.006141109725979424
2023-04-12,-0.010192884780514567,-0.005096442390257284
2023-04-13,0.03830059153494507,0.019150295767472535
2023-04-14,-0.018012336040957526,-0.009006168020478763
2023-04-17,0.004312576660826154,0.002156288330413077
2023-04-18,0.0045721150635875,0.00228605753179375
2023-04-19,-0.003958387230499527,-0.0019791936152497636
2023-04-20,-0.012249033176703776,-0.006124516588351888
2023-04-21,-0.003071614082991534,-0.001535807041495767
2023-04-24,0.014550456286695755,0.007275228143347878
2023-04-25,-0.04208993430467788,-0.02104496715233894
2023-04-26,-0.03874930837094828,-0.01937465418547414
2023-04-27,0.059025702006026234,0.029512851003013117
2023-04-28,0.03312421240357529,0.016562106201787646
2023-04-30,,
2023-05-01,-0.014804383362037182,-0.007402191681018591
2023-05-02,-0.02944942717251022,-0.01472471358625511
2023-05-03,-0.021298721432123437,-0.010649360716061719
2023-05-04,-0.025248948938239764,-0.012624474469119882
2023-05-05,0.04903433088879253,0.024517165444396263
2023-05-08,-0.004523689761159311,-0.0022618448805796555
2023-05-09,-0.010746502372847681,-0.005373251186423841
2023-05-10,0.008230280457086115,0.0041151402285430575
2023-05-11,-0.009261002431580153,-0.004630501215790076
2023-05-12,-0.0037312204084399394,-0.0018656102042199697
2023-05-15,0.005187807927179662,0.002593903963589831
2023-05-16,-0.04093540587860443,-0.020467702939302217
2023-05-17,0.03330670223442437,0.016653351117212185
2023-05-18,0.01695384714975261,0.008476923574876305
2023-05-19,-0.0013888191167695722,-0.0006944095583847861
2023-05-22,-0.006596984606430759,-0.0032984923032153795
2023-05-23,-0.027563441333882808,-0.013781720666941404
2023-05-24,-0.027211451778806007,-0.013605725889403003
2023-05-25,-0.009354496023361424,-0.004677248011680712
2023-05-26,0.03406806550661223,0.017034032753306116
2023-05-30,-0.003132456514251455,-0.0015662282571257274
2023-05-31,-0.01375876579939046,-0.00687938289969523
2023-06-01,0.03154888317143445,0.015774441585717225
2023-06-02,0.052116755317669315,0.026058377658834658
2023-06-05,-0.003707134019523263,-0.0018535670097616316
2023-06-06,0.013390774765709308,0.006695387382854654
2023-06-07,0.002716445169821955,0.0013582225849109776
2023-06-08,0.02200765021454458,0.01100382510727229
2023-06-09,-0.00478554626077894,-0.00239277313038947
2023-06-12,0.018645747245350515,0.009322873622675257
2023-06-13,0.018935766261535043,0.009467883130767522
2023-06-14,-0.0020462119340269795,-0.0010231059670134897
2023-06-15,0.0453114882679406,0.0226557441339703
2023-06-16,-0.006629076278421346,-0.003314538139210673
2023-06-20,-0.026362337865996236,-0.013181168932998118
2023-06-21,-0.002931872535099108,-0.001465936267549554
2023-06-22,-0.006442785708033871,-0.0032213928540169353
2023-06-23,-0.021292554069756116,-0.010646277034878058
2023-06-26,0.004225949411277971,0.0021129747056389857
2023-06-27,0.029344474447021155,0.014672237223510578
2023-06-28,-0.004372173459517453,-0.0021860867297587264
2023-06-29,0.011593044418525274,0.005796522209262637
2023-06-30,0.040021538128684635,0.040021538128684635
2023-07-03,0.009179844906507625,0.009179844906507625
2023-07-05,-0.01330451209945637,-0.01330451209945637
2023-07-06,-0.037516761046058826,-0.037516761046058826
2023-07-07,-0.0011408877048950223,-0.0011408877048950223
2023-07-10,0.011510378303488708,0.011510378303488708
2023-07-11,0.03541017729533506,0.03541017729533506
2023-07-12,0.03272795246909433,0.03272795246909433
2023-07-13,0.021632669697388168,0.021632669697388168
2023-07-14,-0.014998137276564768,-0.014998137276564768
2023-07-17,0.0025376775606661475,0.0025376775606661475
2023-07-18,0.023808389204155816,0.023808389204155816
2023-07-19,0.014785834770334577,0.014785834770334577
2023-07-20,-0.007296822807906437,-0.007296822807906437
2023-07-21,0.005371747102287871,0.005371747102287871
2023-07-24,0.010716499798667109,0.010716499798667109
2023-07-25,0.010773615298025717,0.010773615298025717
2023-07-26,0.006006667934156391,0.006006667934156391
2023-07-27,-0.03608685289238525,-0.03608685289238525
2023-07-28,0.03081878102768665,0.03081878102768665
2023-07-31,0.010339959710238903,0.010339959710238903
2023-08-01,-0.022314122674959865,-0.022314122674959865
2023-08-02,-0.03912452003086016,-0.03912452003086016
2023-08-03,-0.020075636313941592,-0.020075636313941592
2023-08-04,-0.005399434117265614,-0.005399434117265614
2023-08-07,0.023278987441409518,0.023278987441409518
2023-08-08,-0.009148265918975542,-0.009148265918975542
2023-08-09,-0.010489147030512692,-0.010489147030512692
2023-08-10,-0.006289895888679778,-0.006289895888679778
2023-08-11,0.003824408389941773,0.003824408389941773
2023-08-14,0.0024368340803752487,0.0024368340803752487
2023-08-15,-0.04672796433395095,-0.04672796433395095
2023-08-16,-0.025203872935383054,-0.025203872935383054
2023-08-17,-0.022397194954656672,-0.022397194954656672
2023-08-18,0.005808817749592639,0.005808817749592639
2023-08-21,0.0021465542126577176,0.0021465542126577176
2023-08-22,-0.0057523258032127125,-0.0057523258032127125
2023-08-23,0.03658481221508271,0.03658481221508271
2023-08-24,-0.039384200791102386,-0.039384200791102386
2023-08-25,0.023485792329802274,0.023485792329802274
2023-08-28,0.020874959628597284,0.020874959628597284
2023-08-29,0.04649678240140462,0.04649678240140462
2023-08-30,0.007324274429152147,0.007324274429152147
2023-08-31,-0.00769970916563496,-0.00769970916563496
2023-09-01,0.002477671266219272,0.002477671266219272
2023-09-05,-0.03088370342366641,-0.03088370342366641
2023-09-06,-0.011946372309176419,-0.011946372309176419
2023-09-07,-0.0004299605582863234,-0.0004299605582863234
2023-09-08,0.008911376869342446,0.008911376869342446
2023-09-11,0.019113637246207967,0.019113637246207967
2023-09-12,-0.0071801259900057925,-0.0071801259900057925
2023-09-13,0.0020339240851953966,0.0020339240851953966
2023-09-14,0.032294696345131935,0.032294696345131935
2023-09-15,-0.035433507872294934,-0.035433507872294934
2023-09-18,0.003848921701028284,0.003848921701028284
2023-09-19,-0.011966025161552792,-0.011966025161552792
2023-09-20,-0.02145624112419885,-0.02145624112419885
2023-09-21,-0.06227463841814203,-0.06227463841814203
2023-09-22,-0.005899008287067383,-0.005899008287067383
2023-09-25,0.003374562853299446,0.003374562853299446
2023-09-26,-0.051208164475900333,-0.051208164475900333
2023-09-27,-0.006402012021466389,-0.006402012021466389
2023-09-28,0.012231242043146117,0.012231242043146117
2023-09-29,-0.017467287514000424,-0.017467287514000424
2023-09-30,,
2023-10-02,-0.03818180029462081,-0.03818180029462081
2023-10-03,-0.036679918373956746,-0.036679918373956746
2023-10-04,0.019194880794367306,0.019194880794367306
2023-10-05,-0.01726305997988345,-0.01726305997988345
2023-10-06,0.03125195811966197,0.03125195811966197
2023-10-09,0.04128367391641821,0.04128367391641821
2023-10-10,0.022914682090686964,0.022914682090686964
2023-10-11,0.017314457808911873,0.017314457808911873
2023-10-12,-0.038756377002412294,-0.038756377002412294
2023-10-13,0.015802162110960794,0.015802162110960794
2023-10-16,0.02882045167254037,0.02882045167254037
2023-10-17,0.006735492739016717,0.006735492739016717
2023-10-18,-0.03913291509896576,-0.03913291509896576
2023-10-19,-0.034615756343421136,-0.034615756343421136
2023-10-20,-0.03538971345912763,-0.03538971345912763
2023-10-23,-0.012940248213304667,-0.012940248213304667
2023-10-24,0.0305401687874037,0.0305401687874037
2023-10-25,-0.04119924452958659,-0.04119924452958659
2023-10-26,-0.01825770035415585,-0.01825770035415585
2023-10-27,-0.0269932827421441,-0.0269932827421441
2023-10-30,0.03427849418840738,0.03427849418840738
2023-10-31,0.017739953415178023,0.017739953415178023
2023-11-01,0.028343166752563886,0.028343166752563886
2023-11-02,0.07449985955312066,0.07449985955312066
2023-11-03,0.02985076348716036,0.02985076348716036
2023-11-06,-0.009585480646901894,-0.009585480646901894
2023-11-07,-0.003944297074854359,-0.003944297074854359
2023-11-08,-0.004495422258088292,-0.004495422258088292
2023-11-09,-0.032900289468681135,-0.032900289468681135
2023-11-10,0.03999111568733382,0.03999111568733382
2023-11-13,0.0005015746347696008,0.0005015746347696008
2023-11-14,0.07855517306501754,0.07855517306501754
2023-11-15,0.0020989607422517687,0.0020989607422517687
2023-11-16,0.0025581158906777127,0.0025581158906777127
2023-11-17,0.014209774613359597,0.014209774613359597
2023-11-20,0.015885092053593904,0.015885092053593904
2023-11-21,0.0025119999450768627,0.0025119999450768627
2023-11-22,0.012609609231606225,0.012609609231606225
2023-11-24,0.004831699760110078,0.004831699760110078
2023-11-27,-0.000915104551519989,-0.000915104551519989
2023-11-28,0.009098458157347932,0.009098458157347932
2023-11-29,-0.0008181590161843842,-0.0008181590161843842
2023-11-30,0.0146504229592509,0.00732521147962545
2023-12-01,0.03802605245130731,0.019013026225653654
2023-12-04,-0.022755532703670728,-0.011377766351835364
2023-12-05,-0.01331383039573004,-0.00665691519786502
2023-12-06,0.0003878785477661995,0.00019393927388309975
2023-12-07,0.014498584083462279,0.0072492920417311394
2023-12-08,0.003937035482225762,0.001968517741112881
2023-12-11,0.012289538508853509,0.006144769254426754
2023-12-12,0.007777876107079332,0.003888938053539666
2023-12-13,0.06825658443521161,0.034128292217605806
2023-12-14,0.027734827851197335,0.013867413925598667
2023-12-15,-0.014881339044039203,-0.007440669522019602
2023-12-18,0.013555167529568207,0.0067775837647841035
2023-12-19,0.028205536926658323,0.014102768463329161
2023-12-20,-0.0509216022954475,-0.02546080114772375
2023-12-21,0.030779017141332583,0.015389508570666292
2023-12-22,0.008616349533077817,0.004308174766538908
2023-12-26,0.019778899863364018,0.009889449931682009
2023-12-27,0.012145630886597264,0.006072815443298632
2023-12-28,-0.006770643918735562,-0.003385321959367781
2023-12-29,-0.011615054572050988,-0.005807527286025494
2023-12-31,,
2024-01-02,-0.0009830254142495776,-0.0004915127071247888
2024-01-03,-0.020713072975133463,-0.010356536487566731
2024-01-04,-0.01569668145424829,-0.007848340727124144
2024-01-05,0.001466370922020517,0.0007331854610102585
2024-01-08,0.029524123114787623,0.014762061557393812
2024-01-09,-0.017678359053417036,-0.008839179526708518
2024-01-10,0.005510881516065943,0.0027554407580329715
2024-01-11,-0.00755729773870557,-0.003778648869352785
2024-01-12,0.006785257270055825,0.0033926286350279126
2024-01-16,-0.03545871035225789,-0.017729355176128943
2024-01-17,-0.02469243571979166,-0.01234621785989583
2024-01-18,0.013824188089525388,0.006912094044762694
2024-01-19,0.025125652292373745,0.012562826146186873
2024-01-22,0.005836409879357192,0.002918204939678596
2024-01-23,0.0084559730979232,0.0042279865489616
2024-01-24,-0.013885643836493369,-0.0069428219182466845
2024-01-25,0.030694897859447245,0.015347448929723622
2024-01-26,0.0055849941896882445,0.0027924970948441223
2024-01-29,0.02744694356522234,0.01372347178261117
2024-01-30,0.010035552064351218,0.005017776032175609
2024-01-31,-0.040480496537252636,-0.040480496537252636
2024-02-01,0.053147116005040226,0.053147116005040226
2024-02-02,0.006749104856513152,0.006749104856513152
2024-02-05,-0.03833156760954296,-0.03833156760954296
2024-02-06,0.020650266328627844,0.020650266328627844
2024-02-07,0.01692229584343812,0.01692229584343812
2024-02-08,0.00017918932956818118,0.00017918932956818118
2024-02-09,0.00019760302145626003,0.00019760302145626003
2024-02-12,0.012710396397120726,0.012710396397120726
2024-02-13,-0.05555161842849047,-0.05555161842849047
2024-02-14,0.02841302154842648,0.02841302154842648
2024-02-15,0.04371290067502046,0.04371290067502046
2024-02-16,-0.011419714587581427,-0.011419714587581427
2024-02-20,-0.008363408542561486,-0.008363408542561486
2024-02-21,0.014356500328679194,0.014356500328679194
2024-02-22,0.0383588055924143,0.0383588055924143
2024-02-23,0.011344150553269802,0.011344150553269802
2024-02-26,-0.017912037354644483,-0.017912037354644483
2024-02-27,0.008083680142122653,0.008083680142122653
2024-02-28,0.0025926217426733168,0.0025926217426733168
2024-02-29,0.014801838334031118,0.014801838334031118
2024-03-01,0.026179100642603988,0.026179100642603988
2024-03-04,0.0013798129610410308,0.0013798129610410308
2024-03-05,-0.012946769103640078,-0.012946769103640078
2024-03-06,0.021788890436483473,0.021788890436483473
2024-03-07,0.029438553624387156,0.029438553624387156
2024-03-08,-0.007871712756969436,-0.007871712756969436
2024-03-11,0.007282870807920088,0.007282870807920088
2024-03-12,0.008486965464949321,0.008486965464949321
2024-03-13,0.01067623249501641,0.01067623249501641
2024-03-14,-0.01827028341321904,-0.01827028341321904
2024-03-15,-0.01305115870748196,-0.01305115870748196
2024-03-18,0.01838337955630114,0.01838337955630114
2024-03-19,0.01970579102046052,0.01970579102046052
2024-03-20,0.027945948572532745,0.027945948572532745
2024-03-21,0.012086045544614532,0.012086045544614532
2024-03-22,-0.011028239910689753,-0.011028239910689753
2024-03-25,-0.005174219964472345,-0.005174219964472345
2024-03-26,-0.0050261487888985405,-0.0050261487888985405
2024-03-27,0.04732193289369635,0.04732193289369635
2024-03-28,0.010830783953705889,0.010830783953705889
2024-03-31,,
2024-04-01,-0.012115888649555663,-0.012115888649555663
2024-04-02,-0.011841423233238403,-0.011841423233238403
2024-04-03,0.006991155824578735,0.006991155824578735
2024-04-04,-0.030472329756661132,-0.030472329756661132
2024-04-05,0.02890938646377769,0.02890938646377769
2024-04-08,0.004421843657793456,0.004421843657793456
2024-04-09,0.011310606485712589,0.011310606485712589
2024-04-10,-0.04517494037340471,-0.04517494037340471
2024-04-11,0.01183634054469796,0.01183634054469796
2024-04-12,-0.04918200193152162,-0.04918200193152162
2024-04-15,-0.028974001280148768,-0.028974001280148768
2024-04-16,-0.01714598129294993,-0.01714598129294993
2024-04-17,0.0009730508626043219,0.0009730508626043219
2024-04-18,-0.002371882417164565,-0.002371882417164565
2024-04-19,0.006103528432761637,0.006103528432761637
2024-04-22,0.012621132643414733,0.012621132643414733
2024-04-23,0.0257656490948233,0.0257656490948233
2024-04-24,0.0030848049049928988,0.0030848049049928988
2024-04-25,-0.011890546373175244,-0.011890546373175244
2024-04-26,0.013505125017235485,0.013505125017235485
2024-04-29,0.020858273408879364,0.020858273408879364
2024-04-30,-0.058551596810281055,-0.058551596810281055
2024-05-01,0.0008959322104011928,0.0008959322104011928
2024-05-02,0.019968815151124072,0.019968815151124072
2024-05-03,0.029069035396775973,0.029069035396775973
2024-05-06,0.032242345643769675,0.032242345643769675
2024-05-07,0.013179840753121293,0.013179840753121293
2024-05-08,-0.0032786933625625465,-0.0032786933625625465
2024-05-09,0.0354803159469852,0.0354803159469852
2024-05-10,0.003018128354246351,0.003018128354246351
2024-05-13,-0.007567556924876644,-0.007567556924876644
2024-05-14,0.01462012940116287,0.01462012940116287
2024-05-15,0.03500899557756154,0.03500899557756154
2024-05-16,-0.00735538242975815,-0.00735538242975815
2024-05-17,0.015146625436605284,0.015146625436605284
2024-05-20,-0.006495500513571276,-0.006495500513571276
2024-05-21,0.008373265300065146,0.008373265300065146
2024-05-22,-0.023932107566547685,-0.023932107566547685
2024-05-23,-0.048533074086070105,-0.048533074086070105
2024-05-24,0.021835472147706432,0.021835472147706432
2024-05-28,-0.012760952653961257,-0.012760952653961257
2024-05-29,-0.04060355607823962,-0.04060355607823962
2024-05-30,0.01033396229048408,0.01033396229048408
2024-05-31,0.04335652481882901,0.021678262409414506
2024-06-03,-0.008146002618707453,-0.004073001309353726
2024-06-04,-0.0023928882174844316,-0.0011964441087422158
2024-06-05,0.025208670712135773,0.012604335356067886
2024-06-06,0.002040285589027549,0.0010201427945137746
2024-06-07,-0.028668146004817218,-0.014334073002408609
2024-06-10,0.01069913649654764,0.00534956824827382
2024-06-11,0.00022594514231407943,0.00011297257115703972
2024-06-12,0.0068116540983952445,0.0034058270491976223
2024-06-13,-0.002501147089734767,-0.0012505735448673835
2024-06-14,-0.0035538552182238156,-0.0017769276091119078
2024-06-17,0.01649863391064148,0.00824931695532074
2024-06-18,0.007583977840709788,0.003791988920354894
2024-06-20,0.011684967758657357,0.005842483879328678
2024-06-21,-0.005475984399000056,-0.002737992199500028
2024-06-24,0.0193867517670161,0.00969337588350805
2024-06-25,-0.007799168762031268,-0.003899584381015634
2024-06-26,-0.01320435690636049,-0.006602178453180245
2024-06-27,0.007513940920822625,0.0037569704604113125
2024-06-28,-0.016202373092718648,-0.008101186546359324
2024-06-30,,
2024-07-01,-0.017041457392996145,-0.008520728696498073
2024-07-02,0.02251549521895684,0.01125774760947842
2024-07-03,0.017819238755682556,0.008909619377841278
2024-07-05,0.01868117878962702,0.00934058939481351
2024-07-08,-0.006124332697010025,-0.0030621663485050125
2024-07-09,-0.0026122127822344023,-0.0013061063911172011
2024-07-10,0.030383745125754525,0.015191872562877263
2024-07-11,0.014022285187891654,0.007011142593945827
2024-07-12,0.020462509669108755,0.010231254834554377
2024-07-15,-0.0011577723774579842,-0.0005788861887289921
2024-07-16,0.04763326778594438,0.02381663389297219
2024-07-17,-0.018223934874812397,-0.009111967437406198
2024-07-18,-0.027158389005203388,-0.013579194502601694
2024-07-19,-0.02854512660031874,-0.01427256330015937
2024-07-22,0.021241974445215406,0.010620987222607703
2024-07-23,-0.010121982186949036,-0.005060991093474518
2024-07-24,-0.05071102627986264,-0.02535551313993132
2024-07-25,-0.005488359598439178,-0.002744179799219589
2024-07-26,0.046190305524267505,0.023095152762133753
2024-07-29,0.0067918790030148555,0.0033959395015074278
2024-07-30,0.00432292037695045,0.002161460188475225
2024-07-31,0.04286777319038667,0.0
2024-08-01,-0.026186754548962122,-0.0
2024-08-02,-0.04497845656639601,-0.0
2024-08-05,-0.08714873787823854,-0.0
2024-08-06,0.02175363065527788,0.0
2024-08-07,-0.021193674395535867,-0.0
2024-08-08,0.06561071838120595,0.0
2024-08-09,0.014731195688612518,0.0
2024-08-12,0.00033403027040639435,0.0
2024-08-13,0.038522438596263295,0.0
2024-08-14,0.007299515281959645,0.0
2024-08-15,0.04384525859392367,0.0
2024-08-16,0.0156679801334424,0.0
2024-08-19,0.027310853398166534,0.0
2024-08-20,-0.0075884322095421146,-0.0
2024-08-21,0.01831953675792083,0.0
2024-08-22,-0.022333495541295264,-0.0
2024-08-23,0.03903893375877535,0.0
2024-08-26,0.003632713030859702,0.0
2024-08-27,-0.0018262833093095547,-0.0
2024-08-28,-0.016800224148180786,-0.0
2024-08-29,0.009610859774688644,0.0
2024-08-30,0.024756563559776554,0.0
2024-08-31,,
2024-09-03,-0.04655080102298728,-0.0
2024-09-04,0.0013947491361133418,0.0
2024-09-05,-0.010593450639928403,-0.0
2024-09-06,-0.04828287988379765,-0.0
2024-09-09,0.03851215210614656,0.0
2024-09-10,0.007035446571628475,0.0
2024-09-11,0.008904343786525647,0.0
2024-09-12,0.030361462687859782,0.0
2024-09-13,0.028269857579940237,0.0
2024-09-16,0.023722756995662,0.0
2024-09-17,-0.0005898830551048718,-0.0
2024-09-18,-0.017193079924717664,-0.0
2024-09-19,0.041738197511646945,0.0
2024-09-20,0.003880127079618311,0.0
2024-09-23,0.018044566660422725,0.0
2024-09-24,0.01078538939326742,0.0
2024-09-25,-0.01924364884241054,-0.0
2024-09-26,0.013443005838328179,0.0
2024-09-27,0.009782518939879477,0.0
2024-09-30,0.004134551038581779,0.004134551038581779
2024-10-01,0.0015889600004547633,0.0015889600004547633
2024-10-02,-0.005652906354104048,-0.005652906354104048
2024-10-03,-0.014818966916130561,-0.014818966916130561
2024-10-04,0.02052416929798385,0.02052416929798385
2024-10-07,-0.03282315674772462,-0.03282315674772462
2024-10-08,0.00648630681303568,0.00648630681303568
2024-10-09,0.01519778085706081,0.01519778085706081
2024-10-10,-0.0065642478826406425,-0.0065642478826406425
2024-10-11,0.027506483287394582,0.027506483287394582
2024-10-14,0.02022000616082813,0.02022000616082813
2024-10-15,-0.014138227382191792,-0.014138227382191792
2024-10-16,0.023766386655829277,0.023766386655829277
2024-10-17,-0.008556537194169926,-0.008556537194169926
2024-10-18,0.014255601298942586,0.014255601298942586
2024-10-21,-0.023721386654465205,-0.023721386654465205
2024-10-22,-0.0041172084778818025,-0.0041172084778818025
2024-10-23,-0.02045634162848874,-0.02045634162848874
2024-10-24,0.006341656272843375,0.006341656272843375
2024-10-25,-0.013970407343935612,-0.013970407343935612
2024-10-28,0.011340795120569038,0.011340795120569038
2024-10-29,-0.011093358026439801,-0.011093358026439801
2024-10-30,0.0005149595268931845,0.0005149595268931845
2024-10-31,-0.03419086787690054,-0.03419086787690054
2024-11-01,-0.003685097537902798,-0.003685097537902798
2024-11-04,0.002160488711888905,0.002160488711888905
2024-11-05,0.03771228001856561,0.03771228001856561
2024-11-06,0.05099708489822545,0.05099708489822545
2024-11-07,0.02052618440465693,0.02052618440465693
2024-11-08,0.02324250337119301,0.02324250337119301
2024-11-11,0.0028101684287501916,0.0028101684287501916
2024-11-12,-0.029859393427045564,-0.029859393427045564
2024-11-13,-0.0009661364335018455,-0.0009661364335018455
2024-11-14,-0.020436195666426467,-0.020436195666426467
2024-11-15,-0.02651317108012795,-0.02651317108012795
2024-11-18,0.027346319104562502,0.027346319104562502
2024-11-19,0.004945724377254461,0.004945724377254461
2024-11-20,0.008960213842819425,0.008960213842819425
2024-11-21,0.03284805237757837,0.03284805237757837
2024-11-22,0.020983637664566908,0.020983637664566908
2024-11-25,0.010240222611751733,0.010240222611751733
2024-11-26,0.009964299289570403,0.009964299289570403
2024-11-27,-0.0013837524252727695,-0.0013837524252727695
2024-11-29,0.022953780702522453,0.022953780702522453
2024-11-30,,
2024-12-02,-0.011021313087646305,-0.011021313087646305
2024-12-03,-0.00967779323461766,-0.00967779323461766
2024-12-04,0.0022298380615826943,0.0022298380615826943
2024-12-05,-0.009083552008624275,-0.009083552008624275
2024-12-06,-0.00362053999215705,-0.00362053999215705
2024-12-09,-0.021995380640983858,-0.021995380640983858
2024-12-10,-0.004889180616969739,-0.004889180616969739
2024-12-11,0.006197017122365429,0.006197017122365429
2024-12-12,-0.02349047917190453,-0.02349047917190453
2024-12-13,-0.015092053818322303,-0.015092053818322303
2024-12-16,-0.008109392058915211,-0.008109392058915211
2024-12-17,-0.015954923813240034,-0.015954923813240034
2024-12-18,-0.10211602957428946,-0.10211602957428946
2024-12-19,-0.014768722666166901,-0.014768722666166901
2024-12-20,0.039905947647670005,0.039905947647670005
2024-12-23,0.0067900523739769765,0.0067900523739769765
2024-12-24,0.03285991273063323,0.03285991273063323
2024-12-26,0.0017463778795737384,0.0017463778795737384
2024-12-27,-0.028909624347716847,-0.028909624347716847
2024-12-30,-0.03204607856039742,-0.03204607856039742
2024-12-31,0.0010207187560336817,0.0010207187560336817
2025-01-02,0.0016618481531803847,0.0016618481531803847
2025-01-03,0.026374046149395248,0.026374046149395248
2025-01-06,-0.0009168797215547345,-0.0009168797215547345
2025-01-07,-0.017097321037635237,-0.017097321037635237
2025-01-08,0.0077947173092976,0.0077947173092976
2025-01-10,-0.03667959010391322,-0.03667959010391322
2025-01-13,0.017944334065530577,0.017944334065530577
2025-01-14,0.017063084834354265,0.017063084834354265
2025-01-15,0.05257357444545026,0.05257357444545026
2025-01-16,0.02071490785104865,0.02071490785104865
2025-01-17,0.021198448822746543,0.021198448822746543
2025-01-21,0.04067885754787429,0.04067885754787429
2025-01-22,-0.011207318888025612,-0.011207318888025612
2025-01-23,0.01623650638221997,0.01623650638221997
2025-01-24,0.002139833508552373,0.002139833508552373
2025-01-27,-0.007604805714170909,-0.007604805714170909
2025-01-28,-0.005680493788258884,-0.005680493788258884
2025-01-29,-0.005926386927816693,-0.005926386927816693
2025-01-30,0.03629470214213697,0.03629470214213697
2025-01-31,-0.025865280855315507,-0.025865280855315507
2025-02-03,-0.0016004198644312241,-0.0016004198644312241
2025-02-04,0.016569387742880828,0.016569387742880828
2025-02-05,0.017952979012546524,0.017952979012546524
2025-02-06,1.0223409018542194e-05,1.0223409018542194e-05
2025-02-07,-0.021419000621019674,-0.021419000621019674
2025-02-10,0.02683182600987319,0.02683182600987319
2025-02-11,0.0033806991211948077,0.0033806991211948077
2025-02-12,-0.019652714622065626,-0.019652714622065626
2025-02-13,0.03881565045437637,0.03881565045437637
2025-02-14,-0.008556685877866762,-0.008556685877866762
2025-02-18,0.01953352316010138,0.01953352316010138
2025-02-19,0.008680301080031637,0.008680301080031637
2025-02-20,-0.0086629738287753,-0.0086629738287753
2025-02-21,-0.0410031625092343,-0.0410031625092343
2025-02-24,-0.000981546740619817,-0.000981546740619817
2025-02-25,-0.004380334819945959,-0.004380334819945959
2025-02-26,-0.0058897712522298475,-0.0058897712522298475
2025-02-27,-0.0362529204990208,-0.0362529204990208
2025-02-28,0.04943982497705116,0.02471991248852558
2025-03-03,-0.03595002569383879,-0.017975012846919394
2025-03-04,-0.050223602349252675,-0.025111801174626337
2025-03-05,0.025418712808276796,0.012709356404138398
2025-03-06,-0.04289445387616152,-0.02144722693808076
2025-03-07,0.021437389801956388,0.010718694900978194
2025-03-10,-0.0516959271412618,-0.0258479635706309
2025-03-11,-0.03287344355033761,-0.016436721775168806
2025-03-12,-0.0029592121480355106,-0.0014796060740177553
2025-03-13,-0.022971215261308475,-0.011485607630654237
2025-03-14,0.05943224200644969,0.029716121003224846
2025-03-17,0.037121107668153575,0.018560553834076787
2025-03-18,-0.02058070746623818,-0.01029035373311909
2025-03-19,0.03376167875863186,0.01688083937931593
2025-03-20,-0.006332493753808947,-0.0031662468769044737
2025-03-21,-0.011833625322926932,-0.005916812661463466
2025-03-24,0.043422278645245914,0.021711139322622957
2025-03-25,0.0003677914177881318,0.0001838957088940659
2025-03-26,-0.011621618797339315,-0.005810809398669657
2025-03-27,-0.0025083615999655466,-0.0012541807999827733
2025-03-28,-0.04251704380391496,-0.02125852190195748
2025-03-31,0.03746619739853429,0.03746619739853429
2025-04-01,0.008194890421981595,0.008194890421981595
2025-04-02,0.02226094355514408,0.02226094355514408
2025-04-03,-0.1368698835978249,-0.1368698835978249
2025-04-04,-0.20784184237821576,-0.20784184237821576
2025-04-07,-0.0396346129354275,-0.0396346129354275
2025-04-08,-0.056136909109771815,-0.056136909109771815
2025-04-09,0.2749266201012699,0.2749266201012699
2025-04-10,-0.10315752308211008,-0.10315752308211008
2025-04-11,0.06371151781401889,0.06371151781401889
2025-04-14,0.03446997341654745,0.03446997341654745
2025-04-15,-0.006336201818069183,-0.006336201818069183
2025-04-16,-0.03576365881285814,-0.03576365881285814
2025-04-17,0.019031379536398524,0.019031379536398524
2025-04-21,-0.06725800915002263,-0.06725800915002263
2025-04-22,0.07762222932115674,0.07762222932115674
2025-04-23,0.02670519406499846,0.02670519406499846
2025-04-24,0.059397013557311494,0.059397013557311494
2025-04-25,0.006799871836946754,0.006799871836946754
2025-04-28,0.01497871413187439,0.01497871413187439
2025-04-29,0.02024079808037916,0.02024079808037916
2025-04-30,-0.00746904066281287,-0.00746904066281287
2025-05-01,-0.009041222954258387,-0.009041222954258387
2025-05-02,0.045225722455899176,0.045225722455899176
2025-05-05,-0.009030386557951105,-0.009030386557951105
2025-05-06,-0.008217746549145675,-0.008217746549145675
2025-05-07,0.00765184366235861,0.00765184366235861
2025-05-08,0.007638589524725445,0.007638589524725445
2025-05-09,0.0018410108998977142,0.0018410108998977142
2025-05-12,0.06656449773883855,0.06656449773883855
2025-05-13,0.006624193039655415,0.006624193039655415
2025-05-14,-0.022816074712351093,-0.022816074712351093
2025-05-15,0.03825414530135408,0.03825414530135408
2025-05-16,0.02698636907432458,0.02698636907432458
2025-05-19,0.005756639017804366,0.005756639017804366
2025-05-20,-0.0037785249709156423,-0.0037785249709156423
2025-05-21,-0.05953741114370436,-0.05953741114370436
2025-05-22,-0.011366505461840178,-0.011366505461840178
2025-05-23,0.0023892385197741713,0.0023892385197741713
2025-05-27,0.05274739996539739,0.05274739996539739
2025-05-28,-0.028068262845062315,-0.028068262845062315
2025-05-29,0.014638797782664014,0.014638797782664014
2025-05-30,0.0018190715678250958,0.0018190715678250958
2025-05-31,,
2025-06-02,0.01856135745217366,0.01856135745217366
2025-06-03,0.014158760213558705,0.014158760213558705
2025-06-04,-0.005239808931706459,-0.005239808931706459
2025-06-05,-0.01805843473601712,-0.01805843473601712
2025-06-06,0.022775855073039593,0.022775855073039593
2025-06-09,0.002794249455615542,0.002794249455615542
2025-06-10,0.02409432204518625,0.02409432204518625
2025-06-11,-0.0008690401339824355,-0.0008690401339824355
2025-06-12,0.017144888839691206,0.017144888839691206
2025-06-13,-0.025355483007679713,-0.025355483007679713
2025-06-16,0.01284717212703213,0.01284717212703213
2025-06-17,-0.02254818608806592,-0.02254818608806592
2025-06-18,-0.004756859676943089,-0.004756859676943089
2025-06-20,0.00025995264532208904,0.00025995264532208904
2025-06-23,0.0292111155484186,0.0292111155484186
2025-06-24,0.020656140664085464,0.020656140664085464
2025-06-25,-0.017101458790329566,-0.017101458790329566
2025-06-26,0.02827611064400808,0.02827611064400808
2025-06-27,0.005299986094422586,0.005299986094422586
2025-06-30,0.01860561642419823,0.009302808212099115
2025-07-01,0.023981932924626404,0.011990966462313202
2025-07-02,0.010488497762751224,0.005244248881375612
2025-07-03,0.012658831083583868,0.006329415541791934
2025-07-07,-0.02627997415526798,-0.01313998707763399
2025-07-08,-0.00048275583386669224,-0.00024137791693334612
2025-07-09,0.015842152396682782,0.007921076198341391
2025-07-10,0.016477781665479797,0.008238890832739898
2025-07-11,-0.015367547514613882,-0.007683773757306941
2025-07-14,0.0022295174492913106,0.0011147587246456553
2025-07-15,-0.04128358661685764,-0.02064179330842882
2025-07-16,0.011700804219180929,0.0058504021095904645
2025-07-17,0.015866254014350312,0.007933127007175156
2025-07-18,0.002499499770977861,0.0012497498854889305
2025-07-21,0.009156395940450413,0.004578197970225207
2025-07-22,0.028303458604576358,0.014151729302288179
2025-07-23,0.018692199804422018,0.009346099902211009
2025-07-24,-0.010925841840574983,-0.005462920920287492
2025-07-25,0.011217885732609777,0.0056089428663048885
2025-07-28,-0.01587098717511499,-0.007935493587557496
2025-07-29,0.0016927190733273608,0.0008463595366636804
2025-07-30,-0.022703456371320714,-0.011351728185660357
2025-07-31,-0.018205611873507912,-0.009102805936753956
2025-08-01,-0.02510801710603052,-0.01255400855301526
2025-08-04,0.042232883551948944,0.021116441775974472
2025-08-05,-0.00811921405520928,-0.00405960702760464
2025-08-06,0.0012130604695214531,0.0006065302347607266
2025-08-07,-0.0007967444900029547,-0.00039837224500147736
2025-08-08,0.013132104991313162,0.006566052495656581
2025-08-11,-0.009807290890275872,-0.004903645445137936
2025-08-12,0.03112521621623688,0.01556260810811844
2025-08-13,0.030372102345566573,0.015186051172783287
2025-08-14,-0.014277558744718321,-0.0071387793723591605
2025-08-15,-0.004568564048866623,-0.0022842820244333116
2025-08-31,,
