Date,scaler,sigma
2018-06-20,2.0,0.0
2018-06-21,2.0,0.0
2018-06-22,2.0,0.0
2018-06-25,2.0,0.0
2018-06-26,2.0,0.0
2018-06-27,2.0,0.0
2018-06-28,2.0,0.0
2018-06-29,2.0,0.0
2018-07-02,2.0,0.0
2018-07-03,2.0,0.0
2018-07-05,2.0,0.0
2018-07-06,2.0,0.0
2018-07-09,2.0,0.0
2018-07-10,2.0,0.0
2018-07-11,2.0,0.0
2018-07-12,2.0,0.0
2018-07-13,2.0,0.0
2018-07-16,2.0,0.0
2018-07-17,2.0,0.0
2018-07-18,2.0,0.0
2018-07-19,2.0,0.0
2018-07-20,2.0,0.0
2018-07-23,2.0,0.0
2018-07-24,2.0,0.0
2018-07-25,2.0,0.0
2018-07-26,2.0,0.0
2018-07-27,2.0,0.0
2018-07-30,2.0,0.0
2018-07-31,2.0,0.0
2018-08-01,2.0,0.0
2018-08-02,2.0,0.0
2018-08-03,2.0,0.0
2018-08-06,2.0,0.0
2018-08-07,2.0,0.0
2018-08-08,2.0,0.0
2018-08-09,2.0,0.0
2018-08-10,2.0,0.0
2018-08-13,2.0,0.0
2018-08-14,2.0,0.0
2018-08-15,2.0,0.0
2018-08-16,2.0,0.0
2018-08-17,2.0,0.0
2018-08-20,2.0,0.0
2018-08-21,2.0,0.0
2018-08-22,2.0,0.0
2018-08-23,2.0,0.0
2018-08-24,2.0,0.0
2018-08-27,2.0,0.0
2018-08-28,2.0,0.0
2018-08-29,2.0,0.0
2018-08-30,2.0,0.0
2018-08-31,2.0,0.005740816606267499
2018-09-04,2.0,0.009886926462868852
2018-09-05,2.0,0.00989687656526852
2018-09-06,2.0,0.010901591817383205
2018-09-07,2.0,0.013709240466899975
2018-09-10,2.0,0.01450561504347502
2018-09-11,2.0,0.015364525726850367
2018-09-12,2.0,0.015893812287757395
2018-09-13,2.0,0.018942352014147564
2018-09-14,2.0,0.0188630223086583
2018-09-17,2.0,0.01943198654764585
2018-09-18,2.0,0.020811444375033298
2018-09-19,2.0,0.020495831742502135
2018-09-20,2.0,0.02803338320892462
2018-09-21,2.0,0.0276249899615757
2018-09-24,2.0,0.03000148523079888
2018-09-25,2.0,0.03008707012938219
2018-09-26,2.0,0.030686499406738548
2018-09-27,2.0,0.030358391892494622
2018-09-28,2.0,0.02988511884130366
2018-09-30,2.0,0.02941445763402547
2018-10-01,2.0,0.02956171750105787
2018-10-02,2.0,0.029909071367189868
2018-10-03,2.0,0.03015814302030985
2018-10-04,2.0,0.03347178729582947
2018-10-05,2.0,0.03420834844861924
2018-10-08,2.0,0.033680498369653956
2018-10-09,2.0,0.03381822254682746
2018-10-10,1.3524879283130213,0.07393781334871619
2018-10-11,1.202592994970872,0.08315365249771982
2018-10-12,1.1774409294609527,0.08492995062247519
2018-10-15,1.1930451912956368,0.08381912163059042
2018-10-16,1.0755048131097817,0.09297959319294329
2018-10-17,1.0917369692437329,0.09159715464181077
2018-10-18,1.0615055083311642,0.094205822970447
2018-10-19,1.0784720578006268,0.09272377460008949
2018-10-22,1.083742734277223,0.09227282161821614
2018-10-23,1.0867665517721314,0.0920160818686731
2018-10-24,0.9337217328994339,0.1070982890046648
2018-10-25,0.9074999679434923,0.11019284135801397
2018-10-26,0.8744597453818483,0.11435632174964581
2018-10-29,0.8842065217290442,0.11309575030554225
2018-10-30,0.8506798436610836,0.11755303801442915
2018-10-31,0.8564705339826778,0.11675824915422311
2018-11-01,0.8433143113423964,0.11857974975050402
2018-11-02,0.8501943407906873,0.11762016659273364
2018-11-05,0.8542092446124241,0.11706733523514193
2018-11-06,0.8598284948668059,0.11630226329669474
2018-11-07,0.8169687016170051,0.12240370996107021
2018-11-08,0.8278943302481995,0.12078836192780834
2018-11-09,0.8295759041214533,0.12054352049424955
2018-11-12,0.801799435488427,0.1247194692012768
2018-11-13,0.813832084608573,0.12287547012612163
2018-11-14,0.8229286365206846,0.12151721979538437
2018-11-15,0.8244588998293174,0.12129167387325479
2018-11-16,0.8330313214064294,0.1200435054844844
2018-11-19,0.8199748626824764,0.12195495807378619
2018-11-20,0.7861758072244895,0.12719801230343047
2018-11-21,0.7972209325958303,0.12543574298079468
2018-11-23,0.8024571770531042,0.12461724171654123
2018-11-26,0.7896085160231125,0.1266450373454089
2018-11-27,0.8019451446348038,0.12469680834034952
2018-11-28,0.7658514040798384,0.13057363277951922
2018-11-29,0.7780537032180459,0.12852583258250425
2018-11-30,0.783063475092447,0.12770356833230434
2018-12-03,0.7763327251746727,0.12881074925380775
2018-12-04,0.7103830542675633,0.14076912364288374
2018-12-06,0.720751630234005,0.13874404969092224
2018-12-07,0.698919220557851,0.14307805116617592
2018-12-10,0.7100852794138482,0.1408281552922019
2018-12-11,0.7214440359225384,0.1386108901324912
2018-12-12,0.7302026431891918,0.13694828542833762
2018-12-13,0.7416418172241894,0.13483597833557867
2018-12-14,0.7260575983092481,0.1377301198043619
2018-12-17,0.7010061279837112,0.14265210532128705
2018-12-18,0.7119785431188718,0.1404536709237655
2018-12-19,0.7054545272349724,0.14175258098059107
2018-12-20,0.6961498558176034,0.14364723222208176
2018-12-21,0.6796696328727639,0.14713030443530245
2018-12-24,0.6355432063189955,0.15734571466697014
2018-12-26,0.5364549113245516,0.1864089560725462
2018-12-27,0.540496733073817,0.18501499432068308
2018-12-28,0.549134496313305,0.18210474969495574
2018-12-31,0.5548415647229542,0.18023163071773907
2019-01-02,0.5633654824338434,0.17750466281317315
2019-01-03,0.5557100509591543,0.1799499574056655
2019-01-04,0.5226587762512744,0.1913294190087871
2019-01-07,0.5292377028806969,0.18895101285431745
2019-01-08,0.5340937629137542,0.18723304210565753
2019-01-09,0.5419131170744325,0.18453142551680451
2019-01-10,0.5499354912882111,0.1818395095136565
2019-01-11,0.558717453546979,0.17898134265388874
2019-01-14,0.5657242505720178,0.1767645631222058
2019-01-15,0.5716117431032898,0.17494392165055658
2019-01-16,0.5805431098838453,0.17225249649420168
2019-01-17,0.5860554606738381,0.1706323150457833
2019-01-18,0.5872516213096809,0.17028475762566872
2019-01-22,0.5880382599474911,0.1700569619550427
2019-01-23,0.5974076191048567,0.1673898972862749
2019-01-24,0.6068475621206942,0.16478602904910622
2019-01-25,0.6122137826984763,0.16334163461532422
2019-01-28,0.6195770088069731,0.16140043703777046
2019-01-29,0.6293245508584391,0.15890052257391452
2019-01-30,0.6251076739760091,0.15997244021009713
2019-01-31,0.6275809045796639,0.1593420055809015
2019-02-01,0.6376226292663598,0.15683257684103635
2019-02-04,0.646276073420853,0.15473263534371992
2019-02-05,0.6545964934124332,0.1527658656994887
2019-02-06,0.6638475604903907,0.1506369925139576
2019-02-07,0.6700650774429566,0.14923923565993202
2019-02-08,0.68048808910975,0.146953343637249
2019-02-11,0.6913727482322399,0.1446397768145887
2019-02-12,0.6873899436388285,0.14547783383421514
2019-02-13,0.6978429811730089,0.14329871145498854
2019-02-14,0.708761499494386,0.14109118521722425
2019-02-15,0.7062065290973613,0.14160163617832183
2019-02-19,0.7156939254908917,0.13972453368443835
2019-02-20,0.7262730661957434,0.1376892585646956
2019-02-21,0.734206953145149,0.13620137969495708
2019-02-22,0.7419177402271534,0.13478583214546527
2019-02-25,0.7537720732598604,0.13266609834392915
2019-02-26,0.7657420166629828,0.1305922854224308
2019-02-27,0.7774649784596893,0.12862315701746416
2019-02-28,0.7880870624014883,0.12688953387367669
2019-03-01,0.7990021331798426,0.12515611141364952
2019-03-04,0.8113017018440738,0.12325870853309176
2019-03-05,0.8240837568731177,0.1213468887913013
2019-03-06,0.8333308472728693,0.12000035799377481
2019-03-07,0.8395962521481307,0.11910486706455298
2019-03-08,0.8528680536823243,0.11725143129496082
2019-03-11,0.8399468051696235,0.119055158474953
2019-03-12,0.8499317016637348,0.1176565126400754
2019-03-13,0.8559725533655121,0.11682617580063764
2019-03-14,0.8677360901236095,0.11524241199389891
2019-03-15,0.8774550020046509,0.11396595810786656
2019-03-18,0.888788365775733,0.11251272389543508
2019-03-19,0.9027878230720219,0.11076799824317335
2019-03-20,0.9172091092920781,0.10902639211377019
2019-03-21,0.9103922626351734,0.1098427613065881
2019-03-22,0.8744075605469104,0.11436314656000185
2019-03-25,0.8882725803918514,0.11257805566382127
2019-03-26,0.8926905058359151,0.11202090684986062
2019-03-27,0.9035498615312699,0.11067457841289174
2019-03-28,0.9169950467038911,0.1090518431472959
2019-03-29,0.9233591951085257,0.10830021570126526
2019-03-31,0.9381338803646116,0.10659459389861752
2019-04-01,0.9364675323420598,0.10678426805668838
2019-04-02,0.9514518003861039,0.10510253904550867
2019-04-03,0.9666341293831829,0.10345175797156139
2019-04-04,0.9772126846151411,0.10233186856286391
2019-04-05,0.9848184432249227,0.10154155894210949
2019-04-08,1.0005172178001553,0.09994830495758059
2019-04-09,1.010770861049441,0.0989343914170361
2019-04-10,1.0247004714770513,0.09758949349935919
2019-04-11,1.0408666358781489,0.09607378750845724
2019-04-12,1.046250772271769,0.09557937986785493
2019-04-15,1.06259477041616,0.09410925291946948
2019-04-16,1.0794408939680409,0.09264055175119269
2019-04-17,1.0947326659441532,0.09134650231137016
2019-04-18,1.1111394081848565,0.08999770799539795
2019-04-22,1.1287554872860024,0.08859314628045938
2019-04-23,1.127538952375692,0.08868873202943711
2019-04-24,1.1449901795682564,0.08733699361308687
2019-04-25,1.1614790299169193,0.08609712050260004
2019-04-26,1.1668385201609244,0.08570166160284845
2019-04-29,1.1854888297500679,0.08435338865325508
2019-04-30,1.199459594833722,0.08337087837782708
2019-05-01,1.1726978719060195,0.08527345567487654
2019-05-02,1.1850933814784717,0.08438153614126534
2019-05-03,1.1587401946006828,0.08630062240523323
2019-05-06,1.1692235023270812,0.08552684734866524
2019-05-07,1.1110252588349854,0.09000695457172542
2019-05-08,1.1264730528430635,0.08877265172709965
2019-05-09,1.1421160533635566,0.08755677648124972
2019-05-10,1.1414413862906938,0.08760852830557236
2019-05-13,1.027012630611266,0.09736978593971252
2019-05-14,1.029063799126029,0.09717570483475248
2019-05-15,1.0363103216994207,0.09649619221780245
2019-05-16,1.0342546859304114,0.09668798349222892
2019-05-17,1.039027449772722,0.0962438480541338
2019-05-20,1.0445026179079642,0.09573934836112728
2019-05-21,1.0388451495031197,0.0962607372694863
2019-05-22,1.0525920768276216,0.09500356520009848
2019-05-23,1.0393191489142637,0.09621683590114366
2019-05-24,1.055002862899525,0.0947864726406185
2019-05-28,1.0455820670264755,0.09564050795590766
2019-05-29,1.0491975777259628,0.09531093296721159
2019-05-30,1.0633620115908413,0.0940413508381733
2019-05-31,1.0519698233836425,0.09505976100944774
2019-06-03,1.0615652342828943,0.09420052274748027
2019-06-04,0.9703027269174309,0.10306061935710671
2019-06-05,0.973877064065021,0.10268236483832369
2019-06-06,0.9708918515513154,0.10299808350458137
2019-06-07,0.9631991127408661,0.1038206936418799
2019-06-10,0.9784041771275381,0.10220724965993751
2019-06-11,0.994016995282021,0.10060190165222291
2019-06-12,1.0098872444169098,0.09902095560949296
2019-06-13,1.0150944484404778,0.09851300059184957
2019-06-14,1.0312317388044694,0.09697141412262224
2019-06-17,1.047729366139442,0.09544449476344163
2019-06-18,1.0364110650363914,0.09648681239860046
2019-06-19,1.0508690505129157,0.09515933498202396
2019-06-20,1.014779953505339,0.09854353119074882
2019-06-21,1.0308396594225424,0.09700829715459161
2019-06-24,1.047131070235521,0.09549902857672629
2019-06-25,1.04813355842575,0.09540768845355505
2019-06-26,1.0594825518301205,0.0943856978364229
2019-06-27,1.0715642615984868,0.09332151470862493
2019-06-28,1.0738464783672137,0.09312318102681703
2019-06-30,1.0910291130507481,0.09165658258227305
2019-07-01,1.1023805737332557,0.09071277413874052
2019-07-02,1.1103086051919464,0.09006504996213403
2019-07-03,1.1032344305122919,0.09064256628898407
2019-07-05,1.1147741915686693,0.08970426545243543
2019-07-08,1.1235746217792255,0.08900165423961427
2019-07-09,1.1415495625400967,0.08760022629020764
2019-07-10,1.1493428858371257,0.08700623741814424
2019-07-11,1.167570572924511,0.08564792768759297
2019-07-12,1.1719458413755217,0.08532817513361304
2019-07-15,1.1906519241813904,0.0839876020598993
2019-07-16,1.2023286339299253,0.08317193584015421
2019-07-17,1.2133542033715838,0.08241616481166587
2019-07-18,1.2214160465109798,0.08187218457269635
2019-07-19,1.2198601922330328,0.08197660734952221
2019-07-22,1.2385793964422689,0.08073765822945456
2019-07-23,1.2405842339370088,0.08060718270024182
2019-07-24,1.2498286277133481,0.08001096933021709
2019-07-25,1.2516162691810102,0.07989669235079101
2019-07-26,1.2501392962454014,0.07999108603363995
2019-07-29,1.2696339636564113,0.07876285832178796
2019-07-30,1.2899310128415225,0.0775235256804278
2019-07-31,1.2433189153985726,0.08042988710418103
2019-08-01,1.254168290758961,0.0797341160168265
2019-08-02,1.252215338775675,0.07985846914938187
2019-08-05,1.0327034841988847,0.09683321643634676
2019-08-06,1.000927940299562,0.0999072919975354
2019-08-07,1.0136277493240176,0.09865554693691982
2019-08-08,0.935756366830519,0.10686542303602799
2019-08-09,0.939228829460402,0.106470326360671
2019-08-12,0.9372957222802086,0.10668991399717982
2019-08-13,0.9222659827533851,0.10842858987540052
2019-08-14,0.8166922915388328,0.12244513758245154
2019-08-15,0.8264540168470734,0.12099886740402152
2019-08-16,0.8156279567071725,0.12260491953183761
2019-08-19,0.8157720357236969,0.1225832654477876
2019-08-20,0.8244387184318077,0.12129464296656679
2019-08-21,0.831197779354485,0.12030830986779202
2019-08-22,0.8441261599771559,0.11846570422921883
2019-08-23,0.790514634605462,0.1264998718839772
2019-08-26,0.791023707874028,0.12641846129841305
2019-08-27,0.8036688581697872,0.12442935791705581
2019-08-28,0.80897369919307,0.12361341301917153
2019-08-29,0.8038386690856415,0.12440307221565866
2019-08-30,0.8166692231108142,0.1224485962861257
2019-08-31,0.8297367604177626,0.12052015141483088
2019-09-03,0.8416163080013058,0.118818990375178
2019-09-04,0.8341207288136157,0.11988672208426199
2019-09-05,0.8417560109248741,0.11879927045620457
2019-09-06,0.8550219884753001,0.1169560565083512
2019-09-09,0.8686403415282994,0.11512244506634178
2019-09-10,0.8825315002744537,0.11331040304952462
2019-09-11,0.8869293294290179,0.11274855468403261
2019-09-12,0.900160412568937,0.11109131061941885
2019-09-13,0.9135563759748347,0.10946231960046508
2019-09-16,0.9281376589608082,0.10774263821162613
2019-09-17,0.941037260887711,0.10626571779492212
2019-09-18,0.9560947794737567,0.10459214101664788
2019-09-19,0.9712883436299429,0.10295603839563797
2019-09-20,0.9864932716953729,0.10136916578066617
2019-09-23,1.0022054010668922,0.0997799452023962
2019-09-24,1.0110998482956293,0.09890220057748601
2019-09-25,1.026578677593625,0.09741094587548543
2019-09-26,1.0418281415909658,0.09598512077749306
2019-09-27,1.052653575613586,0.09499801484235737
2019-09-30,1.0673052888924202,0.09369390467817647
2019-10-01,1.0338167404011935,0.09672894246343214
2019-10-02,0.9718384686491934,0.1028977584505324
2019-10-03,0.9694040334397145,0.10315616249828491
2019-10-04,0.9418058695554797,0.10617899424134904
2019-10-07,0.9473789084780256,0.10555438706214293
2019-10-08,0.9177102379482251,0.1089668567102133
2019-10-09,0.9177933770161395,0.10895698585787626
2019-10-10,0.9285990171176197,0.10768910816899308
2019-10-11,0.9270661727896939,0.1078671651874468
2019-10-14,0.9415778177627777,0.10620471097928322
2019-10-15,0.9476966854951956,0.10551899308136492
2019-10-16,0.9627461441331634,0.10386954090586145
2019-10-17,0.9760020869260766,0.1024587973115411
2019-10-18,0.9883240531000184,0.10118138851962152
2019-10-21,0.9977314575346822,0.10022737004513452
2019-10-22,1.0136961231747095,0.09864889261568688
2019-10-23,1.0249537324354352,0.09756537962195215
2019-10-24,1.0411195608291304,0.09605044777024616
2019-10-25,1.0547341968097212,0.09481061702794155
2019-10-28,1.071455455205047,0.09333099151645344
2019-10-29,1.0885020739336166,0.09186937020581055
2019-10-30,1.1005753408771701,0.09086156693307244
2019-10-31,1.1179933460266698,0.0894459706360493
2019-11-01,1.1020279818254335,0.09074179753072775
2019-11-04,1.1164335305342963,0.0895709393036078
2019-11-05,1.1301248294129955,0.08848580032697942
2019-11-06,1.1481457011161962,0.08709695982207025
2019-11-07,1.1661938659593234,0.08574903617567818
2019-11-08,1.1848471110834322,0.08439907483806862
2019-11-11,1.199809375443967,0.08334657325293601
2019-11-12,1.2160970975672225,0.0822302760199395
2019-11-13,1.234737652714211,0.08098886413658735
2019-11-14,1.248187545755167,0.08011616550740291
2019-11-15,1.25096736653297,0.07993813641769723
2019-11-18,1.2709513300501682,0.07868121904876775
2019-11-19,1.2904076219836538,0.07749489254122427
2019-11-20,1.3102999188144853,0.07631840509497749
2019-11-21,1.330232450654587,0.07517483124907345
2019-11-22,1.349200596513095,0.0741179630800952
2019-11-25,1.3500304645613086,0.07407240253092728
2019-11-26,1.3652066222159078,0.07324898544491895
2019-11-27,1.3798037603603355,0.07247407412042783
2019-11-29,1.393581122891672,0.07175757360468592
2019-11-30,1.4158798367384837,0.07062746244790986
2019-12-02,1.3804059340610213,0.07244245879602215
2019-12-03,1.3923821720893579,0.07181936253172766
2019-12-04,1.3898810248167954,0.07194860438732971
2019-12-05,1.4114756573302305,0.07084783891289163
2019-12-06,1.3949166714985002,0.07168887005456334
2019-12-09,1.412494464660925,0.07079673761695442
2019-12-10,1.4346554526740407,0.0697031470612759
2019-12-11,1.4418249619052959,0.06935654648942634
2019-12-12,1.4301233426090485,0.06992403873190742
2019-12-13,1.4520051421126015,0.0688702795187795
2019-12-16,1.4431305118102313,0.0692938020377396
2019-12-17,1.465982875330415,0.06821362082927551
2019-12-18,1.4893703969295196,0.06714246516928202
2019-12-19,1.499189734852564,0.06670269791423991
2019-12-20,1.495312194860934,0.06687566672944852
2019-12-23,1.518532818369775,0.06585303840015475
2019-12-24,1.540521188524509,0.06491309612935522
2019-12-26,1.538224025658345,0.0650100364653978
2019-12-27,1.562599851891927,0.06399591032785804
2019-12-30,1.561864349856406,0.06402604682614964
2019-12-31,1.5821376002077905,0.06320562761852476
2020-01-02,1.5564028092670041,0.06425071928975476
2020-01-03,1.5669409982489704,0.06381861225901185
2020-01-06,1.57831594239604,0.0633586706652599
2020-01-07,1.5964135378376947,0.0626404109147356
2020-01-08,1.6199184678536367,0.06173150191472181
2020-01-09,1.6063173170092322,0.06225420030096411
2020-01-10,1.628078955252488,0.06142208255771703
2020-01-13,1.6219918132480564,0.061652592314722546
2020-01-14,1.6479425589479295,0.060681726712514455
2020-01-15,1.6523004787238373,0.06052167949333012
2020-01-16,1.6258026899800901,0.061508078819345925
2020-01-17,1.6464326364631765,0.06073737715429244
2020-01-21,1.663890414990016,0.060100111821727184
2020-01-22,1.6902961908697784,0.05916122898469223
2020-01-23,1.7129737339225795,0.05837801130260627
2020-01-24,1.6681466270750365,0.05994676869343441
2020-01-27,1.512316127866613,0.06612374103360752
2020-01-28,1.4934777005440583,0.06695781260314168
2020-01-29,1.5168990178472994,0.06592396647597186
2020-01-30,1.5340023403697864,0.0651889487834119
2020-01-31,1.3503398144879712,0.07405543325249468
2020-02-03,1.3537323761956732,0.07386984440826114
2020-02-04,1.3204990750606058,0.07572894361581464
2020-02-05,1.2472626177841204,0.08017557695881196
2020-02-06,1.2641957625973061,0.07910167314162543
2020-02-07,1.275117493246739,0.07842414564118108
2020-02-10,1.2794927184033569,0.07815597428704964
2020-02-11,1.2963432709893736,0.07714006177058308
2020-02-12,1.2965734123028427,0.0771263694374159
2020-02-13,1.3171315294995687,0.07592256184011785
2020-02-14,1.336195079661828,0.0748393715274783
2020-02-18,1.3575701520361148,0.07366101843799211
2020-02-19,1.3668254397609831,0.07316223205319256
2020-02-20,1.3874936793155879,0.07207240039416052
2020-02-21,1.3841982136200777,0.07224398862535096
2020-02-24,1.0257097991524697,0.09749346265642453
2020-02-25,0.8139636361341215,0.12285561118546386
2020-02-26,0.8194064421339136,0.12203955797513398
2020-02-27,0.6436551489233808,0.15536269719471127
2020-02-28,0.6407812456237839,0.1560594987493003
2020-02-29,0.6510343965884865,0.1536017152457909
2020-03-02,0.5416049027729225,0.18463643790522846
2020-03-03,0.5330801484099307,0.18758905259983813
2020-03-04,0.5,0.20773243953147402
2020-03-05,0.5,0.21467846943410573
2020-03-06,0.5,0.21403170219478782
2020-03-09,0.5,0.284418133487508
2020-03-10,0.5,0.2928973970916412
2020-03-11,0.5,0.3143338834277875
2020-03-12,0.5,0.3915296495650104
2020-03-13,0.5,0.4277822310306767
2020-03-16,0.5,0.4929862204722864
2020-03-17,0.5,0.501418030214596
2020-03-18,0.5,0.5179426249714015
2020-03-19,0.5,0.5100242392062498
2020-03-20,0.5,0.5076319841463517
2020-03-23,0.5,0.5035916842871273
2020-03-24,0.5,0.5530009733064692
2020-03-25,0.5,0.5457542877136499
2020-03-26,0.5,0.5562482038351407
2020-03-27,0.5,0.551754228408412
2020-03-30,0.5,0.5473926068881239
2020-03-31,0.5,0.5405832753115114
2020-04-01,0.5,0.539123881538529
2020-04-02,0.5,0.5343356863465963
2020-04-03,0.5,0.5268381335053594
2020-04-06,0.5,0.5400062168774088
2020-04-07,0.5,0.5315037906777784
2020-04-08,0.5,0.5285957019262207
2020-04-09,0.5,0.5226102280183705
2020-04-13,0.5,0.5150523549015107
2020-04-14,0.5,0.5101863484723248
2020-04-15,0.5,0.504492076605879
2020-04-16,0.5,0.4965516904417787
2020-04-17,0.5,0.4930620924187832
2020-04-20,0.5,0.48685528790720756
2020-04-21,0.5,0.4823027413336708
2020-04-22,0.5,0.4771864554101261
2020-04-23,0.5,0.4697537788907493
2020-04-24,0.5,0.4630771723774453
2020-04-27,0.5,0.4565621369769274
2020-04-28,0.5,0.4494473577457249
2020-04-29,0.5,0.445357174280742
2020-04-30,0.5,0.4402902778438422
2020-05-01,0.5,0.43645490672531134
2020-05-04,0.5,0.4296709536051246
2020-05-05,0.5,0.4230682783280785
2020-05-06,0.5,0.4180053279699304
2020-05-07,0.5,0.4131581550698476
2020-05-08,0.5,0.40850401936902864
2020-05-11,0.5,0.40230597766111764
2020-05-12,0.5,0.3973966469339864
2020-05-13,0.5,0.392806364944157
2020-05-14,0.5,0.38784068074184397
2020-05-15,0.5,0.3818154210316068
2020-05-18,0.5,0.38250274701446857
2020-05-19,0.5,0.37715823114796376
2020-05-20,0.5,0.3732403855299821
2020-05-21,0.5,0.36785125784846373
2020-05-22,0.5,0.36212847832866235
2020-05-26,0.5,0.35744282333770283
2020-05-27,0.5,0.35355394846573923
2020-05-28,0.5,0.3479923412636402
2020-05-29,0.5,0.34265344848636603
2020-05-31,0.5,0.33725699392986835
2020-06-01,0.5,0.33220306154097967
2020-06-02,0.5,0.32747116005604626
2020-06-03,0.5,0.32322343477751186
2020-06-04,0.5,0.31818883855994545
2020-06-05,0.5,0.31706037782108687
2020-06-08,0.5,0.3145969678562815
2020-06-09,0.5,0.31041470782595043
2020-06-10,0.5,0.30592849327737665
2020-06-11,0.5,0.3257719819193137
2020-06-12,0.5,0.3215104978107607
2020-06-15,0.5,0.31706297931863925
2020-06-16,0.5,0.3137793544960555
2020-06-17,0.5,0.3090696245379806
2020-06-18,0.5,0.3042569315017755
2020-06-19,0.5,0.2997243876907306
2020-06-22,0.5,0.2951838723069894
2020-06-23,0.5,0.2905778826041735
2020-06-24,0.5,0.2911565894005869
2020-06-25,0.5,0.2872457614176309
2020-06-26,0.5,0.2863937157636052
2020-06-29,0.5,0.28418360535313464
2020-06-30,0.5,0.280953211614102
2020-07-01,0.5,0.2766090594686228
2020-07-02,0.5,0.27261196242257546
2020-07-06,0.5,0.2694880622346936
2020-07-07,0.5,0.2656045184635839
2020-07-08,0.5,0.26156058603109755
2020-07-09,0.5,0.25827534508235567
2020-07-10,0.5,0.2560781446515939
2020-07-13,0.5,0.25218110174180725
2020-07-14,0.5,0.2508370192077434
2020-07-15,0.5,0.24798898006212966
2020-07-16,0.5,0.24408617104692876
2020-07-17,0.5,0.24042984983568055
2020-07-20,0.5,0.23664354529589565
2020-07-21,0.5,0.2340999302087698
2020-07-22,0.5,0.23117961089046088
2020-07-23,0.5,0.2276464477403336
2020-07-24,0.5,0.22420419072311332
2020-07-27,0.5,0.2211080437045484
2020-07-28,0.5,0.21776563189047313
2020-07-29,0.5,0.215816546620573
2020-07-30,0.5,0.21308548694435037
2020-07-31,0.5,0.2099563027976028
2020-08-03,0.5,0.20667837573668463
2020-08-04,0.5,0.2049989016859838
2020-08-05,0.5,0.20210043980359882
2020-08-06,0.5012911176486476,0.1994848830935989
2020-08-07,0.509245347700745,0.19636900062318174
2020-08-10,0.5164160066516449,0.19364233236762604
2020-08-11,0.5158219797153417,0.19386533325932598
2020-08-12,0.5216790024702637,0.1916887578884299
2020-08-13,0.5300133816661589,0.18867448154919852
2020-08-14,0.5384547257149302,0.1857166354464167
2020-08-17,0.5460506286067451,0.18313320187022078
2020-08-18,0.5545885117422672,0.1803138685398388
2020-08-19,0.5594950798427788,0.17873258157712585
2020-08-20,0.5684378361524283,0.17592073159110527
2020-08-21,0.5775010074283154,0.17315987108890524
2020-08-24,0.5809682072590675,0.1721264584714317
2020-08-25,0.590205319737151,0.16943256296729958
2020-08-26,0.5980344416275557,0.16721444960234927
2020-08-27,0.6071065150767077,0.16471574182887008
2020-08-28,0.611982191716306,0.16340344760613
2020-08-31,0.6209327072796135,0.16104804728053856
2020-09-01,0.627756771443612,0.15929736571385192
2020-09-02,0.6228865024677778,0.16054289120701096
2020-09-03,0.5964131514882308,0.16766900553830819
2020-09-04,0.6023775614368201,0.16600883964116322
2020-09-08,0.5904014582982424,0.16937627540459904
2020-09-09,0.5852557537831445,0.17086547095622936
2020-09-10,0.5832842774429376,0.17144298906596697
2020-09-11,0.5918949189105056,0.1689489076609559
2020-09-14,0.5934337885554326,0.16851079586052087
2020-09-15,0.6026504955823627,0.16593365596317386
2020-09-16,0.6122578756719748,0.16332987124134002
2020-09-17,0.6199011574508544,0.16131604014294484
2020-09-18,0.6229003258618884,0.16053932844172625
2020-09-21,0.6138776469320043,0.1628989107190548
2020-09-22,0.622010567860321,0.16076897269445758
2020-09-23,0.6001555447038448,0.16662347100258218
2020-09-24,0.6087804062649544,0.16426284251414924
2020-09-25,0.6113023816173608,0.16358516342668872
2020-09-28,0.6075914036827795,0.16458429035347166
2020-09-29,0.6159488024788212,0.16235115580639253
2020-09-30,0.6239170063602454,0.16027772761536282
2020-10-01,0.6335805763386577,0.1578331213653693
2020-10-02,0.6433189144506898,0.15544389843626302
2020-10-05,0.637880700217816,0.1567691262109877
2020-10-06,0.6379596473901927,0.15674972611369165
2020-10-07,0.6326886988797534,0.15805561277933566
2020-10-08,0.6312527479803186,0.15841515196559244
2020-10-09,0.6381227850485366,0.15670965266095904
2020-10-12,0.6398223628684288,0.15629338048092534
2020-10-13,0.6453750751215795,0.15494865521597873
2020-10-14,0.654944521990556,0.15268468800391305
2020-10-15,0.6654109950859595,0.15028305924984264
2020-10-16,0.6760522645414256,0.14791755792406258
2020-10-19,0.669141566697916,0.14944520707849704
2020-10-20,0.6782766307801534,0.1474324714460235
2020-10-21,0.688512033216785,0.14524074406193274
2020-10-22,0.6943358453440285,0.1440225226316123
2020-10-23,0.7040933624842088,0.1420266193778283
2020-10-26,0.6868830281441952,0.14558519559025604
2020-10-27,0.6959529443096305,0.1436878754772677
2020-10-28,0.6179599481393042,0.1618227852809927
2020-10-29,0.6223461997173768,0.16068226984500353
2020-10-30,0.6285422111890993,0.15909830432997704
2020-10-31,0.6385995251679691,0.15659266262952085
2020-11-02,0.6238281719832044,0.1603005514837383
2020-11-03,0.6172740204093498,0.16200260612569484
2020-11-04,0.6170995766747983,0.16204840155432226
2020-11-05,0.6020972559396229,0.16608612481374238
2020-11-06,0.6110057138705202,0.16366459057564767
2020-11-09,0.6008177618952475,0.16643981976257718
2020-11-10,0.6074585223184357,0.1646202931162089
2020-11-11,0.6169855440169815,0.16207835170486212
2020-11-12,0.620857903180308,0.16106745116355273
2020-11-13,0.6128716834713538,0.16316629189586976
2020-11-16,0.6063444686510058,0.16492275458944955
2020-11-17,0.6149542971172611,0.16261371043144648
2020-11-18,0.6141499156774589,0.16282669336474892
2020-11-19,0.6230092998075784,0.1605112476344829
2020-11-20,0.6321917459964002,0.15817985703433943
2020-11-23,0.6376207039622515,0.15683305039906645
2020-11-24,0.6307543379245909,0.1585403285993023
2020-11-25,0.6395404976523412,0.15636226379265308
2020-11-27,0.649761331971283,0.1539026640699198
2020-11-30,0.6513563542281576,0.15352579175879494
2020-12-01,0.6547741649288165,0.15272441302089473
2020-12-02,0.6643857233719584,0.1505149741816693
2020-12-03,0.6748807570845745,0.14817432405687667
2020-12-04,0.6791315473740633,0.14724687784960216
2020-12-07,0.689958846797746,0.14493618056225016
2020-12-08,0.6993488809482784,0.142990148013686
2020-12-09,0.7067857866368769,0.1414855843038857
2020-12-10,0.7179709381249644,0.1392814035915682
2020-12-11,0.7291726812759476,0.13714172591465487
2020-12-14,0.7322208187798117,0.1365708232205718
2020-12-15,0.7214203175782067,0.1386154472827962
2020-12-16,0.7328898917115703,0.13644614440849068
2020-12-17,0.7405758958854443,0.13503004966214627
2020-12-18,0.7509287893564787,0.13316841945252456
2020-12-21,0.7577941292317939,0.13196196188716056
2020-12-22,0.7663718790071996,0.13048495481011846
2020-12-23,0.7763720269316245,0.12880422855421483
2020-12-24,0.7869682075962452,0.12706993628808078
2020-12-28,0.796309177562275,0.1255793639175778
2020-12-29,0.8086039805365072,0.12366993288067937
2020-12-30,0.8177890995550919,0.1222809157696083
2020-12-31,0.8250672318374891,0.12120224406111997
2021-01-04,0.8231056427510204,0.1214910879067425
2021-01-05,0.8233775489757381,0.12145096757179935
2021-01-06,0.8174603901622727,0.12233008620778454
2021-01-07,0.820729075562121,0.12184288698619523
2021-01-08,0.8338434245879016,0.11992659179320334
2021-01-11,0.8437312588301628,0.11852115108150724
2021-01-12,0.8543976963767166,0.11704151406783349
2021-01-13,0.8675324244608034,0.11526946680079758
2021-01-14,0.8809417600241586,0.11351488207036257
2021-01-15,0.88029515051711,0.11359826297038805
2021-01-19,0.883636907689629,0.11316865460210528
2021-01-20,0.8745650614147725,0.11434255084262263
2021-01-21,0.8812802874760765,0.11347127743704881
2021-01-22,0.8928050089143231,0.11200654006366173
2021-01-25,0.9032793142805391,0.1107077272987812
2021-01-26,0.9139194143701179,0.10941883762139025
2021-01-27,0.8197990789950557,0.12198110800829909
2021-01-28,0.81965012471496,0.12200327552536616
2021-01-29,0.7798140677414267,0.12823569634955384
2021-01-31,0.7922918851175708,0.12621611034822183
2021-02-01,0.7822646377546872,0.12783397736989272
2021-02-02,0.7789563278788073,0.1283769017864097
2021-02-03,0.7904409892250356,0.12651165787599405
2021-02-04,0.7980404600617006,0.12530692991714792
2021-02-05,0.8043631978944328,0.12432194842052474
2021-02-08,0.8035614292680201,0.12444599299781221
2021-02-09,0.8162769452538456,0.12250744135484805
2021-02-10,0.8280320598186702,0.12076827076224426
2021-02-11,0.8395406090128983,0.11911276110583431
2021-02-12,0.8511961837521244,0.11748172972204121
2021-02-16,0.8635718148502223,0.1157981285173648
2021-02-17,0.8768536865746124,0.11404411195514876
2021-02-18,0.8860015203019843,0.1128666234860591
2021-02-19,0.8999258693666811,0.111120263795033
2021-02-22,0.9138729000303475,0.10942440682580613
2021-02-23,0.9270116834215602,0.10787350557536052
2021-02-24,0.9251969017124697,0.10808510038772022
2021-02-25,0.8345265086501531,0.11982842841235809
2021-02-26,0.8380958208965329,0.11931809884581861
2021-02-28,0.8515062055375089,0.1174389562280119
2021-03-01,0.7987480125773052,0.1251959296616362
2021-03-02,0.8091002021723113,0.12359408603719932
2021-03-03,0.805579339391889,0.12413426599978027
2021-03-04,0.8024399658447882,0.12461991458105227
2021-03-05,0.760025851281101,0.13157447188334426
2021-03-08,0.7721503105821729,0.1295084630926376
2021-03-09,0.7664178754950915,0.13047712376933
2021-03-10,0.7646297483108839,0.13078225143725627
2021-03-11,0.7737579917743439,0.12923937595873472
2021-03-12,0.7857407682495857,0.1272684376843173
2021-03-15,0.7931630522851715,0.1260774814357418
2021-03-16,0.8024583220972373,0.12461706389765943
2021-03-17,0.8145413246841725,0.12276847959650625
2021-03-18,0.8004959540995044,0.12492255518329536
2021-03-19,0.8131010997472065,0.12298593622747535
2021-03-22,0.8230498585788121,0.12149932225572989
2021-03-23,0.8280053332176799,0.12077216895619963
2021-03-24,0.8411551053277933,0.11888413845034036
2021-03-25,0.8482461805438578,0.11789030389253795
2021-03-26,0.830875359655316,0.12035499529253635
2021-03-29,0.8435717962152508,0.11854355544917176
2021-03-30,0.8541205372119798,0.11707949363496165
2021-03-31,0.8668375541646162,0.1153618685756773
2021-04-01,0.8573254466332468,0.11664181950122234
2021-04-05,0.8537976164543573,0.11712377508768304
2021-04-06,0.8666402132669487,0.11538813739444755
2021-04-07,0.8796932647955278,0.11367598684894284
2021-04-08,0.8912878449617964,0.1121971993282219
2021-04-09,0.9032962619173039,0.11070565020134548
2021-04-12,0.9177435992654154,0.1089628956061829
2021-04-13,0.9298922206218811,0.1075393446491286
2021-04-14,0.9447680474481097,0.105846085999741
2021-04-15,0.9272160123842483,0.10784973368056863
2021-04-16,0.938593935444041,0.10654234618796128
2021-04-19,0.9473315291629706,0.10555966620086693
2021-04-20,0.9556943151978126,0.10463596822724816
2021-04-21,0.9466241202304041,0.10563855057449884
2021-04-22,0.941985835853178,0.1061587087553474
2021-04-23,0.9412101891506739,0.10624619362677923
2021-04-26,0.9562361780110755,0.10457667498838531
2021-04-27,0.9711374371368672,0.10297203688781953
2021-04-28,0.9838783511959803,0.10163858151614197
2021-04-29,0.9853696114947176,0.10148476148793441
2021-04-30,0.9901099538564951,0.10099888361943873
2021-05-03,0.9908844802750411,0.10091993768258725
2021-05-04,1.0053201658851276,0.09947079884939507
2021-05-05,1.0185660777905094,0.09817723383928284
2021-05-06,1.0061745930163628,0.09938632986171395
2021-05-07,1.0049343184869575,0.09950899094635492
2021-05-10,1.0125489019349418,0.09876066213582757
2021-05-11,0.9976908038301613,0.10023145408988172
2021-05-12,0.9140385594797545,0.10940457485395062
2021-05-13,0.901911475109715,0.11087562666594887
2021-05-14,0.8672617345447257,0.11530544473116368
2021-05-17,0.8809903230326651,0.11350862476646323
2021-05-18,0.8809631516589155,0.11351212569072042
2021-05-19,0.8884545216412048,0.11255500148198266
2021-05-20,0.886152965848319,0.11284733432480189
2021-05-21,0.8999545214108522,0.11111672603547869
2021-05-24,0.9009734443695873,0.11099106263888853
2021-05-25,0.9138650307681139,0.1094253490758355
2021-05-26,0.9278421202075198,0.10777695668486591
2021-05-27,0.9422248234060889,0.1061317824747025
2021-05-28,0.9567579783428676,0.10451964056072247
2021-05-31,0.9720670780639176,0.10287355909550161
2021-06-01,0.9866844851456376,0.1013495210530646
2021-06-02,1.0012460536262597,0.09987554970911028
2021-06-03,1.0134476230691556,0.09867308159168302
2021-06-04,1.007127983627091,0.09929224649270293
2021-06-07,1.022302208529567,0.09781843291117942
2021-06-08,1.038654938313095,0.09627836571249782
2021-06-09,1.0546258500148924,0.09482035737943263
2021-06-10,1.0666756260815975,0.09374921255803619
2021-06-11,1.0837367279685242,0.09227333301460684
2021-06-14,1.098658557644309,0.09102008927542986
2021-06-15,1.1162218555060197,0.08958792511249186
2021-06-16,1.1022199410128442,0.09072599422226811
2021-06-17,1.1006454279274134,0.09085578103777388
2021-06-18,1.050649122810638,0.09517925426186583
2021-06-21,0.9950083042561845,0.10050167377724019
2021-06-22,1.0075909058710095,0.09924662818741427
2021-06-23,1.022063042237157,0.09784132276333327
2021-06-24,1.0280600063583807,0.0972705867182038
2021-06-25,1.0400090351298148,0.09615301081256272
2021-06-28,1.056624213206726,0.0946410263460764
2021-06-29,1.0694283931616078,0.09350789696574702
2021-06-30,1.0811103882760345,0.0924974924711088
2021-07-01,1.079969474090254,0.09259520977131148
2021-07-02,1.0864267646785688,0.09204486050156
2021-07-06,1.0939889763949087,0.09140859931654555
2021-07-07,1.1053143026806918,0.09047200398789056
2021-07-08,1.0966072042662478,0.09119035476965623
2021-07-09,1.0708367188722914,0.0933849187626952
2021-07-12,1.0851481168014712,0.0921533184748595
2021-07-13,1.0885305925296813,0.09186696330472979
2021-07-14,1.1056405693603273,0.09044530634205598
2021-07-15,1.1232415753161902,0.08902804365289828
2021-07-16,1.1097827282198534,0.09010772780759074
2021-07-19,1.0495837689010972,0.09527586359752772
2021-07-20,1.0175247490439696,0.0982777078335996
2021-07-21,1.0199101108254787,0.09804785631457619
2021-07-22,1.0359684614167046,0.096528035094088
2021-07-23,1.0331721189034144,0.09678929402986383
2021-07-26,1.044870172127894,0.09570567010861118
2021-07-27,1.0614167415920392,0.09421370144398523
2021-07-28,1.078356006241592,0.0927337534368926
2021-07-29,1.0831178052726487,0.09232606048316917
2021-07-30,1.089835788185786,0.09175694272846989
2021-07-31,1.1072742680715804,0.09031186119240284
2021-08-02,1.124041997795646,0.08896464740295255
2021-08-03,1.1142883017122929,0.08974338135501653
2021-08-04,1.108365839612593,0.09022291776418605
2021-08-05,1.1151104876797184,0.08967721235236195
2021-08-06,1.1328743178041984,0.08827104510041829
2021-08-09,1.145310069262043,0.08731260004064484
2021-08-10,1.1519340675712395,0.08681052398323628
2021-08-11,1.1512875888455847,0.08685927041068138
2021-08-12,1.169058119166579,0.08553894657631732
2021-08-13,1.1820689865969505,0.08459743139686733
2021-08-16,1.2004102488737773,0.08330485356470409
2021-08-17,1.197667291950641,0.0834956424643859
2021-08-18,1.1694900469714251,0.08550735447382851
2021-08-19,1.185789390490919,0.08433200769202348
2021-08-20,1.182902752716168,0.08453780310374723
2021-08-23,1.1618903367331377,0.08606664229704146
2021-08-24,1.1793861022336678,0.08478987484302858
2021-08-25,1.1970084178911862,0.08354160129982519
2021-08-26,1.1979301932324609,0.08347731826523451
2021-08-27,1.1543205209889844,0.08663105106571548
2021-08-30,1.1725902043289205,0.08528128550863218
2021-08-31,1.1898849559390894,0.08404173823769148
2021-09-01,1.208924203867444,0.0827181718093592
2021-09-02,1.2087450283640422,0.08273043334485809
2021-09-03,1.2241207540832135,0.08169128712705592
2021-09-07,1.2033170126938861,0.08310362019741441
2021-09-08,1.2225696617444497,0.08179493007974112
2021-09-09,1.240905129953414,0.08058633781597326
2021-09-10,1.2296517398052789,0.08132383890729539
2021-09-13,1.2357407999114618,0.08092311915829338
2021-09-14,1.2411919073923574,0.08056771833945632
2021-09-15,1.2224840225522735,0.08180066009469993
2021-09-16,1.2174039599919462,0.08214200321860425
2021-09-17,1.1891155070210289,0.08409611968690907
2021-09-20,1.1178194295279313,0.08945988713242461
2021-09-21,1.1355879546543464,0.08806010982252652
2021-09-22,1.1161529191243418,0.08959345828567403
2021-09-23,1.1026147889139377,0.09069350511659544
2021-09-24,1.1199288316635667,0.08929138814245707
2021-09-27,1.1363590340395366,0.08800035640542175
2021-09-28,1.0413521096776015,0.09602899832887418
2021-09-29,1.0560962262070759,0.09468834138262731
2021-09-30,1.0325155264307218,0.09685084382768328
2021-10-01,0.9987901214646434,0.10012113441145998
2021-10-04,1.005606594570795,0.09944246640773195
2021-10-05,1.0071706989342277,0.09928803539044419
2021-10-06,1.0192976858736806,0.09810676643917426
2021-10-07,1.0253595205640973,0.09752676792329916
2021-10-08,1.0417003362688175,0.09599689710975993
2021-10-11,1.0418509950152421,0.09598301530492566
2021-10-12,1.0578640226242568,0.09453010770886103
2021-10-13,1.0618934573184196,0.09417140609617108
2021-10-14,0.9985421450968122,0.1001459983347069
2021-10-15,1.0120084841552082,0.09881340084167058
2021-10-18,1.0279795213496892,0.09727820245748152
2021-10-19,1.032065680595992,0.09689305814553635
2021-10-20,1.0348583415071182,0.09663158327000078
2021-10-21,1.0514153545909886,0.09510989121792028
2021-10-22,1.064943015312123,0.0939017379917658
2021-10-25,1.0702859720094051,0.09343297269631154
2021-10-26,1.0869004384292424,0.09200474713628523
2021-10-27,1.0866501753227067,0.09202593647058734
2021-10-28,1.0799804734038394,0.0925942667137527
2021-10-29,1.0970586849962727,0.09115282652389718
2021-10-31,1.1146127385695088,0.08971725922344989
2021-11-01,1.1254608478011439,0.08885249113318677
2021-11-02,1.1406000197055126,0.08767315296541783
2021-11-03,1.15660049569299,0.08646027766059697
2021-11-04,1.1695696337000587,0.08550153588003076
2021-11-05,1.1575736342574867,0.08638759301402363
2021-11-08,1.1760753192806466,0.0850285677801364
2021-11-09,1.1947935151020033,0.08369647034070375
2021-11-10,1.1940832268596577,0.08374625633339806
2021-11-11,1.213092549384375,0.0824339412938843
2021-11-12,1.2215376860425833,0.0818640318203936
2021-11-15,1.241012901684899,0.08057933955741473
2021-11-16,1.2608678142115133,0.07931045496829915
2021-11-17,1.2784625863256334,0.07821894912654824
2021-11-18,1.2981849543503177,0.07703062623310516
2021-11-19,1.304808446215408,0.0766396019967909
2021-11-22,1.3240918011811365,0.07552346439332717
2021-11-23,1.342471807048652,0.07448946002064975
2021-11-24,1.3603988005407193,0.073507856637519
2021-11-26,1.1738082370343585,0.08519279116037835
2021-11-29,1.1681796202338868,0.085603273904041
2021-11-30,1.0189225935728874,0.0981428821293937
2021-12-01,1.0097464222148822,0.09903476536282216
2021-12-02,0.949152284978388,0.10535717142826768
2021-12-03,0.9634531468690551,0.10379331919250165
2021-12-06,0.9440604628833106,0.10592541890228527
2021-12-07,0.908656450545564,0.11005259461918668
2021-12-08,0.9231928791602458,0.10831972630785665
2021-12-09,0.9323633391859119,0.10725432435740608
2021-12-10,0.935050423134748,0.10694610421623138
2021-12-13,0.9452433130337007,0.10579286689588537
2021-12-14,0.9532435655473747,0.10490498295949963
2021-12-15,0.944710232693159,0.10585256361087804
2021-12-16,0.9596164056641754,0.10420830595407278
2021-12-17,0.9415256314288871,0.10621059763209743
2021-12-20,0.9258802464403929,0.108005328318059
2021-12-21,0.8954999679935131,0.11166946239435756
2021-12-22,0.8929871641427719,0.11198369250469078
2021-12-23,0.9012265375437492,0.11095989280624752
2021-12-27,0.8829605394683298,0.11325534441234995
2021-12-28,0.8969304555746146,0.11149136410574378
2021-12-29,0.9112820178066047,0.10973551331638626
2021-12-30,0.9258568300751387,0.10800805994149702
2021-12-31,0.9406421695146323,0.10631035184357046
2022-01-03,0.9556867910043718,0.10463679203403634
2022-01-04,0.9601331905562188,0.10415221657119111
2022-01-05,0.9407034252469103,0.10630342923834107
2022-01-06,0.9555374408092249,0.10465314673102927
2022-01-07,0.9708252138910751,0.10300515331611466
2022-01-10,0.9825622981306632,0.1017747171759503
2022-01-11,0.9674859812987345,0.10336067078280756
2022-01-12,0.9810197871622208,0.1019347431199816
2022-01-13,0.9826953171025239,0.10176094081210227
2022-01-14,0.9974103196925017,0.10025964041642328
2022-01-18,0.9518480328958934,0.1050587872685527
2022-01-19,0.9631724942574845,0.103823562857337
2022-01-20,0.958227857852197,0.10435931201597838
2022-01-21,0.9170484045176294,0.10904549804282179
2022-01-24,0.9308027821600608,0.10743414385583992
2022-01-25,0.9349086968366581,0.10696231657525315
2022-01-26,0.9344661732041175,0.10701296940168296
2022-01-27,0.9492322877198531,0.10534829176555886
2022-01-28,0.9095170991160781,0.10994845517163541
2022-01-31,0.877696463023114,0.11393460520002861
2022-02-01,0.8797021338441946,0.11367484078163116
2022-02-02,0.8784148432942134,0.11384142784402647
2022-02-03,0.8258217677703412,0.12109150412684415
2022-02-04,0.8390330596774698,0.11918481500412
2022-02-07,0.8523566944002003,0.11732177462437784
2022-02-08,0.8611153509872643,0.1161284604732113
2022-02-09,0.8454282112754161,0.1182832541738105
2022-02-10,0.8146134034437204,0.12275761677534043
2022-02-11,0.818428028164972,0.12218545377070449
2022-02-14,0.8240362528195417,0.12135388419846538
2022-02-15,0.8259263993674661,0.12107616377995034
2022-02-16,0.8367800565014414,0.11950571625487558
2022-02-17,0.8234336250679191,0.12144269672221818
2022-02-18,0.8344247366121498,0.11984304349126836
2022-02-22,0.8320015014625585,0.12019209078855272
2022-02-23,0.8093421135348873,0.12355714391685295
2022-02-24,0.8163272189567983,0.12249989670538257
2022-02-25,0.7416656218929377,0.134831650609303
2022-02-28,0.7526662165364361,0.13286101834113484
2022-03-01,0.7525934862902136,0.1328738579613991
2022-03-02,0.7439965313226918,0.13440922879333592
2022-03-03,0.7558654516761222,0.1322986779965287
2022-03-04,0.7675302879263151,0.13028801804053403
2022-03-07,0.7258500556636573,0.13776950104187602
2022-03-08,0.7343799421866334,0.13616929637572572
2022-03-09,0.7266827041568017,0.13761164181832827
2022-03-10,0.7381980082510584,0.1354650092282427
2022-03-11,0.7363052705027568,0.13581323400241177
2022-03-14,0.7391414625538179,0.13529209909898524
2022-03-15,0.7333571529825144,0.1363592072338924
2022-03-16,0.7134350674950232,0.14016692556354834
2022-03-17,0.7064050547202857,0.14156184094633478
2022-03-18,0.71299690527746,0.14025306317575867
2022-03-21,0.7240004566031623,0.13812145985263075
2022-03-22,0.7310127863850328,0.1367965128141122
2022-03-23,0.7404967508449962,0.13504448181020096
2022-03-24,0.7371700728042478,0.1356539063225842
2022-03-25,0.7445067433333068,0.13431711787092732
2022-03-28,0.7560063991689662,0.13227401264053346
2022-03-29,0.7547178166461805,0.13249985331521733
2022-03-30,0.7667181111341352,0.1304260308290869
2022-03-31,0.7590117030171419,0.13175027420854082
2022-04-01,0.7688084852881608,0.13007140518554308
2022-04-04,0.7787936476465409,0.12840371811222767
2022-04-05,0.7723288514856391,0.12947852434573906
2022-04-06,0.782077425381223,0.1278645780515338
2022-04-07,0.79188694629257,0.12628065214128947
2022-04-08,0.8040591697442763,0.12436895661771273
2022-04-11,0.7865424374574087,0.12713872162227102
2022-04-12,0.7990824375496093,0.1251435337593585
2022-04-13,0.7950958301344059,0.12577100295331148
2022-04-14,0.7948915877380635,0.12580331902185446
2022-04-18,0.8075456305534565,0.12383201173593666
2022-04-19,0.8033737930165417,0.12447505864551021
2022-04-20,0.8150122778138007,0.1226975380889246
2022-04-21,0.7878282732297077,0.12693121508580707
2022-04-22,0.7120294471901363,0.140443629676592
2022-04-25,0.7234213578717769,0.13823202606871962
2022-04-26,0.6910245024274809,0.14471266886877782
2022-04-27,0.7020812486817986,0.1424336573405945
2022-04-28,0.6713932427369607,0.14894400722942358
2022-04-29,0.6048032850496988,0.1653430172618567
2022-04-30,0.6144807520915534,0.1627390274790913
2022-05-02,0.624300721022043,0.16017921593345263
2022-05-03,0.6305742097968736,0.15858561680188749
2022-05-04,0.5803500578471761,0.17230979586863945
2022-05-05,0.5393292801666585,0.18541548489468057
2022-05-06,0.5469354237765359,0.18283694135133857
2022-05-09,0.5168631289672875,0.19347481837174935
2022-05-10,0.5250860328151143,0.19044498187063863
2022-05-11,0.5317909850424725,0.188043804450753
2022-05-12,0.5402129087815358,0.18511219997602907
2022-05-13,0.5341754648976969,0.18720440486564016
2022-05-16,0.5427216589722681,0.18425651224122197
2022-05-17,0.5398813164697513,0.185225894931674
2022-05-18,0.5029005520553177,0.19884647092015975
2022-05-19,0.5107385050475107,0.19579491072578845
2022-05-20,0.518893086801354,0.19271792695569798
2022-05-23,0.5164703891724981,0.1936219425090808
2022-05-24,0.5246831282082012,0.19059122472929735
2022-05-25,0.5299248016496084,0.18870601958751312
2022-05-26,0.5252354479884627,0.19039080546253725
2022-05-27,0.5156732084841005,0.19392126322398087
2022-05-31,0.5192387604624162,0.19258962853802253
2022-06-01,0.5258737090863228,0.19015972518144064
2022-06-02,0.5216214019407732,0.19170992529818467
2022-06-03,0.5234004650728353,0.19105829412299855
2022-06-06,0.5317228945962146,0.18806788463742768
2022-06-07,0.5345304831389082,0.18708006962067503
2022-06-08,0.5365076878815658,0.18639061892077685
2022-06-09,0.5238496909945222,0.19089445258648763
2022-06-10,0.5104540590216484,0.19590401571428978
2022-06-13,0.5,0.21887961370597853
2022-06-14,0.5,0.2162972736213063
2022-06-15,0.5,0.21474894069063438
2022-06-16,0.5,0.22230329948347302
2022-06-17,0.5,0.21899118859206937
2022-06-21,0.5,0.2213171361536208
2022-06-22,0.5,0.21783678241108448
2022-06-23,0.5,0.21476467241150407
2022-06-24,0.5,0.22075972160636986
2022-06-27,0.5,0.2173034294065387
2022-06-28,0.5,0.2162037537347893
2022-06-29,0.5,0.21283211810670294
2022-06-30,0.5,0.21002110305046176
2022-07-01,0.5,0.20909932030901784
2022-07-05,0.5,0.20664078223519702
2022-07-06,0.5,0.20341749198040462
2022-07-07,0.5,0.20238338267380881
2022-07-08,0.5016173471445086,0.1993551470443694
2022-07-11,0.5072159714860126,0.19715467497410555
2022-07-12,0.5136031580180318,0.19470285265747755
2022-07-13,0.5216074624194389,0.19171504858492083
2022-07-14,0.526667007513577,0.18987329483976098
2022-07-15,0.5230763757102029,0.19117667064245786
2022-07-18,0.5303289366394144,0.18856221693969685
2022-07-19,0.5136909448334559,0.19466957906455035
2022-07-20,0.5214867775527086,0.19175941616255582
2022-07-21,0.5257600805665282,0.19020082295378124
2022-07-22,0.533476855041571,0.18744955672389485
2022-07-25,0.541233321075306,0.18476319935609845
2022-07-26,0.5459551097347276,0.1831652423742104
2022-07-27,0.5361916468552911,0.1865004809129156
2022-07-28,0.5349542621529395,0.1869318688994962
2022-07-29,0.5350418361056366,0.18690127248340332
2022-07-31,0.5436030490866477,0.1839577613996431
2022-08-01,0.5522947950973697,0.1810627239070214
2022-08-02,0.5571765013179661,0.17947634145276456
2022-08-03,0.5598854786634029,0.17860795432438592
2022-08-04,0.5687330021745329,0.1758294307129235
2022-08-05,0.5768644190975528,0.17335095854315316
2022-08-08,0.5851994784024674,0.1708819021387193
2022-08-09,0.5944182315345098,0.16823171749265964
2022-08-10,0.5863264258752884,0.17055345893836618
2022-08-11,0.5956572043725668,0.16788179386722038
2022-08-12,0.587622973519944,0.17017714505099416
2022-08-15,0.5969815691864179,0.16750935901803907
2022-08-16,0.6055946858649399,0.165126944364076
2022-08-17,0.610921128751905,0.16368725076557306
2022-08-18,0.6197057588954417,0.16136690447776242
2022-08-19,0.618332696057553,0.16172523406508044
2022-08-22,0.6053556091898105,0.16519215892595257
2022-08-23,0.614968681289412,0.1626099068822966
2022-08-24,0.623968014175344,0.16026462531442928
2022-08-25,0.6192733224146179,0.16147958644510715
2022-08-26,0.5787495864589599,0.1727863005688578
2022-08-29,0.5869616519524061,0.17036888128444297
2022-08-30,0.5858677295569461,0.17068699120127942
2022-08-31,0.5905485059088298,0.16933410041585684
2022-09-01,0.5999364766441723,0.16668431391163918
2022-09-02,0.606941740175376,0.16476045949831192
2022-09-06,0.6137252733428096,0.1629393546974606
2022-09-07,0.5960248061169747,0.1677782518004363
2022-09-08,0.6045199410444274,0.16542051504079466
2022-09-09,0.5991057165418489,0.1669154495423927
2022-09-12,0.6035988416194507,0.1656729488275704
2022-09-13,0.5332256622902541,0.18753786074453102
2022-09-14,0.5411861778446069,0.1847792942500343
2022-09-15,0.5429050884011186,0.18419425814280868
2022-09-16,0.5473385480693462,0.18270227878656609
2022-09-19,0.5525516834188459,0.18097854553851372
2022-09-20,0.5523339882084842,0.18104987586288815
2022-09-21,0.5513664905000581,0.18136756898175962
2022-09-22,0.554452795647215,0.18035800483839134
2022-09-23,0.5404477593026109,0.1850317598301067
2022-09-26,0.5383810413341238,0.18574205316033626
2022-09-27,0.545457168816833,0.18333245159636075
2022-09-28,0.5205382351346683,0.19210884667123257
2022-09-29,0.5134901380986745,0.19474570703592278
2022-09-30,0.5134904640856419,0.19474558340254128
2022-10-03,0.5,0.20508024214045456
2022-10-04,0.5,0.21517040193752277
2022-10-05,0.5,0.21217319754314212
2022-10-06,0.5,0.2103242413876113
2022-10-07,0.5,0.21537404207460747
2022-10-10,0.5,0.2127400652591944
2022-10-11,0.5,0.20981505231763137
2022-10-12,0.5,0.20666392000596023
2022-10-13,0.5,0.21130269122143205
2022-10-14,0.5,0.21598820681576633
2022-10-17,0.5,0.21908147532925393
2022-10-18,0.5,0.21806198112193986
2022-10-19,0.5,0.2155298751908377
2022-10-20,0.5,0.21415532889365224
2022-10-21,0.5,0.21789512106584358
2022-10-24,0.5,0.21536405094611757
2022-10-25,0.5,0.21679370652553767
2022-10-26,0.5,0.21338124817859724
2022-10-27,0.5,0.21012627794392144
2022-10-28,0.5,0.21099275309400212
2022-10-31,0.5,0.20846149589342347
2022-11-01,0.5,0.20519321924130202
2022-11-02,0.5,0.2092549722702025
2022-11-03,0.5,0.20624301089900748
2022-11-04,0.5,0.20604228431432098
2022-11-07,0.5,0.20325333879354515
2022-11-08,0.5,0.2011695236754623
2022-11-09,0.5,0.20313407243195994
2022-11-10,0.5,0.23758553459093887
2022-11-11,0.5,0.2348306406930038
2022-11-14,0.5,0.2316984051680865
2022-11-15,0.5,0.22917001592539818
2022-11-16,0.5,0.22580893993940293
2022-11-17,0.5,0.22284664082493313
2022-11-18,0.5,0.21958031136848832
2022-11-21,0.5,0.2161897109969498
2022-11-22,0.5,0.21588799956779248
2022-11-23,0.5,0.2133149150226962
2022-11-25,0.5,0.20995618703263078
2022-11-28,0.5,0.20973666725438841
2022-11-29,0.5,0.20643532112164154
2022-11-30,0.5,0.21330361384744131
2022-12-01,0.5,0.21026213088382087
2022-12-02,0.5,0.20697526822664616
2022-12-05,0.5,0.209547832247432
2022-12-06,0.5,0.20787151375352275
2022-12-07,0.5,0.20463315054772557
2022-12-08,0.5,0.20178298926834087
2022-12-09,0.5,0.20000672816453746
2022-12-12,0.5015474054351766,0.19938294748675495
2022-12-13,0.5060704488107667,0.19760094713096493
2022-12-14,0.512939712172691,0.19495468497930044
2022-12-15,0.5015522034545106,0.19938104012151894
2022-12-16,0.5060576160152467,0.19760595796860247
2022-12-19,0.5103416154167141,0.1959471792602021
2022-12-20,0.5183419353993132,0.19292284334078308
2022-12-21,0.5185050428227312,0.19286215512119606
2022-12-22,0.5197639766431031,0.19239501868877146
2022-12-23,0.5260961750767684,0.19007931389238464
2022-12-27,0.5342774834950624,0.18716865877602376
2022-12-28,0.5354421835952232,0.18676152732037402
2022-12-29,0.5323346344692028,0.1878517637683131
2022-12-30,0.5402897021151661,0.18508588930811118
2022-12-31,0.5489348862841696,0.18217096872256822
2023-01-03,0.5576736408906258,0.1793163468158478
2023-01-04,0.5599273612175255,0.1785945944533886
2023-01-05,0.5645215539192223,0.17714115485182885
2023-01-06,0.5405331655614095,0.18500252412104598
2023-01-09,0.5491811126099233,0.1820892920456804
2023-01-10,0.55654018004778,0.17968154606809306
2023-01-11,0.5586206064051783,0.17901237235682652
2023-01-12,0.5655141985340304,0.17683021975262112
2023-01-13,0.573853321538665,0.1742605579625668
2023-01-17,0.5818979097864213,0.17185145077545272
2023-01-18,0.5788952230008387,0.1727428315639342
2023-01-19,0.5863026686679037,0.17056036982946512
2023-01-20,0.5848488211153101,0.1709843576486987
2023-01-23,0.5900217385594801,0.16948528073583682
2023-01-24,0.5992019915896437,0.16688863088506523
2023-01-25,0.6087578848453499,0.16426891953178432
2023-01-26,0.6139212470946991,0.16288734177752726
2023-01-27,0.6237440715522983,0.16032216506865096
2023-01-30,0.6249516278382417,0.16001238423189346
2023-01-31,0.619304509673353,0.16147145457207177
2023-02-01,0.6239587018663608,0.1602670171934199
2023-02-02,0.6301365754210477,0.15869575565135466
2023-02-03,0.6237166179290236,0.16032922183801684
2023-02-06,0.6323152587926293,0.15814895909825807
2023-02-07,0.635497829393954,0.1573569497402777
2023-02-08,0.6384772170911317,0.1566226598587099
2023-02-09,0.6387771274096012,0.1565491244270512
2023-02-10,0.6467114832365636,0.15462845889102692
2023-02-13,0.6496879820846458,0.15392003970757046
2023-02-14,0.6599999100709821,0.15151517216001611
2023-02-15,0.6705485781929879,0.1491316263312088
2023-02-16,0.6659662890967284,0.15015775068079382
2023-02-17,0.6765956931649949,0.14779875339173046
2023-02-21,0.653744393734841,0.15296498288681318
2023-02-22,0.6642015320636948,0.1505567138475229
2023-02-23,0.6736264028916762,0.14845023824887205
2023-02-24,0.6778790396656655,0.14751894386544342
2023-02-27,0.6878619577666675,0.14537800625677488
2023-02-28,0.697721293266812,0.14332370384138401
2023-03-01,0.7079476868113312,0.1412533748791669
2023-03-02,0.7137371976235792,0.14010759188809915
2023-03-03,0.6924943486429637,0.14440551059508794
2023-03-06,0.702973697269794,0.1422528330553185
2023-03-07,0.6886761970060932,0.1452061221728493
2023-03-08,0.6996719899823168,0.14292411505929709
2023-03-09,0.6844682496092661,0.14609881474719355
2023-03-10,0.6894828798895347,0.14503623355524284
2023-03-13,0.7004065699602795,0.14277421756005382
2023-03-14,0.6958835488289283,0.14370220443964452
2023-03-15,0.7013967415691885,0.14257266119639594
2023-03-16,0.6960267617037993,0.1436726366026655
2023-03-17,0.7000511741646938,0.14284669991350382
2023-03-20,0.7008506250816678,0.1426837565969886
2023-03-21,0.7033818640584829,0.14217028489049224
2023-03-22,0.6953099302505258,0.14382075625465207
2023-03-23,0.7064229243504101,0.14155826000685753
2023-03-24,0.7120237223509882,0.14044475887659477
2023-03-27,0.7231747252567887,0.1382791689304289
2023-03-28,0.7343451727206262,0.13617574366223
2023-03-29,0.7291393806924398,0.13714798932548847
2023-03-30,0.7365074262332739,0.13577595613859705
2023-03-31,0.725976520397223,0.13774550166620309
2023-04-03,0.7324077747529856,0.13653596186049002
2023-04-04,0.7423854646367336,0.1347009131555833
2023-04-05,0.7536864849297664,0.13268116385199435
2023-04-06,0.765609233220449,0.13061493469633492
2023-04-10,0.7778545828546012,0.1285587334756274
2023-04-11,0.7884637209619396,0.12682891722398876
2023-04-12,0.7998199133632089,0.12502814487264294
2023-04-13,0.7942081229089952,0.12591158049822485
2023-04-14,0.8026059903209078,0.12459413610907236
2023-04-17,0.8152134364346547,0.12266726176319069
2023-04-18,0.8279630594250562,0.12077833529123963
2023-04-19,0.8409990537951962,0.1189061979900306
2023-04-20,0.8523525141932592,0.11732235000755378
2023-04-21,0.8658484599586519,0.11549365116936912
2023-04-24,0.8761106389662903,0.11414083513240804
2023-04-25,0.8622762050545081,0.1159721205500256
2023-04-26,0.8521638457079377,0.11734832509460044
2023-04-27,0.8158913382075134,0.12256534089416458
2023-04-28,0.8140059652287912,0.1228492225752832
2023-04-30,0.8270308877037531,0.12091446823425117
2023-05-01,0.8369924841894468,0.11947538584750991
2023-05-02,0.8386721708233699,0.1192361013980285
2023-05-03,0.8456618016805924,0.11825058173523859
2023-05-04,0.8496558828543758,0.11769470678418077
2023-05-05,0.8286908753022969,0.1206722590779356
2023-05-08,0.8416253492744861,0.11881771394623974
2023-05-09,0.8533704697640142,0.1171824003092741
2023-05-10,0.8658573600227821,0.11549246402128965
2023-05-11,0.8783854181939613,0.1138452414267178
2023-05-12,0.8921986318745455,0.1120826645854589
2023-05-15,0.9060502859733253,0.11036915008814872
2023-05-16,0.8903099634536099,0.1123204323268371
2023-05-17,0.8857160990394126,0.11290299465986132
2023-05-18,0.8951404073346556,0.11171431786635254
2023-05-19,0.9094297983247118,0.1099590096830047
2023-05-22,0.9231342962074335,0.10832660037747037
2023-05-23,0.923119242580816,0.10832836689702667
2023-05-24,0.9232339941305275,0.10831490243616607
2023-05-25,0.936169957386276,0.10681821095732802
2023-05-26,0.9276540130437992,0.10779881140370651
2023-05-30,0.9423290588254145,0.10612004274244399
2023-05-31,0.9537868261214054,0.10484523088524104
2023-06-01,0.9478504186242428,0.10550187881453381
2023-06-02,0.9101957231094356,0.109866479770282
2023-06-05,0.9245273777749288,0.1081633734207755
2023-06-06,0.9357653328194386,0.10686439911030086
2023-06-07,0.9506367473892733,0.10519265142508878
2023-06-08,0.9549276391932194,0.1047199765675293
2023-06-09,0.9697088526387633,0.10312373629247673
2023-06-12,0.977196723945139,0.10233353996141122
2023-06-13,0.984715488797801,0.10155217536192705
2023-06-14,1.000398358397013,0.09996018002292094
2023-06-15,0.9671022697320228,0.10340168059755386
2023-06-16,0.981589730191192,0.1018755564817515
2023-06-20,0.9812544331192251,0.10191036761191348
2023-06-21,0.9967755102133844,0.10032349207555524
2023-06-22,1.0116379128165296,0.098849597008071
2023-06-23,1.0164219490692203,0.09838433742165263
2023-06-26,1.0322061933074447,0.09687986823599187
2023-06-27,1.025793045347895,0.09748555076826952
2023-06-28,1.0416533402380161,0.096001228179377
2023-06-29,1.054767113251045,0.09480765824389048
2023-06-30,1.0260208816041991,0.09746390331125473
2023-07-03,1.0401440356367389,0.09614053109364185
2023-07-05,1.051836743662281,0.09507178809120168
2023-07-06,1.029180664179558,0.09716467038342387
2023-07-07,1.0455814315606287,0.09564056608268244
2023-07-10,1.058466227034879,0.09447632569263333
2023-07-11,1.0394214614803787,0.09620736506400077
2023-07-12,1.0261639060627346,0.09745031900769906
2023-07-13,1.029635483640473,0.09712174996769818
2023-07-14,1.0401658167758148,0.09613851790473985
2023-07-17,1.0566400154150921,0.09463961097547101
2023-07-18,1.0568296467066802,0.09462262940070104
2023-07-19,1.0668508713350928,0.09373381293193928
2023-07-20,1.082340464739523,0.0923923693678644
2023-07-21,1.098672767946517,0.09101891201590971
2023-07-24,1.1125721080229147,0.08988181465172987
2023-07-25,1.1263523833657956,0.08878216220502629
2023-07-26,1.1429690340850729,0.08749143416649803
2023-07-27,1.1134489193445056,0.0898110351203813
2023-07-28,1.0989268069385374,0.0909978711672223
2023-07-31,1.1130323674228066,0.08984464686462536
2023-08-01,1.1131525519831633,0.08983494654155232
2023-08-02,1.0812575784562408,0.09248490090841667
2023-08-03,1.0850223670920556,0.09216399867221889
2023-08-04,1.1015307252547932,0.0907827604871114
2023-08-07,1.1013101550675846,0.09080094244101769
2023-08-08,1.116290904474906,0.0895823835875821
2023-08-09,1.1303820821013806,0.08846566270238465
2023-08-10,1.1468810647362597,0.08719299940922498
2023-08-11,1.1646649110664773,0.08586160624383415
2023-08-14,1.1830815408513453,0.08452502769001029
2023-08-15,1.119680569934083,0.08931118631976183
2023-08-16,1.115596091345814,0.08963817709271793
2023-08-17,1.1158737413151019,0.08961587346086844
2023-08-18,1.1324885375849876,0.08830111447595601
2023-08-21,1.150480386375851,0.08692021279477159
2023-08-22,1.1677332697731053,0.0856359946132479
2023-08-23,1.1339010472166176,0.08819111706922717
2023-08-24,1.0985549033120683,0.09102867749122671
2023-08-25,1.097862654474912,0.09108607492239383
2023-08-28,1.1009878964181108,0.09082751983499011
2023-08-29,1.0510927410379205,0.09513908344686425
2023-08-30,1.0663461170027977,0.09377818177935715
2023-08-31,1.0815558931525113,0.09245939172733897
2023-09-01,1.0987425438034586,0.0910131318423653
2023-09-05,1.0845392684840518,0.09220505232583978
2023-09-06,1.0973850629067652,0.09112571637809516
2023-09-07,1.1149441605309385,0.08969059038111811
2023-09-08,1.129917080053194,0.0885020695459283
2023-09-11,1.1346741583809303,0.08813102797960101
2023-09-12,1.1508803696081982,0.08689000407057396
2023-09-13,1.169098190343607,0.0855360147042989
2023-09-14,1.1477486667729027,0.08712708879128356
2023-09-15,1.1211156644789348,0.08919686270415049
2023-09-18,1.138472237972464,0.08783701232635475
2023-09-19,1.1513457701993732,0.08685488112114527
2023-09-20,1.1529037559629767,0.086737509078955
2023-09-21,1.0431636066633638,0.09586223997964942
2023-09-22,1.058925881760727,0.09443531575007422
2023-09-25,1.0756426057079642,0.09296768226671555
2023-09-26,1.0178948137002077,0.09824197810428395
2023-09-27,1.0328658204502523,0.09681799709124607
2023-09-28,1.0453144172586784,0.09566499643451636
2023-09-29,1.0533748708302808,0.09493296524263864
2023-09-30,1.0702299389940393,0.09343786447797828
2023-10-02,1.0434768792373519,0.09583346022298761
2023-10-03,1.0229048651396764,0.09776080201392447
2023-10-04,1.0288081990718125,0.0971998474450531
2023-10-05,1.0370256161250657,0.09642963341027053
2023-10-06,1.0272354979584486,0.09734866074891521
2023-10-09,0.9986762935199687,0.10013254610013479
2023-10-10,1.0014552674794719,0.09985468472464731
2023-10-11,1.0093368991123248,0.09907494721331042
2023-10-12,0.9871750363859111,0.10129915801568906
2023-10-13,0.9962506575713672,0.10037634529022775
2023-10-16,0.9922978117590526,0.1007761972413598
2023-10-17,1.0071265057308314,0.0992923921979732
2023-10-18,0.9858951833714314,0.10143066087211572
2023-10-19,0.9734217024102553,0.10273039911930618
2023-10-20,0.9615168624889074,0.10400233620567799
2023-10-23,0.9733438723983359,0.10273861359356823
2023-10-24,0.9669115377334977,0.10342207750918599
2023-10-25,0.9453104788905221,0.1057853501395293
2023-10-26,0.953721265632434,0.10485243813210746
2023-10-27,0.9532702799232282,0.10490204311001233
2023-10-30,0.9436411099591032,0.10597249202542049
2023-10-31,0.9521325671508368,0.1050273916154766
2023-11-01,0.9496730501133458,0.10529939750113448
2023-11-02,0.862023833074294,0.1160060733394844
2023-11-03,0.8614071749003144,0.11608911895999986
2023-11-06,0.8736851616768695,0.11445770671905355
2023-11-07,0.8874641212847139,0.1126806116457279
2023-11-08,0.9013496522874491,0.11094473686900479
2023-11-09,0.8957767729794327,0.11163495528846006
2023-11-10,0.8823651090129377,0.11333177046389054
2023-11-13,0.8964790443507629,0.11154750423912116
2023-11-14,0.8139971314335318,0.12285055578007975
2023-11-15,0.8269712466695823,0.12092318856637971
2023-11-16,0.8400618407641192,0.11903885541216838
2023-11-17,0.8505048579767602,0.11757722376552548
2023-11-20,0.8601442392567178,0.11625957070457588
2023-11-21,0.8737786130832494,0.11444546536466038
2023-11-22,0.8849902718675385,0.11299559235716386
2023-11-24,0.8987507894591812,0.11126554899626237
2023-11-27,0.9131277368582478,0.10951370324601564
2023-11-28,0.9260487878954289,0.10798567128116816
2023-11-29,0.9408599500343281,0.10628574422404888
2023-11-30,0.9514756781840014,0.10509990144031982
2023-12-01,0.9355845620309287,0.10688504712275725
2023-12-04,0.9398624947238223,0.10639854293726755
2023-12-05,0.9514625930818739,0.10510134683917621
2023-12-06,0.9666644356431321,0.1034485146166249
2023-12-07,0.9773530234520774,0.10231717465485828
2023-12-08,0.9927030477318561,0.10073505891664342
2023-12-11,1.004860723330282,0.0995162789014011
2023-12-12,1.0192943011626918,0.09810709221657739
2023-12-13,0.9264243486462652,0.1079418952514846
2023-12-14,0.9260742046710637,0.10798270753640032
2023-12-15,0.9363736285140082,0.10679497687124793
2023-12-18,0.9475706209206032,0.10553303130361509
2023-12-19,0.9457856662436146,0.10573220082428496
2023-12-20,0.9096534750436607,0.10993197161721424
2023-12-21,0.9065900367610018,0.11030344030392464
2023-12-22,0.9196527504215329,0.10873669431659276
2023-12-26,0.9265928617309532,0.10792226459978509
2023-12-27,0.9381811798886308,0.1065892198049323
2023-12-28,0.9522647196029058,0.1050128162279287
2023-12-29,0.964541000963911,0.10367625627118528
2023-12-31,0.9799746369544606,0.1020434572784224
2024-01-02,0.9956432374815221,0.10043758269573531
2024-01-03,1.0010033534240546,0.09989976522849575
2024-01-04,1.0108092397074362,0.09893063505132138
2024-01-05,1.0269355726323808,0.09737709225873481
2024-01-08,1.0197152473875455,0.09806659286128605
2024-01-09,1.0278353401591582,0.09729184830764352
2024-01-10,1.043437997009551,0.0958370313201127
2024-01-11,1.0584952794061182,0.09447373261419383
2024-01-12,1.073994694731645,0.09311032958592652
2024-01-16,1.0531181123131281,0.09495611064969185
2024-01-17,1.0522575378045402,0.0950337692126614
2024-01-18,1.063620669217357,0.09401848130084094
2024-01-19,1.0618651724687194,0.09417391453522393
2024-01-22,1.0778043613660409,0.0927812166887663
2024-01-23,1.0927603323293,0.09151137449036291
2024-01-24,1.1034715800045103,0.09062308609669065
2024-01-25,1.0898380800478742,0.09175674976929346
2024-01-26,1.106219442784118,0.09039797722983549
2024-01-29,1.0981010295816005,0.09106630201239507
2024-01-30,1.112151402472782,0.08991581521873532
2024-01-31,1.077964633375728,0.09276742195784515
2024-02-01,1.0129103895260634,0.09872541641792183
2024-02-02,1.0281402239006705,0.09726299747383592
2024-02-05,1.0054901055621357,0.09945398711217886
2024-02-06,1.0103964816371616,0.09897104930330757
2024-02-07,1.0192619676207368,0.09811020441921324
2024-02-08,1.035571168639578,0.09656506769242064
2024-02-09,1.05214023287364,0.0950443646916502
2024-02-12,1.0641391426777798,0.09397267329943515
2024-02-13,0.9964659253510396,0.10035466086286046
2024-02-14,0.9924896553265591,0.10075671767792581
2024-02-15,0.963836886330199,0.1037519951957319
2024-02-16,0.9763380820207486,0.10242353733967623
2024-02-20,0.990459815203148,0.1009632076587474
2024-02-21,1.0013409105327666,0.09986608851005067
2024-02-22,0.9818098643765841,0.10185271469389504
2024-02-23,0.9941331836535646,0.1005901439005259
2024-02-26,1.0019151393686752,0.09980885213792838
2024-02-27,1.0162526164949064,0.09840073066173623
2024-02-28,1.0323033744238423,0.09687074795799523
2024-02-29,1.0426847626957445,0.09590626388503197
2024-03-01,1.0398196224293719,0.09617052596715384
2024-03-04,1.05636791929402,0.09466398796626736
2024-03-05,1.0686168307497668,0.09357891165707885
2024-03-06,1.070786717386652,0.09338927946739822
2024-03-07,1.061750852252166,0.09418405437385041
2024-03-08,1.0769209210798107,0.09285732874400068
2024-03-11,1.092452851359656,0.0915371312139842
2024-03-12,1.1077083113483508,0.09027647348630584
2024-03-13,1.1215469418031803,0.08916256312840891
2024-03-14,1.1271365832780527,0.08872039243830583
2024-03-15,1.1390868385346828,0.08778961938375097
2024-03-18,1.1447497055129943,0.08735534022713481
2024-03-19,1.1484062824014396,0.08707719692275576
2024-03-20,1.1376339629105814,0.08790173576055593
2024-03-21,1.1504077764602127,0.08692569890973659
2024-03-22,1.164325260775639,0.08588665329942509
2024-03-25,1.181871273477443,0.08461158354900025
2024-03-26,1.1998040309436364,0.08334694451839006
2024-03-27,1.1295234117276631,0.0885329148220531
2024-03-28,1.143196857618213,0.08747399831761647
2024-03-31,1.1614891688298539,0.08609636894052601
2024-04-01,1.1739302730778247,0.08518393493492488
2024-04-02,1.1869721135504785,0.08424797757116582
2024-04-03,1.2039208282086808,0.08306194033439096
2024-04-04,1.1843556649674998,0.08443409607260513
2024-04-05,1.1697403090617093,0.08548906045668683
2024-04-08,1.1875960354319206,0.08420371659764819
2024-04-09,1.2008188712185506,0.08327650605500841
2024-04-10,1.1373747031645451,0.08792177258889933
2024-04-11,1.1503030029624424,0.08693361639712682
2024-04-12,1.0854843992982561,0.0921247694251967
2024-04-15,1.0767203841100303,0.0928746232315975
2024-04-16,1.0847531702704165,0.0921868704703312
2024-04-17,1.10204387533272,0.09074048886647897
2024-04-18,1.1195155868014488,0.08932434811891142
2024-04-19,1.135943188718045,0.08803257151693811
2024-04-22,1.148401774334799,0.08707753874546569
2024-04-23,1.141866980445296,0.08757587504719928
2024-04-24,1.1597880365785986,0.08622265176575049
2024-04-25,1.1726637966096722,0.08527593355325999
2024-04-26,1.183865399032515,0.08446906217693545
2024-04-29,1.184597546003438,0.08441685561258945
2024-04-30,1.0809853874488475,0.09250818851122723
2024-05-01,1.0982148043660904,0.09105686756583274
2024-05-02,1.1024608586997238,0.09070616812459273
2024-05-03,1.092014398526368,0.09157388413096587
2024-05-06,1.0763070987571286,0.09291028565683117
2024-05-07,1.0877631973323154,0.0919317736114303
2024-05-08,1.1048131421981415,0.09051304350076748
2024-05-09,1.0808504943402362,0.09251973378708697
2024-05-10,1.0978208246686472,0.09108954553688921
2024-05-13,1.1134635867185885,0.08980985206234098
2024-05-14,1.123608284523526,0.08899898779440356
2024-05-15,1.0985306615203323,0.09103068626377994
2024-05-16,1.1143842979119176,0.08973565060758254
2024-05-17,1.1242851537125949,0.08894540648320558
2024-05-20,1.1407751904794716,0.08765969038822598
2024-05-21,1.1562054737051972,0.0864898171425691
2024-05-22,1.1529171740259594,0.08673649959675975
2024-05-23,1.0881423871593034,0.09189973773658361
2024-05-24,1.0901150646881417,0.09173343552371496
2024-05-28,1.1019901937850631,0.09074490913256206
2024-05-29,1.067011461727617,0.09371970553914037
2024-05-30,1.080547895175709,0.09254564323013086
2024-05-31,1.0416945281516559,0.09599743235422029
2024-06-03,1.0567825022440966,0.09462685064111888
2024-06-04,1.0735758043304315,0.09314665959928937
2024-06-05,1.0710022140622757,0.0933704885825617
2024-06-06,1.088003635403329,0.09191145759630616
2024-06-07,1.0782071772089838,0.0927465538291603
2024-06-10,1.091775137644958,0.09159395241011588
2024-06-11,1.1092381862413967,0.09015196306831581
2024-06-12,1.125345723955146,0.08886158082028292
2024-06-13,1.1431832338035033,0.08747504078352199
2024-06-14,1.1611225155039833,0.0861235560113096
2024-06-17,1.1694563807143077,0.08550981605566142
2024-06-18,1.1856672032947373,0.08434069840349767
2024-06-20,1.1988857262931611,0.08341078537083792
2024-06-21,1.216727949080422,0.08218764110381287
2024-06-24,1.218916754955914,0.08204005695501071
2024-06-25,1.2355699169605165,0.0809343110635119
2024-06-26,1.2466876030501082,0.08021255666242531
2024-06-27,1.2637005640376116,0.0791326702272673
2024-06-28,1.2700049095201675,0.0787398530906325
2024-06-30,1.290326278399414,0.07749977790427168
2024-07-01,1.2947593623250742,0.07723442896788499
2024-07-02,1.2878896605507424,0.07764640330852321
2024-07-03,1.2910345003286348,0.07745726390312951
2024-07-05,1.2916743344333577,0.0774188952541732
2024-07-08,1.3102830491929898,0.07631938767855581
2024-07-09,1.3309021510207844,0.07513700381602158
2024-07-10,1.299579556166097,0.0769479633051562
2024-07-11,1.308681218246575,0.07641280290855257
2024-07-12,1.3060897134177252,0.07656441894663106
2024-07-15,1.326832762333007,0.07536744858799478
2024-07-16,1.2280632997501213,0.08142902733136588
2024-07-17,1.2327952266849629,0.08111647241602657
2024-07-18,1.2182039958135427,0.08208805778314482
2024-07-19,1.2019180732079848,0.08320034637060957
2024-07-22,1.2016304778242741,0.08322025934384128
2024-07-23,1.216515041718604,0.08220202510503058
2024-07-24,1.1338717561839091,0.08819339528885878
2024-07-25,1.1508275865327413,0.08689398930841061
2024-07-26,1.0934124947035146,0.0914567928246655
2024-07-29,1.1092638272655042,0.09014987917393329
2024-07-30,1.1263014627546843,0.08878617608772532
2024-07-31,1.0822412845188338,0.09240083651443787
2024-08-01,1.0796485437675465,0.0926227341084901
2024-08-02,1.0405275920938313,0.0961050920319875
2024-08-05,0.8899936265993454,0.11236035518827113
2024-08-06,0.8962215592730148,0.11157955191472596
2024-08-07,0.9024883912941748,0.11080474936259212
2024-08-08,0.845972824693695,0.11820710675453132
2024-08-09,0.8560452447172543,0.11681625546910117
2024-08-12,0.8697376049358662,0.11497720626599092
2024-08-13,0.8595928119746206,0.11633415101539088
2024-08-14,0.8724689826599712,0.11461725515458603
2024-08-15,0.8560619738411868,0.11681397265118053
2024-08-16,0.8656539475030127,0.11551960259460606
2024-08-19,0.8673886900550404,0.11528856802785206
2024-08-20,0.8804596955407118,0.1135770331185774
2024-08-21,0.8887341592087412,0.1125195863845631
2024-08-22,0.8940688753769358,0.11184820627811298
2024-08-23,0.881791537977906,0.11340548836442292
2024-08-26,0.8956536627749137,0.11165029983819869
2024-08-27,0.9099314569433378,0.1098983876608929
2024-08-28,0.91919541917838,0.10879079455093967
2024-08-29,0.9321035500949256,0.10728421749902785
2024-08-30,0.9348669916274581,0.10696708825489233
2024-08-31,0.9498258133197856,0.10528246189739233
2024-09-03,0.9226207225781126,0.10838690000433372
2024-09-04,0.9373075299762251,0.10668856997503959
2024-09-05,0.9500679827888625,0.10525562571475837
2024-09-06,0.9185763606542446,0.10886411221030796
2024-09-09,0.9051475864513434,0.11047922073355222
2024-09-10,0.9185897358613819,0.10886252708476847
2024-09-11,0.9317636063052088,0.10732335897571424
2024-09-12,0.9281513518678196,0.10774104869724012
2024-09-13,0.9268557861513065,0.10789164991378206
2024-09-16,0.9302688916048897,0.10749580137790173
2024-09-17,0.9451350168112747,0.10580498893944598
2024-09-18,0.9537625836853922,0.10484789580819409
2024-09-19,0.9331463698606427,0.1071643240866212
2024-09-20,0.9476955514287534,0.10551911935139846
2024-09-23,0.9559062309172548,0.10461277138453574
2024-09-24,0.9685916258908858,0.10324268487044018
2024-09-25,0.9757142021581945,0.10248902781040672
2024-09-26,0.9869546635889407,0.10132177666232627
2024-09-27,1.0004076534189015,0.09995925126946918
2024-09-30,1.015996646595686,0.09842552171315859
2024-10-01,1.0321650758222929,0.09688372755717703
2024-10-02,1.0477104650226898,0.09544621662038505
2024-10-03,1.0578171417891513,0.09453429713841074
2024-10-04,1.0627165659067532,0.09409846727539804
2024-10-07,1.047708113901451,0.09544643080754661
2024-10-08,1.0631403840601557,0.09406095516576832
2024-10-09,1.0733410105265682,0.09316703547080644
2024-10-10,1.0891420849239408,0.09181538514048276
2024-10-11,1.0822363405687658,0.0924012586266003
2024-10-14,1.0864281902186363,0.09204473972630964
2024-10-15,1.0980018646513396,0.09107452657355376
2024-10-16,1.0966727743594467,0.09118490249601464
2024-10-17,1.1115654353092943,0.08996321478112074
2024-10-18,1.1220316071869332,0.0891240490548318
2024-10-21,1.1197319866331652,0.08930708526125275
2024-10-22,1.1371204326713054,0.08794143269862946
2024-10-23,1.1400954876395721,0.08771195139719196
2024-10-24,1.1567663118593001,0.08644788404951684
2024-10-25,1.167461165112214,0.08565595412365448
2024-10-28,1.1808695475271727,0.08468335914784773
2024-10-29,1.1947674601985634,0.08369829555232496
2024-10-30,1.2138644602101338,0.08238152057165334
2024-10-31,1.1836727437728958,0.08448281041029565
2024-11-01,1.20192328678116,0.08319998547312236
2024-11-04,1.2209237548213943,0.08190519645891299
2024-11-05,1.1788051030167845,0.08483166533982688
2024-11-06,1.1076372895655744,0.09028226202028729
2024-11-07,1.1103307321170202,0.09006325512519524
2024-11-08,1.109081072372692,0.09016473411277938
2024-11-11,1.1266291939485826,0.08876034860194101
2024-11-12,1.1129754608357698,0.08984924063366745
2024-11-13,1.1307268402419706,0.08843868955883319
2024-11-14,1.1338862118151245,0.0881922709333594
2024-11-15,1.1269352933646388,0.08873623941746878
2024-11-18,1.1182199554809242,0.08942784423570047
2024-11-19,1.1351153970791636,0.08809676994719326
2024-11-20,1.1502924268337973,0.08693441569049706
2024-11-21,1.1285410803504001,0.08860997773244644
2024-11-22,1.1305947668389122,0.08844902075709683
2024-11-25,1.1444991515503182,0.08737446407412516
2024-11-26,1.1588806829665603,0.08629016038477322
2024-11-27,1.177382696459663,0.08493415123281116
2024-11-29,1.1743855517366186,0.08515091134434118
2024-11-30,1.1931769137419146,0.08380986830057802
2024-12-02,1.2069841824350442,0.08285112717737017
2024-12-03,1.2219979413974644,0.08183319841409964
2024-12-04,1.2412153955432221,0.08056619371550307
2024-12-05,1.2571049110105466,0.0795478556516124
2024-12-06,1.2765757845598167,0.07833455812768811
2024-12-09,1.272118166898354,0.07860904953807667
2024-12-10,1.2913546194436962,0.07743806270897075
2024-12-11,1.310110619915341,0.07632943240049606
2024-12-12,1.3001591348901673,0.07691366180990425
2024-12-13,1.3080513525385167,0.07644959795036443
2024-12-16,1.3253938605424216,0.07544927057310699
2024-12-17,1.332047479557932,0.07507239909585438
2024-12-18,0.9749164282132726,0.10257289456417286
2024-12-19,0.9853132331724961,0.10149056831198905
2024-12-20,0.9639491576954943,0.10373991117858251
2024-12-23,0.978386669484686,0.10220907859739113
2024-12-24,0.9691818685222033,0.1031798089170599
2024-12-26,0.9846036365759933,0.10156371181783853
2024-12-27,0.9805280608249668,0.10198586251153798
2024-12-30,0.9726988605674557,0.10280674117543608
2024-12-31,0.9882389986596565,0.10119009686485708
2025-01-02,1.0039569406068025,0.0996058655061032
2025-01-03,1.0027882960476335,0.09972194569296199
2025-01-06,1.0188014781797983,0.09815454938155478
2025-01-07,1.0272898287743004,0.09734351221924771
2025-01-08,1.0419894993706051,0.09597025695595127
2025-01-10,1.021991713718273,0.09784815146511694
2025-01-13,1.03000892422217,0.09708653745453402
2025-01-14,1.0385361013703922,0.0962893825915592
2025-01-15,0.9837325314737908,0.10165364751146716
2025-01-16,0.9888485168296928,0.10112772411350321
2025-01-17,0.9939435579950968,0.10060933460015777
2025-01-21,0.9698217706435005,0.1031117294197753
2025-01-22,0.9824296282226436,0.10178846110424661
2025-01-23,0.9918821788850329,0.10081842594692973
2025-01-24,1.0075777724655108,0.09924792183069221
2025-01-27,1.0224423560402174,0.0978050248106765
2025-01-28,1.037895478553761,0.09634881552749744
2025-01-29,1.0535155094724256,0.09492029220346032
2025-01-30,1.0323128633246375,0.09686985753325097
2025-01-31,1.030850563109511,0.09700727106201973
2025-02-03,1.047307002267478,0.09548298615734875
2025-02-04,1.0563170580943115,0.09466854599546917
2025-02-05,1.0630676437687934,0.09406739127670131
2025-02-06,1.0800771121054749,0.09258598194443965
2025-02-07,1.083048112357683,0.09233200156021733
2025-02-10,1.0777509963644953,0.09278581076456738
2025-02-11,1.094641550095805,0.09135410581778831
2025-02-12,1.0995951551525067,0.09094256147948437
2025-02-13,1.068592300422391,0.09358105983027597
2025-02-14,1.0833222183643159,0.09230863939169251
2025-02-18,1.0886481142097868,0.09185704608746478
2025-02-19,1.1034500829742417,0.09062485158409685
2025-02-20,1.1186355063666893,0.08939462356670445
2025-02-21,1.0831170461467223,0.09232612519187858
2025-02-24,1.1004329687145937,0.09087332244944382
2025-02-25,1.1175453863523002,0.08948182438156077
2025-02-26,1.1342236199474443,0.0881660355518197
2025-02-27,1.1058829950864146,0.09042547940814112
2025-02-28,1.0472928819038905,0.0954842735283452
2025-03-03,1.0300400553625688,0.09708360318550964
2025-03-04,0.9825158658164143,0.10177952690555866
2025-03-05,0.9830925047872086,0.10171982749644207
2025-03-06,0.9571493795261388,0.10447689998974617
2025-03-07,0.9624019716997211,0.10390668654116286
2025-03-10,0.9232697512775332,0.10831070752792397
2025-03-11,0.91710587247029,0.10903866500237631
2025-03-12,0.9315655122419814,0.10734618090286734
2025-03-13,0.9363462960876389,0.10679809427113955
2025-03-14,0.8858984486856261,0.11287975517777034
2025-03-17,0.876396566520011,0.11410359627158202
2025-03-18,0.8833828661159386,0.11320119942973357
2025-03-19,0.8782245661226937,0.11386609286220918
2025-03-20,0.8916068053769699,0.11215706228007105
2025-03-21,0.903322738865137,0.11070240535030931
2025-03-24,0.8849981200519085,0.11299459030956431
2025-03-25,0.8991585839937701,0.11121508683799972
2025-03-26,0.9111281056892416,0.10975405036413946
2025-03-27,0.9256215889983357,0.1080355095306445
2025-03-28,0.9070863866201034,0.11024308321130276
2025-03-31,0.8953737327946283,0.11168520622989617
2025-04-01,0.908475694307897,0.11007449139977586
2025-04-02,0.913715376712033,0.10944327144832111
2025-04-03,0.698569245675618,0.14314973156782113
2025-04-04,0.5,0.20172508261033856
2025-04-07,0.5,0.2005363065035977
2025-04-08,0.5,0.20120597132554288
2025-04-09,0.5,0.2751844358072919
2025-04-10,0.5,0.2800957180003652
2025-04-11,0.5,0.27925248411594233
2025-04-14,0.5,0.27592239722139766
2025-04-15,0.5,0.2716110720341121
2025-04-16,0.5,0.26845933435578445
2025-04-17,0.5,0.26455785029266693
2025-04-21,0.5,0.26454274863045124
2025-04-22,0.5,0.26591250196958965
2025-04-23,0.5,0.26237637183017914
2025-04-24,0.5,0.2615359113735903
2025-04-25,0.5,0.25746094600269687
2025-04-28,0.5,0.253630081099815
2025-04-29,0.5,0.25004218440414466
2025-04-30,0.5,0.24615678420058223
2025-05-01,0.5,0.24237217615849466
2025-05-02,0.5,0.24060101145274215
2025-05-05,0.5,0.2368858581316407
2025-05-06,0.5,0.23321799195566115
2025-05-07,0.5,0.2296071719861437
2025-05-08,0.5,0.2260422082727444
2025-05-09,0.5,0.22248580479122856
2025-05-12,0.5,0.22369415361080566
2025-05-13,0.5,0.22021250442385043
2025-05-14,0.5,0.21734806853428346
2025-05-15,0.5,0.21564081619340927
2025-05-16,0.5,0.2130904451635223
2025-05-19,0.5,0.20977834379592064
2025-05-20,0.5,0.20648838996353805
2025-05-21,0.5,0.2074410071170265
2025-05-22,0.5,0.20432943023242892
2025-05-23,0.5,0.20112153966968344
2025-05-27,0.5,0.20133515743831717
2025-05-28,0.5021980292664818,0.19912463644284217
2025-05-29,0.5095132587654705,0.1962657463366034
2025-05-30,0.5176507937861052,0.19318042433316598
2025-05-31,0.5259337324206782,0.1901380227880365
2025-06-02,0.5330736077781189,0.18759135425369433
2025-06-03,0.5408606326261175,0.18489051331847872
2025-06-04,0.5494236611093029,0.18200890693003102
2025-06-05,0.5568554026203292,0.17957983262700106
2025-06-06,0.5635929493060436,0.17743302169257222
2025-06-09,0.572575423895913,0.17464947992280358
2025-06-10,0.5789756414865441,0.17271883795187967
2025-06-11,0.5882370056438242,0.169999505370374
2025-06-12,0.5960357406643795,0.1677751738319142
2025-06-13,0.6021028239491347,0.16608458891474648
2025-06-16,0.6108788715955716,0.1636985737267475
2025-06-17,0.617758243223164,0.1618756222146844
2025-06-18,0.6275140939548469,0.15935897052090045
2025-06-20,0.6375544569566425,0.15684934660695282
2025-06-23,0.6420391245363876,0.15575374798570008
2025-06-24,0.6494229620709292,0.15398285222486194
2025-06-25,0.6577943378651636,0.1520231997200594
2025-06-26,0.6626118346345999,0.1509179202257162
2025-06-27,0.6730221541820612,0.1485835189504753
2025-06-30,0.6809673709349909,0.1468499142076318
2025-07-01,0.6871888562172194,0.1455204040276086
2025-07-02,0.6973405621994039,0.14340195511444392
2025-07-03,0.7071561525694882,0.14141148265011183
2025-07-07,0.7123728538444678,0.1403759273817486
2025-07-08,0.7237633477897195,0.13816670919491458
2025-07-09,0.732833833926437,0.1364565817931902
2025-07-10,0.7418215194078565,0.1348033150613141
2025-07-11,0.7512036473992363,0.13311969443467545
2025-07-14,0.7631632508885166,0.13103356311192202
2025-07-15,0.7567068497123388,0.13215157235330285
2025-07-16,0.7672293537411466,0.13033912155782654
2025-07-17,0.7766520532517609,0.12875778745618513
2025-07-18,0.7889909485119926,0.12674416631597138
2025-07-21,0.8004591766325987,0.1249282948078423
2025-07-22,0.8026805744621351,0.12458255896750534
2025-07-23,0.81110847635622,0.12328807171296571
2025-07-24,0.8224522623119777,0.12158760402566367
2025-07-25,0.8338096199787371,0.1199314539001722
2025-07-28,0.8432663257513099,0.11858649746378144
2025-07-29,0.8566879271462579,0.11672862057612203
2025-07-30,0.8622659419193669,0.11597350091017664
2025-07-31,0.8707818358736155,0.11483932700510983
2025-08-01,0.8751608940669663,0.11426470341389378
2025-08-04,0.8598460446770184,0.11629988951982995
2025-08-05,0.8725477526629442,0.11460690798275305
2025-08-06,0.886487565430347,0.1128047407539832
2025-08-07,0.9006667444863337,0.11102885791240331
2025-08-08,0.9119342882892658,0.10965702384937628
2025-08-11,0.9246877420805816,0.10814461514867311
2025-08-12,0.9207396222768965,0.10860833788461287
2025-08-13,0.917510670100618,0.10899055810330095
2025-08-14,0.9281224905049209,0.10774439906697833
2025-08-15,0.942569016454242,0.10609302688112984
2025-08-31,0.957651078369067,0.10442216612997038
