Date,ret_ew,ret_rp
2018-06-20,-7.936507936507937e-05,-7.936507936507937e-05
2018-06-21,-7.936507936507937e-05,-7.936507936507937e-05
2018-06-22,-7.936507936507937e-05,-7.936507936507937e-05
2018-06-25,-7.936507936507937e-05,-7.936507936507937e-05
2018-06-26,-7.936507936507937e-05,-7.936507936507937e-05
2018-06-27,-7.936507936507937e-05,-7.936507936507937e-05
2018-06-28,-7.936507936507937e-05,-7.936507936507937e-05
2018-06-29,-7.936507936507937e-05,-7.936507936507937e-05
2018-06-30,-7.936507936507937e-05,
2018-07-02,-7.936507936507937e-05,-7.936507936507937e-05
2018-07-03,-7.936507936507937e-05,-7.936507936507937e-05
2018-07-05,-7.936507936507937e-05,-7.936507936507937e-05
2018-07-06,-7.936507936507937e-05,-7.936507936507937e-05
2018-07-09,-7.936507936507937e-05,-7.936507936507937e-05
2018-07-10,-7.936507936507937e-05,-7.936507936507937e-05
2018-07-11,-7.936507936507937e-05,-7.936507936507937e-05
2018-07-12,-7.936507936507937e-05,-7.936507936507937e-05
2018-07-13,-7.936507936507937e-05,-7.936507936507937e-05
2018-07-16,-7.936507936507937e-05,-7.936507936507937e-05
2018-07-17,-7.936507936507937e-05,-7.936507936507937e-05
2018-07-18,-7.936507936507937e-05,-7.936507936507937e-05
2018-07-19,-7.936507936507937e-05,-7.936507936507937e-05
2018-07-20,-7.936507936507937e-05,-7.936507936507937e-05
2018-07-23,-7.936507936507937e-05,-7.936507936507937e-05
2018-07-24,-7.936507936507937e-05,-7.936507936507937e-05
2018-07-25,-7.936507936507937e-05,-7.936507936507937e-05
2018-07-26,-7.936507936507937e-05,-7.936507936507937e-05
2018-07-27,-7.936507936507937e-05,-7.936507936507937e-05
2018-07-30,-7.936507936507937e-05,-7.936507936507937e-05
2018-07-31,0.0046553996165447165,-7.936507936507937e-05
2018-08-01,-0.005724688943187914,-7.936507936507937e-05
2018-08-02,0.0022434553848309016,-7.936507936507937e-05
2018-08-03,0.005099861858274525,-7.936507936507937e-05
2018-08-06,0.002517477408931025,-7.936507936507937e-05
2018-08-07,0.0017350950820655942,-7.936507936507937e-05
2018-08-08,-0.0015729796578906256,-7.936507936507937e-05
2018-08-09,5.426709166861179e-05,-7.936507936507937e-05
2018-08-10,-0.005012477138921475,-7.936507936507937e-05
2018-08-13,-0.0051294562016914475,-7.936507936507937e-05
2018-08-14,0.005141089964545253,-7.936507936507937e-05
2018-08-15,-0.008219116457065091,-7.936507936507937e-05
2018-08-16,0.006774203431568683,-7.936507936507937e-05
2018-08-17,0.003440441704495254,-7.936507936507937e-05
2018-08-20,0.0034082598998468024,-7.936507936507937e-05
2018-08-21,0.0016977133526441422,-7.936507936507937e-05
2018-08-22,-0.0009110083244618391,-7.936507936507937e-05
2018-08-23,-0.002847027480367333,-7.936507936507937e-05
2018-08-24,0.007082542360867016,-7.936507936507937e-05
2018-08-27,0.005631192421994082,-7.936507936507937e-05
2018-08-28,-0.0026360589059494064,-7.936507936507937e-05
2018-08-29,0.004991906881383575,-7.936507936507937e-05
2018-08-30,-0.004287163691416796,-7.936507936507937e-05
2018-08-31,-0.0021303844888328777,-7.936507936507937e-05
2018-09-04,-0.0029912625477010284,-7.936507936507937e-05
2018-09-05,0.0005231571662714076,-7.936507936507937e-05
2018-09-06,-0.0018605543094113372,-7.936507936507937e-05
2018-09-07,-0.003093937872355616,-7.936507936507937e-05
2018-09-10,0.0018117216745160312,-7.936507936507937e-05
2018-09-11,0.0019886954924908367,-7.936507936507937e-05
2018-09-12,0.0016540631899861374,-7.936507936507937e-05
2018-09-13,0.003739564237844909,-7.936507936507937e-05
2018-09-14,-0.0010801467078956095,-7.936507936507937e-05
2018-09-17,-0.00214853643101995,-7.936507936507937e-05
2018-09-18,0.0028935600554132164,-7.936507936507937e-05
2018-09-19,0.0002245960745682411,-7.936507936507937e-05
2018-09-20,0.006867714511099417,-7.936507936507937e-05
2018-09-21,-0.0005668777783830853,-7.936507936507937e-05
2018-09-24,-0.004582362272768123,-7.936507936507937e-05
2018-09-25,-0.0021096462420373847,-7.936507936507937e-05
2018-09-26,-0.002952953270801687,-7.936507936507937e-05
2018-09-27,0.0010067030811940288,-7.936507936507937e-05
2018-09-28,8.338983800470817e-05,-7.936507936507937e-05
2018-09-30,-7.936507936507937e-05,
2018-10-01,0.0020909694483010398,-7.936507936507937e-05
2018-10-02,0.0023520073692034514,-7.936507936507937e-05
2018-10-03,-0.0023548177853320042,-7.936507936507937e-05
2018-10-04,-0.005629677905176241,-7.936507936507937e-05
2018-10-05,-0.0034016791458293875,-7.936507936507937e-05
2018-10-08,0.00020099977269144364,-7.936507936507937e-05
2018-10-09,-0.002521933954324088,-7.936507936507937e-05
2018-10-10,-0.023729797244958523,-7.936507936507937e-05
2018-10-11,-0.014465069752856571,-7.936507936507937e-05
2018-10-12,0.008067665489970665,-7.936507936507937e-05
2018-10-15,-0.002309028373792721,-7.936507936507937e-05
2018-10-16,0.015258438120170033,-7.936507936507937e-05
2018-10-17,-0.0014700286484095808,-7.936507936507937e-05
2018-10-18,-0.009879391086831902,-7.936507936507937e-05
2018-10-19,5.648458552153185e-05,-7.936507936507937e-05
2018-10-22,-0.0049184046031229105,-7.936507936507937e-05
2018-10-23,-0.0053931034210220165,-7.936507936507937e-05
2018-10-24,-0.02066656377054596,-7.936507936507937e-05
2018-10-25,0.011479273268010817,-7.936507936507937e-05
2018-10-26,-0.013032202322748867,-7.936507936507937e-05
2018-10-29,-0.004097567696690056,-7.936507936507937e-05
2018-10-30,0.013464280608578485,-7.936507936507937e-05
2018-10-31,0.0055998625746428886,0.002259622277178151
2018-11-01,0.010401314183884324,0.009675671711902896
2018-11-02,-0.005270983992149908,-0.0053032852279700435
2018-11-05,0.006092313357839734,0.006004958899207543
2018-11-06,0.00557697658079381,0.004789374181030982
2018-11-07,0.015428515384156011,0.013360734290902258
2018-11-08,-0.0032012691400773656,-0.002590088708394628
2018-11-09,-0.0072503521819489635,-0.005653075800730415
2018-11-12,-0.0138656823440462,-0.01138001246984831
2018-11-13,-0.002039030974282654,-0.0016783892463090302
2018-11-14,-0.00428222237823033,-0.003577638347026549
2018-11-15,0.007172672206224905,0.005736150817537874
2018-11-16,0.004381410860503354,0.004950137234445732
2018-11-19,-0.010945572581402505,-0.008464690959210262
2018-11-20,-0.015141666819094877,-0.01297938124186713
2018-11-21,0.0027620381684110547,0.001622714023948093
2018-11-23,-0.006173140359823231,-0.00468880589652315
2018-11-26,0.011220769345169445,0.008995999697363918
2018-11-27,0.0011033259854652047,0.0011033779988463065
2018-11-28,0.015895749799685988,0.013227682305189356
2018-11-29,0.00045382932748087184,0.0009499182177248729
2018-11-30,0.006130759776885484,0.005549526924636414
2018-12-03,0.009989968631318253,0.008874391699480769
2018-12-04,-0.02203046092500874,-0.015573906206362346
2018-12-06,-0.002698217064570372,-0.0020540877361462043
2018-12-07,-0.015389726561412947,-0.011382961557960999
2018-12-10,0.00027757708278448195,0.00010955311151700727
2018-12-11,-0.0002437177626392824,-8.36042095609943e-05
2018-12-12,0.004221883103801169,0.0028116973692534812
2018-12-13,-0.0013424013944981607,-0.001188261592814805
2018-12-14,-0.013257364168509537,-0.010849537945231287
2018-12-17,-0.015933433563168575,-0.01257183853427227
2018-12-18,-0.001375657709143563,-0.0010015519305053293
2018-12-19,-0.011335180297386045,-0.008294541901792244
2018-12-20,-0.012326017599031005,-0.009084709419215924
2018-12-21,-0.014656116488160151,-0.011789099509108142
2018-12-24,-0.022049263743950293,-0.01754912410750181
2018-12-26,0.03709380025475055,0.02824768919098273
2018-12-27,0.0084316208028459,0.007843934077508866
2018-12-28,-0.0005205319453684799,0.000776400891660416
2018-12-31,0.00667521027595244,0.005602166856486263
2019-01-02,0.0022200898536956387,0.0013463294562458387
2019-01-03,-0.015565772083434916,-0.009141620045740947
2019-01-04,0.025855984241547808,0.017652496641411716
2019-01-07,0.005494527356232587,0.0035463191528436397
2019-01-08,0.007672877457853414,0.005587533837890745
2019-01-09,0.003364592702831892,0.0022861408199030668
2019-01-10,0.003077660228003642,0.0015491076048538667
2019-01-11,-0.0006037062738111242,0.00020076087299917362
2019-01-14,-0.005253595463038267,-0.004737880184274423
2019-01-15,0.006454901517533831,0.004604779715264326
2019-01-16,0.0015801249672795755,0.0016945933712138824
2019-01-17,0.0068268135001625435,0.00522259718882685
2019-01-18,0.010007452295269259,0.006196899463036532
2019-01-22,-0.010422337875412916,-0.006581621297079127
2019-01-23,0.0005711338836068905,0.0008660568957076369
2019-01-24,0.0010869591014519078,0.0008537740675794418
2019-01-25,0.006905656959584234,0.0053771203202042615
2019-01-28,-0.005190227562531024,-0.0034325277965724585
2019-01-29,0.001209094138173363,0.0024836043261567786
2019-01-30,0.011957415848709931,0.009305760643955835
2019-01-31,0.008616433355833135,0.008191971447783655
2019-02-01,-9.650193675576695e-05,-0.0013006526497697738
2019-02-04,0.0037620519843458225,0.0016516476100869458
2019-02-05,0.004211829019279715,0.0036977474241438575
2019-02-06,-0.0033650960131246447,-0.003050753777767829
2019-02-07,-0.006230580396918634,-0.002958375722421533
2019-02-08,0.0014615225192052069,0.002125907827734839
2019-02-11,-0.0002477269931259762,-0.001106105143686125
2019-02-12,0.010651073915494438,0.007849255440969033
2019-02-13,0.0019662549568134693,0.0004173266939993767
2019-02-14,-0.0014074577689415241,-0.0002694618423487056
2019-02-15,0.009810497578136979,0.008358741500735302
2019-02-19,0.003446743403975242,0.004763884072885967
2019-02-20,0.0023433829400274016,0.0012660382678047698
2019-02-21,-0.004947480721021203,-0.0055966559706800804
2019-02-22,0.004925609492977866,0.004490874663777941
2019-02-25,0.0002705354831349444,-0.0006403904654210469
2019-02-26,-0.0008120101826857131,5.428642086371065e-05
2019-02-27,-0.0017547092577756104,-0.0034053367040497917
2019-02-28,-0.0031746294555245946,-0.0030213626727119583
2019-03-01,0.002864268405774655,-0.0005234637711613108
2019-03-04,-0.0016091233951326966,-0.0008007479533716091
2019-03-05,-0.0010371709054529871,-0.0005334854767823099
2019-03-06,-0.0042436854132982555,-0.0029788302373503824
2019-03-07,-0.005596024567891213,-0.003718169560243207
2019-03-08,-0.0009258515887362618,0.0009900629837309603
2019-03-11,0.010396431531104982,0.007374679160275499
2019-03-12,0.0036770082667939926,0.004193156344045684
2019-03-13,0.00543668812244687,0.004750574183222037
2019-03-14,-0.002814845945816678,-0.004025801542769683
2019-03-15,0.0038475716692213738,0.004183295881729678
2019-03-18,0.0030602673836679336,0.0021725423687730143
2019-03-19,-0.0009323911537392414,-0.0010322847412548811
2019-03-20,-0.0003677981852183362,0.0010837935282334249
2019-03-21,0.00830834932801886,0.006319373523796424
2019-03-22,-0.013498883098379795,-0.008125858370156834
2019-03-25,0.0005884274567317453,0.001417093335729949
2019-03-26,0.005798929487620034,0.004212073573250552
2019-03-27,-0.0035197330595420186,-0.0025238537096798617
2019-03-28,0.0017756652255852801,0.00011749361734010174
2019-03-29,0.0050766100062044975,0.004130028965661802
2019-03-31,-7.936507936507937e-05,
2019-04-01,0.007104751693983943,0.003160147240217446
2019-04-02,-5.1191702661483386e-05,0.0002510105742894768
2019-04-03,0.00029937380105517463,-0.0010037446090718698
2019-04-04,0.0035766418227200104,0.003238648128301258
2019-04-05,0.0045159971132090445,0.003647298638405288
2019-04-08,0.00032208854730947156,0.00016908049614378377
2019-04-09,-0.003861092090920774,-0.0020304189342598964
2019-04-10,0.0022273080835901902,0.00209604043168657
2019-04-11,-0.0007909801662977707,-0.002294747735780368
2019-04-12,0.004917133419165626,0.0030621635993280773
2019-04-15,-0.001014724838811341,-0.0005438198585962666
2019-04-16,-0.0005959453352863058,-0.00243553803520015
2019-04-17,-0.0020349729642883414,-0.001915350894615155
2019-04-18,0.001352302390522843,0.0016053279533777111
2019-04-22,0.00047678061177492564,-0.0003238988290483666
2019-04-23,0.005719485044035122,0.004244304310217598
2019-04-24,-0.0011282132560275792,0.000533433702461055
2019-04-25,-0.0018196186557515428,-0.0014690833748812995
2019-04-26,0.004475944268168708,0.004859264320137897
2019-04-29,-0.00023086833621758818,-0.0013540386163133976
2019-04-30,0.0025693946670186443,0.003374940766149334
2019-05-01,-0.008370976639805398,-0.008031842129892799
2019-05-02,-0.003196207286486759,-0.002912517294864673
2019-05-03,0.008300433329349585,0.007955346412673937
2019-05-06,-0.003661518262420109,-0.0033941123665454896
2019-05-07,-0.0115029077925088,-0.010141506394802548
2019-05-08,-0.002084653197632895,-0.0024341596093800347
2019-05-09,-0.0021123653518943077,-0.0017867713438206867
2019-05-10,0.005528655781470555,0.005768915085903882
2019-05-13,-0.016333250968401134,-0.013725160222598417
2019-05-14,0.00570317808115091,0.004778851378694961
2019-05-15,0.004499255064780197,0.0042816647517257035
2019-05-16,0.006406265429501233,0.005729196074287977
2019-05-17,-0.005240462775513703,-0.004659392234510948
2019-05-20,-0.005068617341530081,-0.0045629631543305585
2019-05-21,0.006979371225545065,0.005759831278005652
2019-05-22,-0.002629304720269345,-0.0016974668605407137
2019-05-23,-0.008266257878782641,-0.006015384800638283
2019-05-24,0.0013605790321292144,0.0009853914882942726
2019-05-28,-0.007577055576637414,-0.0075910925586342316
2019-05-29,-0.005403004762808066,-0.005250162096651982
2019-05-30,0.002259277334733937,0.0028483016520117247
2019-05-31,-0.007876501603425014,-0.005653155482587431
2019-06-03,0.003779074900547026,0.004819931653704882
2019-06-04,0.01606908160882913,0.013178640790589469
2019-06-05,0.005583863507098752,0.005600915132707675
2019-06-06,0.007012749150850046,0.0065623245733617205
2019-06-07,0.007942335248252724,0.007581911773698208
2019-06-10,0.0007085472478072207,-0.00058191801203671
2019-06-11,-0.0004051949371996138,-0.0004059490115771734
2019-06-12,-0.0004068237208151969,0.0005461930621729004
2019-06-13,0.005057073617453802,0.004791683725495197
2019-06-14,-0.0006079323818316756,-8.156454250972931e-06
2019-06-17,-0.00014992401704604753,-0.0002898656609128875
2019-06-18,0.00781376281052583,0.006583889957310735
2019-06-19,0.0020533726196858724,0.0025093912371379114
2019-06-20,0.01086593695309104,0.010820960421394589
2019-06-21,-0.0007104128157582715,-0.0008772833494396284
2019-06-24,0.0005715668796987884,0.0017285785969900123
2019-06-25,-0.005947038986530226,-0.004851734416216339
2019-06-26,-0.0033992988209333,-0.0049954333141260035
2019-06-27,0.0030741860168500253,0.003096780436172753
2019-06-28,0.0054116444324001246,0.004605226149515824
2019-06-30,-7.936507936507937e-05,
2019-07-01,0.0033446605419490474,0.001802433856082932
2019-07-02,0.004092541906095091,0.005797261130338169
2019-07-03,0.006653072684005729,0.006673105293418511
2019-07-05,-0.0033917359345039463,-0.004301402129879909
2019-07-08,-0.004110868833711906,-0.0036211931019082965
2019-07-09,-3.946226121739394e-06,-4.262788730073859e-05
2019-07-10,0.00409749526584956,0.004182294105873155
2019-07-11,0.0004646832561338829,-0.0006576663434889645
2019-07-12,0.004671858278177979,0.004178235837794748
2019-07-15,0.0001641339627191905,0.0007165331962311403
2019-07-16,-0.0033393071583582307,-0.003419119978936448
2019-07-17,-0.003550405284900528,-0.0014782596559572087
2019-07-18,0.0038482528817467996,0.0043845367178714
2019-07-19,-0.005417142429120477,-0.0061860496285703415
2019-07-22,0.0009700144335254821,0.0004975975475615649
2019-07-23,0.0047903467392659905,0.0035438124974841896
2019-07-24,0.0036251142336339564,0.0032222642018407107
2019-07-25,-0.004893072717695403,-0.0046560292408820165
2019-07-26,0.005149089615957482,0.005119184295713307
2019-07-29,-0.0008983151770934917,-0.00016554559370615516
2019-07-30,-0.00021537119390318377,-0.00013701714597402418
2019-07-31,-0.009176002327904834,-0.008707059100557938
2019-08-01,-0.003566168643859855,-0.001853104406569864
2019-08-02,-0.005409458536648169,-0.004127868719551884
2019-08-05,-0.020342444703508423,-0.018032480932691445
2019-08-06,0.010594679050677786,0.010583985307404781
2019-08-07,0.002759056581902571,0.002838965535634299
2019-08-08,0.015881189317243017,0.014669068077124656
2019-08-09,-0.005998432590138123,-0.00533155970208396
2019-08-12,-0.007296938560083272,-0.00571991726391382
2019-08-13,0.009603238798780432,0.008637276577352625
2019-08-14,-0.021622167960650446,-0.018803362366697
2019-08-15,0.003709917973795882,0.004646861274164533
2019-08-16,0.010365833478564063,0.009172083527991499
2019-08-19,0.00766636550515101,0.006284633189534772
2019-08-20,-0.004557370018749287,-0.003870294559686897
2019-08-21,0.005253618038623932,0.004643780517475347
2019-08-22,-0.0013401028972935014,-0.0013639379203256121
2019-08-23,-0.017682285331887048,-0.015378543355635441
2019-08-26,0.007740008726751326,0.007277911038613235
2019-08-27,-0.0003562904362719004,0.0002704545561979313
2019-08-28,0.005925910206476534,0.005697614984676542
2019-08-29,0.009227694106903222,0.00799919883444448
2019-08-30,0.0003114385795704792,0.00020998052174789404
2019-08-31,-7.936507936507937e-05,
2019-09-03,-0.00259079537447669,-0.0016203300439850674
2019-09-04,0.0093721027805128,0.00836446754290677
2019-09-05,0.004938331966359064,0.0029971145384429633
2019-09-06,0.0008302632416410639,0.0010583032262944372
2019-09-09,-0.0005284897101181169,-0.0016613596945686594
2019-09-10,-0.000196772063811433,-0.0012564740658714936
2019-09-11,0.005833309041746872,0.005515079986052847
2019-09-12,0.0017625864817211344,0.0014002499539993922
2019-09-13,-0.0018477823153571606,-0.002984941612738747
2019-09-16,0.0002399944509987299,0.0003688307716423878
2019-09-17,0.002333095130552102,0.002733840092647348
2019-09-18,-0.00010813771693527142,0.00019453465039131102
2019-09-19,0.00044620768520937254,0.0006891242568662263
2019-09-20,-0.0010732046465146256,-1.8016118816872612e-05
2019-09-23,0.0003394439695333074,0.000354059100920055
2019-09-24,-0.004334413629807624,-0.0029383031078363386
2019-09-25,0.001261754898090335,-4.818440747042497e-05
2019-09-26,-0.0017460440867763031,-0.001069345229518482
2019-09-27,-0.0036561910318240764,-0.0031407019442094616
2019-09-30,0.0020736367976400714,0.002064015146150429
2019-10-01,-0.010553844521872573,-0.00961553673744543
2019-10-02,-0.014038442147192921,-0.013658368064969144
2019-10-03,0.00691385140304526,0.00660636203782119
2019-10-04,0.010987503368141128,0.011147175109121018
2019-10-07,-0.005353792173742065,-0.005345490219578917
2019-10-08,-0.011844229578175281,-0.011393395219289686
2019-10-09,0.006800237115537157,0.006489155260557037
2019-10-10,0.0034783045706873166,0.0028525281838331262
2019-10-11,0.007146290763367783,0.00608078440636464
2019-10-14,-0.0010813223297246712,-0.0013608374728396044
2019-10-15,0.005120763981151602,0.004409258186208113
2019-10-16,-0.0006658033082083058,-0.00018532275595148736
2019-10-17,0.002348459577972017,0.0025264110784590835
2019-10-18,-0.0030530799264940826,-0.0024855534491803563
2019-10-21,0.003976557764457708,0.003333431551101219
2019-10-22,-9.46298769252601e-05,0.0002332941175937416
2019-10-23,0.0033359735991743303,0.003357253181915944
2019-10-24,0.000638560298174928,0.0007268559282286475
2019-10-25,0.0025439078371125743,0.0014660430072559968
2019-10-28,0.000545549471246111,-0.0002220446990719174
2019-10-29,0.0003521784349167479,0.000753155110674063
2019-10-30,0.003056809299786363,0.0038190853031674927
2019-10-31,-0.0007221511873653704,-8.970559410047774e-05
2019-11-01,0.007822147999476602,0.0064484902241214665
2019-11-04,0.0024356309242736496,0.0004948142197817293
2019-11-05,-0.0027425370283675034,-0.003520616394001077
2019-11-06,0.00020532347677445812,0.0009876450017083588
2019-11-07,-0.0007153429349863854,-0.002329315033348464
2019-11-08,4.905116992816566e-05,-0.0002888518450398264
2019-11-11,-0.002497121363737505,-0.0026091239537486687
2019-11-12,0.0019347147696848546,0.002183331790122697
2019-11-13,0.0009208649429233326,0.0019508988155507575
2019-11-14,0.0027688311297204443,0.0029378162895942225
2019-11-15,0.004616356471486845,0.004280413343390248
2019-11-18,0.0001038776028265943,0.0005019204544707833
2019-11-19,-0.0011225269926146532,-0.00085834930034526
2019-11-20,-0.0010516761790104949,-0.0006006032084203073
2019-11-21,-0.001106801225198769,-0.0016977624027950384
2019-11-22,0.0014689052407886663,0.0013615611689227229
2019-11-25,0.004523898276610805,0.003836212683496526
2019-11-26,0.0024300330100546566,0.002917666734020236
2019-11-27,0.002577033253517017,0.0022641518608478633
2019-11-29,-0.002875582913676328,-0.002400315461297964
2019-11-30,-7.936507936507937e-05,
2019-12-02,-0.007355376753494848,-0.0069382246476225855
2019-12-03,-0.0032174660184815353,-0.0020491450765122497
2019-12-04,0.00472089284105953,0.004474321979377651
2019-12-05,0.0006962113097874086,0.0006568205811800385
2019-12-06,0.005905941209674208,0.004625906587733833
2019-12-09,-0.0021520601029187698,-0.0020674985324624544
2019-12-10,-0.0007024393151835659,-0.0006955837885339304
2019-12-11,0.0035499671633234696,0.003620363581561674
2019-12-12,0.005390430209858213,0.004071388869470205
2019-12-13,0.0007853056890599597,0.0014196696303767462
2019-12-16,0.005066818077923176,0.004968133945681279
2019-12-17,0.00035754073842815786,0.00041271505753064737
2019-12-18,-0.00029589248207281105,-0.0002509227104577104
2019-12-19,0.003160818233176088,0.003064094745317795
2019-12-20,0.004461504740107432,0.004484921749087771
2019-12-23,0.0006691699671143931,2.9717024045466044e-06
2019-12-24,0.0011736134156223573,0.0014133635296109891
2019-12-26,0.004212305429199367,0.0040476363133329935
2019-12-27,-0.0004947466806564128,-0.00011537650234171989
2019-12-30,-0.004186171701209331,-0.0038762669848761188
2019-12-31,0.0016793336646990578,0.0015413397326637765
2020-01-02,0.005681336711864258,0.004878279316591331
2020-01-03,-0.003202171398439509,-0.0029696661031258526
2020-01-06,0.002896825018820546,0.0030015476072700283
2020-01-07,-0.0021733990480122187,-0.0021535615234161086
2020-01-08,0.0010426469253993,0.0014734797321066147
2020-01-09,0.004759567265646948,0.004505132088177621
2020-01-10,-0.0016373302172619435,-0.001413980420495826
2020-01-13,0.004259097380173722,0.004186406808823096
2020-01-14,-6.127999379926453e-05,-4.061366171424962e-05
2020-01-15,0.0033775168485346355,0.003928897664413891
2020-01-16,0.005406615649218911,0.005342889415667429
2020-01-17,0.001681199759945201,0.002072397579171433
2020-01-21,-0.002348311684035748,-0.0016218429595910712
2020-01-22,-0.00044257428362948426,-0.00015696803095352778
2020-01-23,0.0013819671633556719,0.0014274761716759976
2020-01-24,-0.006219257053340876,-0.006049228922744926
2020-01-27,-0.010823120110154481,-0.009819139311207824
2020-01-28,0.005579327491723997,0.005231968360770359
2020-01-29,0.000491452121828715,0.0006217033975968319
2020-01-30,0.0021251954938532216,0.002070494609948414
2020-01-31,-0.01334551982228218,-0.012041049983927656
2020-02-03,0.004228058828175838,0.0043652686653657055
2020-02-04,0.007569490201729985,0.007134396545045988
2020-02-05,0.010509498548420017,0.009385640150660053
2020-02-06,0.0018697334840653257,0.0021739506959901674
2020-02-07,-0.0034858634824589136,-0.0030978858484675144
2020-02-10,0.0042913937740443955,0.004600776121459613
2020-02-11,0.0019922720683368234,0.0015834141646273322
2020-02-12,0.0048044914006961995,0.004281423211182558
2020-02-13,0.000337269281482392,0.0009452547223231883
2020-02-14,0.0013610033784588172,0.0016389434766634218
2020-02-18,-0.00018324251020962646,0.000336944737771232
2020-02-19,0.0034566560849695316,0.0027561981816421836
2020-02-20,-0.0011843558937818547,-0.001030327645933766
2020-02-21,-0.005019161768390578,-0.004253387507120141
2020-02-24,-0.0239832731291164,-0.022960757349303588
2020-02-25,-0.02752649416493944,-0.026427100667485912
2020-02-26,-0.005956351407544998,-0.00517677822769851
2020-02-27,-0.035298706681779014,-0.034827676650511036
2020-02-28,-0.011158213765913399,-0.01299232064726916
2020-02-29,-7.936507936507937e-05,
2020-03-02,0.03773860516701349,0.03834940870411074
2020-03-03,-0.016765487169523956,-0.01564755105524757
2020-03-04,0.033894873135557,0.03522196000754034
2020-03-05,-0.023557430193865404,-0.022504638489832415
2020-03-06,-0.012394529958414773,-0.011095633040847886
2020-03-09,-0.06850815531379326,-0.06216611832147111
2020-03-10,0.03088323794116566,0.029838093975738136
2020-03-11,-0.044757679662970486,-0.04408794274970169
2020-03-12,-0.08578158054973978,-0.08528366531478675
2020-03-13,0.0663429459130405,0.06475364895052795
2020-03-16,-0.0918299902971834,-0.08992044735969282
2020-03-17,0.04500152183523846,0.049590153129656554
2020-03-18,-0.056171666115953534,-0.05086611035574431
2020-03-19,0.00565294206200483,0.0005295192252487154
2020-03-20,-0.027068620124752966,-0.030988792919518945
2020-03-23,-0.022618305871977735,-0.02086791648620743
2020-03-24,0.08756117745181546,0.08352888853713887
2020-03-25,0.014193850528981882,0.011901371749947945
2020-03-26,0.05145108799085811,0.05146197872283325
2020-03-27,-0.024713533636821237,-0.022066425991540847
2020-03-30,0.024445645324940236,0.025814417081503456
2020-03-31,-0.01541717207570114,-0.017202316340463895
2020-04-01,-0.03544268623518291,-0.027917178406867492
2020-04-02,0.024273760354332617,0.02107478290560649
2020-04-03,-0.01263468701347163,-0.009835360559255392
2020-04-06,0.057825150403404434,0.051746288105681354
2020-04-07,0.0016555563094040491,-0.00010712507044520426
2020-04-08,0.03073132901149694,0.023937947383796204
2020-04-09,0.018111426037674894,0.017954125816825588
2020-04-13,-0.01068383376079323,-0.0073872588698483494
2020-04-14,0.021166971549068124,0.02018663819067829
2020-04-15,-0.020872480506096674,-0.016001949264252045
2020-04-16,-0.0007185556450845439,0.0013463832354202883
2020-04-17,0.028075379954551494,0.019214973004034453
2020-04-20,-0.016142706749238817,-0.012216569531661382
2020-04-21,-0.02173754354230088,-0.01888844253368711
2020-04-22,0.01884157321780063,0.017159525347942094
2020-04-23,0.0030925470652541994,0.0033199055473688496
2020-04-24,0.009896603256337379,0.00836000324009578
2020-04-27,0.011895139499038148,0.008149500080710696
2020-04-28,0.0032147127283766613,0.0018762591947751044
2020-04-29,0.02099086127848556,0.016835293284950606
2020-04-30,-0.015186116128848981,-0.014659303567967791
2020-05-01,-0.021580144382793393,-0.016122931113575892
2020-05-04,0.0037723700168158032,0.002607819007956483
2020-05-05,0.004523480117830711,0.004197999540046133
2020-05-06,-0.013222896073974961,-0.012663319499640401
2020-05-07,0.013612928949371446,0.013153594109983019
2020-05-08,0.016337399356820242,0.011854586117780796
2020-05-11,-0.005251658612613167,-0.004629962645248751
2020-05-12,-0.014021117690282038,-0.010785060948398635
2020-05-13,-0.015447334578366216,-0.010849156220631387
2020-05-14,0.011249875685221756,0.010517416502059158
2020-05-15,0.002608189761043672,0.003340073386374384
2020-05-18,0.030220538133639827,0.021646165920944385
2020-05-19,-0.00972004433622942,-0.006599668000532031
2020-05-20,0.015207183160414313,0.012541825319756884
2020-05-21,-0.007116011767917616,-0.0071910001752408794
2020-05-22,0.001975793233351247,0.0028047654617809527
2020-05-26,0.01236197515807945,0.007224653811485826
2020-05-27,0.013835999886706887,0.011460962203595266
2020-05-28,-0.001437359456297325,-0.0002653910046445027
2020-05-29,0.002837000040770909,0.0038889859985361697
2020-05-31,-7.936507936507937e-05,
2020-06-01,0.005387792929294929,0.004236012196969494
2020-06-02,0.007732892494812441,0.005096976888673303
2020-06-03,0.011402592281403019,0.0060057531321324265
2020-06-04,-0.0016631988143520826,-0.0015707903526603422
2020-06-05,0.02122707472180311,0.014036508261572626
2020-06-08,0.015220998293239163,0.013302684247502222
2020-06-09,-0.010010176699189606,-0.006098716617144204
2020-06-10,-0.008301998278549763,-0.0035077549253708365
2020-06-11,-0.05009120574953286,-0.040753520728171407
2020-06-12,0.010075096836810252,0.007405327644987096
2020-06-15,0.007577094617796762,0.006400753246865847
2020-06-16,0.013629295207285818,0.010546092884217992
2020-06-17,-0.005553409953147952,-0.0033909623032582115
2020-06-18,0.001792081632783953,0.0016432299809800563
2020-06-19,-0.005600881121660731,-0.003026974795912028
2020-06-22,0.0037563991982605474,0.0035857857066371552
2020-06-23,0.001918631164029412,0.0021884407595565906
2020-06-24,-0.022295497867791506,-0.0178554799687577
2020-06-25,0.00780150934388209,0.006264400013144415
2020-06-26,-0.01882533739508959,-0.014684387520231284
2020-06-29,0.014031747740928512,0.01189009102296886
2020-06-30,0.010450908813075407,0.008234174060526485
2020-07-01,0.0021463553618120395,0.0025722061684481474
2020-07-02,0.005319504257339623,0.004413876497214784
2020-07-06,0.009644202307967926,0.008293273147212054
2020-07-07,-0.0070203964425201455,-0.0025657264733539658
2020-07-08,0.00325887775367231,0.00282240060297168
2020-07-09,-0.009566930478919947,-0.005123447953736413
2020-07-10,0.012659188997995079,0.008922903130808091
2020-07-13,-0.003472649034990433,-0.0027737431701873386
2020-07-14,0.013946272024488546,0.011640624534677818
2020-07-15,0.009545867242802483,0.006674478856048344
2020-07-16,-0.000555897006316005,-0.0007499110972819231
2020-07-17,0.00308036109446651,0.0038059935312191487
2020-07-20,-0.0004661613002425849,0.0008426450061667697
2020-07-21,0.00942097215527033,0.006724302257541069
2020-07-22,0.006218478466536594,0.007295938452714369
2020-07-23,-0.0037151569622603446,-0.0015879188912733392
2020-07-24,-0.0035572366050395394,-0.002226575912633135
2020-07-27,0.004650308574660587,0.00564885144379874
2020-07-28,-0.004030879794761533,-0.0014858204216914692
2020-07-29,0.009853928253998405,0.007869374991428514
2020-07-30,-0.007312702013608073,-0.0044952941646010484
2020-07-31,0.003294417266234378,0.0036984752423776025
2020-08-03,0.0016963967960429214,0.0011468602608990324
2020-08-04,0.008559151834866068,0.00909680913688044
2020-08-05,0.005141283978364661,0.0034457002432002207
2020-08-06,0.004555998375633223,0.005719783959952204
2020-08-07,0.0026470699808689418,0.0002719380095609834
2020-08-10,0.005911931506176033,0.0030255136865896836
2020-08-11,-0.010373047456840775,-0.014318029240356007
2020-08-12,0.007809387101053525,0.006803787255654568
2020-08-13,-0.0014922600954152838,0.0005554216281090976
2020-08-14,-0.0002016713817788195,-0.0013219526384810258
2020-08-17,0.0026294833977143655,0.0050126024067969795
2020-08-18,0.00039628155205248327,0.0023921396831626143
2020-08-19,-0.006583248909033105,-0.00819008772287447
2020-08-20,-0.0012187839360672643,0.001032169261147603
2020-08-21,0.000464395003172226,0.0006483201930488434
2020-08-24,0.010624841803724847,0.007322344430043126
2020-08-25,-0.0009165584296317514,-0.0005410600926453219
2020-08-26,0.003785036953966848,0.005113162575152858
2020-08-27,-0.0007657491418394136,-0.0027227929778569178
2020-08-28,0.007546396159648303,0.007199232494383585
2020-08-31,-0.004591877855616879,-0.0027045885380226663
2020-09-01,0.005366882626714704,0.0053612191107070585
2020-09-02,0.013125320022006797,0.013721355020961666
2020-09-03,-0.02190944558479373,-0.02071221142346998
2020-09-04,-0.005725192929960647,-0.006913524104392785
2020-09-08,-0.018681117284612598,-0.01603535171482422
2020-09-09,0.014429932312932681,0.013694044496332254
2020-09-10,-0.014041097503489707,-0.011950274700509581
2020-09-11,0.0031610020046871157,0.0029640230238836413
2020-09-14,0.010525045035043689,0.009716730836048204
2020-09-15,0.0017813562718440755,0.002143218157314853
2020-09-16,0.0018305711102093339,-0.0006496071546685123
2020-09-17,-0.00511907509073531,-0.005128866055287274
2020-09-18,-0.009449611194822731,-0.008913776972614694
2020-09-21,-0.01593218896367927,-0.013176741936287888
2020-09-22,0.0044007779724366605,0.00490196549783017
2020-09-23,-0.020676265350263942,-0.017839270512467
2020-09-24,0.0031430940530507503,0.0033824216207869696
2020-09-25,0.009814834312884773,0.009401561930783266
2020-09-28,0.013671687465095152,0.011737110982437663
2020-09-29,-0.005492277523538611,-0.003833903235845087
2020-09-30,0.004656189312553754,0.004441902622416372
2020-10-01,0.0011377178086129903,0.0022683405679238267
2020-10-02,-0.001678530842720888,-0.0019512055029180806
2020-10-05,0.013119342050022118,0.010223474401181838
2020-10-06,-0.010281720546438871,-0.008810386711258347
2020-10-07,0.01285804204237084,0.011445223860982892
2020-10-08,0.011142174209267,0.00978055363390696
2020-10-09,0.005173712212650596,0.005464288282443904
2020-10-12,0.009061792468839274,0.008578321085411442
2020-10-13,-0.007093454015385749,-0.005609139086723569
2020-10-14,-0.002741165938266678,-0.0028085437499041225
2020-10-15,0.0004771174816454245,-7.258552237655928e-05
2020-10-16,-0.0004682259364048797,0.00037675020738896345
2020-10-19,-0.012539125858298075,-0.011649349386618362
2020-10-20,0.003893936532238524,0.0025868412898737243
2020-10-21,-0.0026665751649196765,-0.002214272960847522
2020-10-22,0.007198345056853819,0.005151221871134014
2020-10-23,0.002951897676164261,0.0034656116751553595
2020-10-26,-0.015641702403447328,-0.012895958236728738
2020-10-27,-0.004453929985971274,-0.003543830265120629
2020-10-28,-0.028993318374335504,-0.026549625890851584
2020-10-29,0.008426905439078423,0.005485425535284432
2020-10-30,-0.006134886155050462,-0.006374462571940197
2020-10-31,-7.936507936507937e-05,
2020-11-02,0.01620841035702313,0.015335963582258364
2020-11-03,0.013378593053261365,0.012857232881143507
2020-11-04,0.00963550199617735,0.010484954596316157
2020-11-05,0.01672578985473426,0.015025310609930611
2020-11-06,-0.0030586975856393074,-0.0028001546906998463
2020-11-09,0.018486705583578962,0.011256579864161833
2020-11-10,0.00626352567605326,0.005686068095056982
2020-11-11,0.001112616303763754,0.0015922642650597328
2020-11-12,-0.009143329643618926,-0.006438831889292068
2020-11-13,0.01440743780204001,0.012740575673151469
2020-11-16,0.014621241074603586,0.011372727032535534
2020-11-17,-0.0035134534224264286,-0.003671639194460835
2020-11-18,-0.011211651393594844,-0.010161240140969386
2020-11-19,0.0033163346521846875,0.002670776741536885
2020-11-20,-0.003272989965565883,-0.002391762495289709
2020-11-23,0.008194385913951012,0.004987365101085395
2020-11-24,0.014351930651813862,0.010924134148978484
2020-11-25,-0.003978202080326974,-0.0031750355846740575
2020-11-27,2.7232667819008426e-05,0.0009721037889737102
2020-11-30,-0.009876113877121721,-0.007123731497537065
2020-12-01,0.008057192300702988,0.0069544074315814625
2020-12-02,0.0031672255040818345,0.0010487678327449168
2020-12-03,0.0008449151806791194,0.001112430543999043
2020-12-04,0.008389356290326838,0.004088125654489744
2020-12-07,-0.0013489878874745642,0.000751940540861765
2020-12-08,0.0034972148456444024,0.0031286567973789845
2020-12-09,-0.004996388929653865,-0.005282673660550817
2020-12-10,0.0010600274203921459,-6.872542136099685e-05
2020-12-11,-0.001790888778515559,-0.0006615948433902158
2020-12-14,-0.008005512479782902,-0.006305980643545765
2020-12-15,0.012482483643897965,0.010771427561752736
2020-12-16,-0.0008679184211065359,-0.0007880609430203513
2020-12-17,0.00489253688518661,0.005121933967772861
2020-12-18,-0.0032949651377102815,-0.002529679022967834
2020-12-21,-0.005754126025989304,-0.005255258855208241
2020-12-22,-0.004841089947857611,-0.0039563876315190025
2020-12-23,0.003878429696815,0.0023698318244257197
2020-12-24,0.0028584717060582666,0.0033922611445067084
2020-12-28,0.003940115315378373,0.0039417311733501645
2020-12-29,-0.0017283103576828224,-0.0011619555509616696
2020-12-30,0.004318066581723047,0.0036330995511767075
2020-12-31,0.004938117882857489,0.005431817109066508
2021-01-04,-0.008792347352975093,-0.008449898901305613
2021-01-05,0.008399014649637647,0.005375116041184789
2021-01-06,0.010767848376708463,0.00718571075087584
2021-01-07,0.0071980804532700065,0.0051558940149187115
2021-01-08,7.208925006394623e-05,4.806120492700631e-05
2021-01-11,-0.0036513378221116255,-0.004920046226596177
2021-01-12,0.003952986110110503,0.001796611253862622
2021-01-13,0.0010293351402679081,0.0021768738520033695
2021-01-14,-0.0008124188860336097,-0.0029866720513550306
2021-01-15,-0.008120853769520748,-0.0054252870255966455
2021-01-19,0.006352640741488398,0.00499010956093411
2021-01-20,0.009057289186249574,0.008928409380369066
2021-01-21,-0.005689465232455404,-0.004112414875881921
2021-01-22,-0.0032419010494623536,-0.002768756118718789
2021-01-25,0.0030550549519217348,0.004845221434963062
2021-01-26,-0.0040643352722218706,-0.0025453665989820817
2021-01-27,-0.021105430173521754,-0.020074391139367178
2021-01-28,0.008172508521090301,0.006915558762780283
2021-01-29,-0.016799582601255515,-0.015108272561343462
2021-01-31,-7.936507936507937e-05,
2021-02-01,0.010940711005385672,0.01006653632970271
2021-02-02,0.009806025105077698,0.008186074511933969
2021-02-03,0.002947153063271708,4.935719731896291e-05
2021-02-04,0.005588235059487651,0.004296612049696753
2021-02-05,0.0057460086406711216,0.005272653881812137
2021-02-08,0.008544119685126087,0.006166581698786368
2021-02-09,-0.0011219888324128257,-0.000518507216795684
2021-02-10,0.002391095448292772,0.0015885032215421338
2021-02-11,-0.002811795102301407,-0.002636459735875722
2021-02-12,0.0032269185046866467,0.0014663806956032696
2021-02-16,-0.001408413916917958,-0.004154660070285924
2021-02-17,0.0015392936224084067,0.001104088147145839
2021-02-18,-0.00459604552909197,-0.0032393172514832425
2021-02-19,-0.00029100431641981036,-0.0029168696167548563
2021-02-22,-0.0008975381540703545,-0.0031375857305542118
2021-02-23,0.0024555040856466415,0.0012742257219415685
2021-02-24,0.00803860274682242,0.0050182458581253826
2021-02-25,-0.019916893745819758,-0.01923341130985025
2021-02-26,-0.007327762663965881,-0.005323864527483531
2021-02-28,-7.936507936507937e-05,
2021-03-01,0.018227588472741064,0.015371469659010057
2021-03-02,-0.003683914660537035,-0.0032346374662584904
2021-03-03,-0.008433363108610993,-0.009991218831887964
2021-03-04,-0.00859313190215187,-0.009735291164256796
2021-03-05,0.017656895282009612,0.01566308361541628
2021-03-08,-8.061716356469645e-05,-0.00043562972912143677
2021-03-09,0.009226216921121315,0.011062700605291185
2021-03-10,0.009230052688589011,0.007917029974335023
2021-03-11,0.004268087371340515,0.0035779138457170635
2021-03-12,0.0019006818353754207,0.0011714030085996073
2021-03-15,0.004747989690055805,0.005944264776804261
2021-03-16,-0.004660571982620748,-0.00309779890183513
2021-03-17,0.0021371931856300373,0.0010705785571353647
2021-03-18,-0.011812125224728468,-0.009924733871229476
2021-03-19,0.0005800117369743688,0.001458511962213159
2021-03-22,0.003236432501592129,0.00465436630697259
2021-03-23,-0.006677209814496018,-0.004657579871247532
2021-03-24,-0.0004748331593367204,-0.0016630340489602402
2021-03-25,0.005530506162273378,0.00492795930100755
2021-03-26,0.011968254504769512,0.010478300867770607
2021-03-29,-0.0016765151625598557,-0.0008486894689957315
2021-03-30,-0.003442805409663835,-0.0035174318961843235
2021-03-31,0.001653697659106555,0.0014017109995422823
2021-04-01,0.009562494777069384,0.00793676781396166
2021-04-05,0.008176313184588507,0.00859013345966773
2021-04-06,0.0014358032590626344,0.0018375675944808738
2021-04-07,-0.0016734905890633924,-0.002159930181243564
2021-04-08,0.0025079368838006023,0.00300262895118395
2021-04-09,0.002947388947050829,0.002764373847968507
2021-04-12,8.462488555588171e-05,0.0005032768168998885
2021-04-13,0.0025059391618009255,0.0024005965950724332
2021-04-14,0.0005483974701221113,-0.00038928139954268036
2021-04-15,0.009333862289917937,0.010376597918140853
2021-04-16,0.003245704890215313,0.0035460268596354738
2021-04-19,-0.004417374158697883,-0.004163986637437203
2021-04-20,-0.005280151761218322,-0.0030426008417797834
2021-04-21,0.008574625945623504,0.007979664768832993
2021-04-22,-0.008084745082731291,-0.0072492430682820465
2021-04-23,0.007315341004979767,0.006031931737608299
2021-04-26,0.00043235913667433884,-0.0006829325364192234
2021-04-27,-0.0006989445335492879,-0.0015812990657003388
2021-04-28,0.003064672359469073,0.0017948080498635362
2021-04-29,0.006423767696126615,0.005767095767986831
2021-04-30,-0.005907737524162405,-0.004487968083943142
2021-05-03,0.00641502118193456,0.006236451620148019
2021-05-04,-0.0019073023873043475,-0.001526951789650953
2021-05-05,0.0029737299965190483,0.0016149587168998924
2021-05-06,0.00821440467309328,0.008244485728806513
2021-05-07,0.00681460623964643,0.005915888179351577
2021-05-10,-0.004589885299266647,-0.0031519590961224635
2021-05-11,-0.00919658457582153,-0.008663640164372204
2021-05-12,-0.01697621985052016,-0.01681268450983242
2021-05-13,0.009379262568424878,0.0102527340308245
2021-05-14,0.013631070547462253,0.01181623881087718
2021-05-17,0.0008963199261592833,5.6396999054747574e-05
2021-05-18,-0.007773630485943245,-0.006434549299791546
2021-05-19,-0.005381214995211901,-0.004435231665037869
2021-05-20,0.007388405649031619,0.00758045735275892
2021-05-21,0.001120232263653975,0.0013008295453327732
2021-05-24,0.0068645839122954385,0.005839732383867291
2021-05-25,-0.003004277122792435,-0.0021525352842063396
2021-05-26,0.0016014586636679518,0.0007174802457503516
2021-05-27,0.0013949567197935313,0.0009140115387843418
2021-05-28,0.001188786660367145,0.0013326531159694893
2021-05-31,-7.936507936507937e-05,
2021-06-01,0.002202169987502017,-5.780952542643725e-05
2021-06-02,0.0017851715330965017,0.0011769031909684888
2021-06-03,-0.0028587640765809796,-0.002337918860168206
2021-06-04,0.0070818004153828445,0.006541936904006128
2021-06-07,-0.0017666271821912844,-0.0014385397735342817
2021-06-08,-0.00011384159107500008,-0.0010045061407200854
2021-06-09,-0.0016474904907431815,-0.000913693065757754
2021-06-10,0.0027423755624131608,0.0035842102971043845
2021-06-11,0.00026966253045194327,-0.0002452639924086187
2021-06-14,-0.002210810864826858,-0.0023028790032943607
2021-06-15,7.636480162648079e-05,-0.00047369575693490207
2021-06-16,-0.007628638918011142,-0.008118544142772658
2021-06-17,-0.006811788617202368,-0.005197400558525687
2021-06-18,-0.012651309032350835,-0.01194400688422239
2021-06-21,0.013985643570291294,0.012469846008572903
2021-06-22,0.0029461268023364753,0.0022560795492806637
2021-06-23,-0.001963417598060811,-0.0026653438447434077
2021-06-24,0.00502960835313575,0.004672205145847272
2021-06-25,0.003395913809945859,0.0034470406979111466
2021-06-28,-0.0005294994927959799,0.0007636544226823366
2021-06-29,-0.002980018540727734,-0.0033082989002091398
2021-06-30,0.003224555621465126,0.002922428300685578
2021-07-01,0.006004728652250404,0.005268752819011299
2021-07-02,0.004495399460773465,0.004855500940259219
2021-07-06,-0.004606704365147977,-0.0028585199926811737
2021-07-07,0.0032347064872204046,0.004280101328653642
2021-07-08,-0.007175377901203115,-0.006571727254423957
2021-07-09,0.009312858250106458,0.00769547830137776
2021-07-12,0.0023151857263248657,0.002142681138657011
2021-07-13,-0.005305079834026303,-0.005002667900906171
2021-07-14,0.0005028828883158363,0.0022155975665158105
2021-07-15,-0.0006016380106276549,0.0003487379602609848
2021-07-16,-0.007714797404354695,-0.005992375316105036
2021-07-19,-0.012769860094537113,-0.010410997444506239
2021-07-20,0.010581482172306901,0.009546420682395378
2021-07-21,0.005879768302215109,0.003629364802922767
2021-07-22,0.000616964489343228,0.001443065645349382
2021-07-23,0.00654159781318166,0.006834747177768719
2021-07-26,0.0033139642492425805,0.0018610506952923996
2021-07-27,-0.0008207225531466928,0.00018211178479984034
2021-07-28,0.00025271717374701863,-0.00027870480258066654
2021-07-29,0.004943906751282458,0.004433286419897081
2021-07-30,-0.004688379048995534,-0.003775268975115479
2021-07-31,-7.936507936507937e-05,
2021-08-02,-0.0014672505883065938,-0.000885361167972385
2021-08-03,0.007006432686408138,0.006565361947529921
2021-08-04,-0.006738039040502493,-0.0059366276819659185
2021-08-05,0.0044620414575824415,0.003588475784895312
2021-08-06,-0.00026647074366230946,-0.0015046925250063736
2021-08-09,-0.00317811980366049,-0.0024965658209507055
2021-08-10,0.004394965930627833,0.0035262699168676836
2021-08-11,0.005526103242927237,0.004760234087267345
2021-08-12,0.0009412603147516107,0.001068903915664715
2021-08-13,0.0027107371009182624,0.004008735794920896
2021-08-16,0.0007297621553636222,0.002106875655235731
2021-08-17,-0.005820517615644285,-0.004637152173276127
2021-08-18,-0.008592499146441439,-0.007984771782423138
2021-08-19,-0.002135727174544043,-0.000525123092621368
2021-08-20,0.005669193090726284,0.005415687204157217
2021-08-23,0.007938968441386295,0.0059042167098436946
2021-08-24,0.0013547415682491418,4.3026967965011846e-05
2021-08-25,0.0013824218766980492,0.0005473888584629942
2021-08-26,-0.005301607121452826,-0.0045752798794784074
2021-08-27,0.009796772440417089,0.008429727400142913
2021-08-30,0.0004473402349341439,0.001231135134711577
2021-08-31,-0.0015738468162578125,-0.0012935083130777617
2021-09-01,-0.0001757813441359113,0.0009144820316761639
2021-09-02,0.005210119509799954,0.004270745941866978
2021-09-03,-0.0024251957444497724,-0.0019604568125972366
2021-09-07,-0.007494091924465459,-0.00745628760613242
2021-09-08,-0.00014648813424344287,0.0008307297476943827
2021-09-09,-0.0013917764507978291,-0.002112613380481327
2021-09-10,-0.006439744175688925,-0.006807183393022608
2021-09-13,0.004237377793048445,0.002642431899128465
2021-09-14,-0.004548179259964889,-0.003672241670767881
2021-09-15,0.00726055615193043,0.005659805072541868
2021-09-16,-0.005849885991159785,-0.005285589721709421
2021-09-17,-0.008380578119684266,-0.00812821197568197
2021-09-20,-0.012434268438575065,-0.011297374094853216
2021-09-21,-0.0005391882505062343,-0.0006065066839187893
2021-09-22,0.008154747518754609,0.006573357938131881
2021-09-23,0.007784067910022857,0.005956253737647208
2021-09-24,0.0007748641742550663,0.0003007232680280301
2021-09-27,0.0016932586058720478,-0.000921123864868535
2021-09-28,-0.014842947536966786,-0.015842597252029977
2021-09-29,0.0019132338189223217,0.0024679608569267773
2021-09-30,-0.009596453183349092,-0.009280383658877745
2021-10-01,0.010979000800363004,0.009172186799889638
2021-10-04,-0.004853714198483935,-0.005780834001749201
2021-10-05,0.005997260832042548,0.005526817740846416
2021-10-06,0.0029318616606874084,0.0038524910378803026
2021-10-07,0.0049314233062650375,0.004658568011192978
2021-10-08,-0.00034938575775887444,-0.0020094108439814764
2021-10-11,-0.006108409375639947,-0.006059669092274544
2021-10-12,0.00102453192861119,0.0010250665503025494
2021-10-13,0.005033279297649091,0.0054589293084309175
2021-10-14,0.013531110574758278,0.013244026577063717
2021-10-15,0.0025303976105942663,0.0017735927883172943
2021-10-18,0.0006883188508912282,0.00025585362160481656
2021-10-19,0.00531079191624158,0.004939953456332289
2021-10-20,0.005487820455686666,0.00552050399831766
2021-10-21,-0.00017013530058084664,0.000774203953744802
2021-10-22,0.002492139615907994,0.002146566878028603
2021-10-25,0.004901624964579537,0.004168421591337194
2021-10-26,0.0009111104138874519,0.0008429943350775639
2021-10-27,-0.006105949046841087,-0.004680224306514683
2021-10-28,0.006859424915959854,0.006481199612709423
2021-10-29,-0.0007185627907417674,-0.00020675216663743203
2021-10-31,-7.936507936507937e-05,
2021-11-01,0.0035274249809286243,0.002762651447773395
2021-11-02,0.0021014041895682212,0.0027617607537495635
2021-11-03,0.0019149610051210518,0.0024849787889506623
2021-11-04,0.0028572960279615103,0.003030407108460031
2021-11-05,0.006856589486160458,0.0063698086421904426
2021-11-08,0.0001642102003158245,-0.0007443871303160354
2021-11-09,0.0002180024227417327,0.0002735107694344512
2021-11-10,-0.00554531332477219,-0.00408005212879144
2021-11-11,0.00032378770847193766,-5.592992605187147e-05
2021-11-12,0.003855141598832942,0.003996058383264676
2021-11-15,0.00028250596375931796,5.678089231712867e-05
2021-11-16,-6.511048937473502e-05,-0.00038485040009519813
2021-11-17,-0.0019666360410265757,-0.00096320058409143
2021-11-18,-0.0010022279649929433,-0.0008071471311342721
2021-11-19,-0.004207912332953943,-0.0024606914323683795
2021-11-22,-0.001272658997031044,-0.0023804676968169104
2021-11-23,0.0017940920317516896,0.0002590838214385831
2021-11-24,0.0017802209041889241,0.0013953950739018996
2021-11-26,-0.016452521404326476,-0.01436255289469753
2021-11-29,0.006166821368242312,0.0060568255967495795
2021-11-30,-0.01816979398841096,-0.018373060173222697
2021-12-01,-0.008012390902669884,-0.0074571574073354985
2021-12-02,0.014352586023724787,0.013200415266154375
2021-12-03,-0.001861216246849718,-0.0005956748974514285
2021-12-06,0.010042571116144592,0.00992377566153117
2021-12-07,0.012691437851844714,0.011586545657465518
2021-12-08,0.00010254441322983773,0.00024484633650619434
2021-12-09,-0.0043453080062316385,-0.003790166361221874
2021-12-10,0.006069063096937321,0.006292699278497884
2021-12-13,-0.004130842370862283,-0.002097140367457589
2021-12-14,-0.004634808452576542,-0.00458008374249099
2021-12-15,0.008268566204713628,0.008987103634416667
2021-12-16,0.0006215924408774198,0.001108252074145233
2021-12-17,-0.010037508587471657,-0.009754041934551401
2021-12-20,-0.009850447373989872,-0.009140964438714805
2021-12-21,0.012345970030486817,0.010750342378638313
2021-12-22,0.007585759776141554,0.007612049118754759
2021-12-23,0.004565894677335422,0.004615440281631215
2021-12-27,0.010719507106449392,0.010148337315657698
2021-12-28,0.0006800870205738327,0.000859509894479522
2021-12-29,-3.439639326976299e-05,0.0005303164694438155
2021-12-30,-0.0003171107901529174,-2.296006039206015e-05
2021-12-31,0.0001870579423479104,0.0005737197328022239
2022-01-03,0.00035545976429958773,-0.0023510895582498637
2022-01-04,0.005596953512156664,0.004607585741840278
2022-01-05,-0.010184573551088844,-0.009040448767850866
2022-01-06,-0.0007803820854454081,-0.002397898764484938
2022-01-07,-0.00012254725378920523,-0.00010984989986434436
2022-01-10,-0.0033136596496111965,-0.002968514946397321
2022-01-11,0.009119255183414311,0.007957088186484485
2022-01-12,0.002256295376978234,0.0020437631613034004
2022-01-13,-0.006265630516610565,-0.005547218841269764
2022-01-14,-0.0015624496524828599,-0.00238841820550097
2022-01-18,-0.012926246589361177,-0.012705020755978475
2022-01-19,-0.003571771651362495,-0.0019042688584114897
2022-01-20,-0.007746507172382207,-0.007177016965273885
2022-01-21,-0.01336774748461862,-0.0117951686301302
2022-01-24,0.0017173079150680204,0.001057654158544601
2022-01-25,-0.005751113355402238,-0.006607550808178124
2022-01-26,-0.0068393757421692436,-0.007675518009784499
2022-01-27,-0.0009161384542311098,-0.0006550612640692503
2022-01-28,0.013031685364988376,0.012350279934821306
2022-01-31,0.01275364588655708,0.011269466226265292
2022-02-01,0.006749184503141361,0.005108523996031824
2022-02-02,0.007380229618056156,0.007990256368917353
2022-02-03,-0.016591215110149476,-0.014190843138432337
2022-02-04,0.00019320248983559901,-0.002024138858189081
2022-02-07,-0.0007292455006397434,-0.0005451023827272275
2022-02-08,0.004336112159864622,0.004634333896903059
2022-02-09,0.010879942409411135,0.009781682857601589
2022-02-10,-0.013941067798999425,-0.013567697476589112
2022-02-11,-0.00670357062695561,-0.005532225970902125
2022-02-14,-0.005896093031160974,-0.005497451338442928
2022-02-15,0.007143053176813081,0.00590190335225276
2022-02-16,0.0031012362178146785,0.003358095052165717
2022-02-17,-0.011067818754292857,-0.008744190037346802
2022-02-18,-0.003252889128346418,-0.0027383971584643723
2022-02-22,-0.008446073660312981,-0.007020506474929239
2022-02-23,-0.012819311933281298,-0.011713289259039963
2022-02-24,0.005257602956446485,0.0033408949228679362
2022-02-25,0.021562535681761086,0.021476197203001788
2022-02-28,0.002152734591175152,0.0021132006492190917
2022-03-01,-0.008649295157158864,-0.0062180629462321516
2022-03-02,0.011302566390384653,0.008438595498826243
2022-03-03,0.00024190943981074414,0.0023924500512818372
2022-03-04,0.001344332790074147,0.0036512741362237254
2022-03-07,-0.018203955874992527,-0.01462580070523551
2022-03-08,-0.00443090839045036,-0.004381423238319237
2022-03-09,0.01125442139580252,0.007291252291544532
2022-03-10,-0.0007974037211735234,-0.0011809120304480257
2022-03-11,-0.009370376349018526,-0.008325073903049209
2022-03-14,-0.007531880754392587,-0.006627303559789189
2022-03-15,0.010406378634957308,0.008613908212857763
2022-03-16,0.014421089368897461,0.012295034616223496
2022-03-17,0.011412048858018052,0.010042378169888701
2022-03-18,0.005685745255092548,0.003939402429878554
2022-03-21,0.0017502872773974255,0.001394689046319033
2022-03-22,0.005474806319416536,0.0034586591148596853
2022-03-23,-0.003911352499906152,-0.002349464949812715
2022-03-24,0.00967508069211467,0.008798799970339784
2022-03-25,0.005266657576883713,0.004477410261146924
2022-03-28,0.00143685296903692,0.00033602442118868764
2022-03-29,0.008715779256706593,0.007725186381409039
2022-03-30,-0.0008182896524784345,0.0006884675133489067
2022-03-31,-0.010793506179443803,-0.009262405201941147
2022-04-01,0.003528117166628715,0.003797265482505203
2022-04-04,0.0035519986981070706,0.001382024746379704
2022-04-05,-0.01016244485000557,-0.008441818458831081
2022-04-06,-0.003912886128248512,-0.0010717398950280902
2022-04-07,0.0036767008103024018,0.004099629694042827
2022-04-08,0.0015573434941914981,0.0017807022443065965
2022-04-11,-0.012400692302270361,-0.010968827594970901
2022-04-12,-0.0005307911762168147,-0.0005028943514032818
2022-04-13,0.009095196522186143,0.007653717069157664
2022-04-14,-0.00804661063177953,-0.006884860605313823
2022-04-18,-0.0005407978728992648,-0.0017070319088657309
2022-04-19,0.009047745966111397,0.00787389150743103
2022-04-20,0.002166963399843196,0.0046215967907528585
2022-04-21,-0.014132658610121817,-0.012619392864047445
2022-04-22,-0.02308619959056889,-0.022168703845965837
2022-04-25,-0.00024201066543750932,-0.0005740165112292347
2022-04-26,-0.017847373204072536,-0.015483924478229123
2022-04-27,2.2516956046961757e-05,-0.00057457147740721
2022-04-28,0.018026434631176744,0.015773882446561433
2022-04-29,-0.02749117959748518,-0.025499642349489954
2022-04-30,-7.936507936507937e-05,
2022-05-02,0.0005242246470733636,-0.0026560567146884746
2022-05-03,0.006111562912126646,0.005447038904188364
2022-05-04,0.02614438149103468,0.024355209657052124
2022-05-05,-0.026919147831980166,-0.024181892724476354
2022-05-06,-0.003996526732827625,-0.0035532768920951306
2022-05-09,-0.02583690552998526,-0.02172451289696958
2022-05-10,-0.0009665933196125114,-0.0021110067436184835
2022-05-11,-0.005593413606076997,-0.0033318262044558936
2022-05-12,-0.001221593878159244,-0.0017932068995164421
2022-05-13,0.0155452295213658,0.012689916834877125
2022-05-16,4.157013576041896e-05,0.0010843961258821147
2022-05-17,0.013604815024961641,0.01115225478990819
2022-05-18,-0.028687714972060803,-0.026782978184593985
2022-05-19,-0.00211794421081312,-0.002021273351862449
2022-05-20,0.0004020359624004574,0.0010757374790069667
2022-05-23,0.013977209147909874,0.012957252730356458
2022-05-24,-0.001247752601048843,0.002066763358348124
2022-05-25,0.007365817494415771,0.0052568344114811046
2022-05-26,0.015051051675017408,0.012442687203279668
2022-05-27,0.017873046689080175,0.016064040646594564
2022-05-31,-0.009173722226775356,-0.010219184817094877
2022-06-01,-0.005459608373495029,-0.005284549931249763
2022-06-02,0.014797195031359286,0.013674206916657274
2022-06-03,-0.010784954636092305,-0.009804741414934605
2022-06-06,0.0009750414835844023,0.00028374844356044316
2022-06-07,0.009630243735012214,0.009288864577948718
2022-06-08,-0.01038369883072371,-0.010921892070809175
2022-06-09,-0.019043626309197217,-0.017701545923619683
2022-06-10,-0.020101895968611533,-0.016647406949898226
2022-06-13,-0.03711872018737526,-0.035496121543164755
2022-06-14,-0.006852569267122819,-0.008516444881119195
2022-06-15,0.009879039985595275,0.009647323862939013
2022-06-16,-0.025050499634465404,-0.02032847625075833
2022-06-17,-0.0034277274000401705,-0.0035015196644773744
2022-06-21,0.018104245059741758,0.015659432359376516
2022-06-22,-0.0009113517744799502,0.0014061851119741395
2022-06-23,0.0041573747536550265,0.005076793470419952
2022-06-24,0.022889867768528888,0.020183440961602524
2022-06-27,-0.0010741761776226783,-0.001015626066304614
2022-06-28,-0.011388368512207177,-0.009837491122923125
2022-06-29,-0.001622910925067909,-0.00037578749312773064
2022-06-30,-0.005615552357693918,-0.003859987577748222
2022-07-01,0.011155598915857606,0.010406354605706223
2022-07-05,-0.006728535772024602,-0.008885885649768546
2022-07-06,-0.0012978191963510456,-0.00210525619532555
2022-07-07,0.010701517871488318,0.007530990252300499
2022-07-08,-0.00289276747634948,-0.0029444770190411476
2022-07-11,-0.007108281072239543,-0.004771844489969485
2022-07-12,-0.0058519483614746905,-0.004950822300701601
2022-07-13,-0.002104568458068919,-0.001678118183353644
2022-07-14,-0.0076400456089459725,-0.007940744503274925
2022-07-15,0.014408909998198407,0.01230442455475493
2022-07-18,-0.004293746192466365,-0.00542207755420015
2022-07-19,0.02113540691778607,0.017624480810478977
2022-07-20,0.002810937538675856,0.00016186551859250625
2022-07-21,0.00822180307526962,0.009144401797544515
2022-07-22,-0.0036691120554291383,-0.0012345486277816021
2022-07-25,0.003571694473413469,0.002718970412288661
2022-07-26,-0.0080209118295022,-0.0056230695995181474
2022-07-27,0.017175689990573766,0.013691925823174356
2022-07-28,0.012493721329796561,0.013261702580317298
2022-07-29,0.011902683177951878,0.008815556082572704
2022-07-31,-7.936507936507937e-05,
2022-08-01,3.2223957784505305e-05,0.0016898974094203046
2022-08-02,-0.0076077725366261,-0.007967380694436057
2022-08-03,0.009249984683842302,0.008822683826024932
2022-08-04,-0.0014341798438162212,0.0005916326919570566
2022-08-05,-0.0034876236434483103,-0.004648855294631161
2022-08-08,0.003217952215728068,0.003916716170718591
2022-08-09,-0.0013967711170558765,-0.0006869944290271919
2022-08-10,0.014691892114764881,0.011826094933009488
2022-08-11,0.0009237108347357532,-0.0007635401722380075
2022-08-12,0.014471315286283933,0.013668870568115265
2022-08-15,0.0006109381161468177,0.00011095589895560189
2022-08-16,0.0031889189856113436,0.0029494944217334585
2022-08-17,-0.006988628847487866,-0.006954895275665109
2022-08-18,0.0032580981669269107,0.002130457911345723
2022-08-19,-0.010983748416273828,-0.010118753228582335
2022-08-22,-0.015909708607519422,-0.014333820400078868
2022-08-23,0.0009644709372087485,1.906401548751831e-05
2022-08-24,0.0029546363749249414,0.0023711398028312073
2022-08-25,0.012281149150711792,0.01127045974824311
2022-08-26,-0.02443078525704113,-0.02209101557227393
2022-08-29,-0.0036736217035628826,-0.0035543446539281066
2022-08-30,-0.011567790336331459,-0.010403192914245065
2022-08-31,-0.00765361974643386,-0.007704391641688642
2022-09-01,-0.0009559495815831477,-0.00047105169819110964
2022-09-02,-0.0054904813592878705,-0.005367836523945692
2022-09-06,-0.005665243363624231,-0.0056093154039777784
2022-09-07,0.017443358564614094,0.017643989717626134
2022-09-08,0.0034859023985991913,0.002575128418853199
2022-09-09,0.013160737355828405,0.011323158022554914
2022-09-12,0.007669124043795213,0.006515175138953984
2022-09-13,-0.03333532386280876,-0.030640421272898625
2022-09-14,0.0030140951845598965,0.001476356990236267
2022-09-15,-0.01054487308923342,-0.010112375643964817
2022-09-16,-0.008259813637923823,-0.00642195717941721
2022-09-19,0.007244865905167622,0.00659221471478446
2022-09-20,-0.01164965828105196,-0.011053028488854741
2022-09-21,-0.012326367699544068,-0.00993860228114772
2022-09-22,-0.009255089479751049,-0.00825852968177861
2022-09-23,-0.01894357371945753,-0.016465570624617374
2022-09-26,-0.013096720762295523,-0.0124368565305639
2022-09-27,-0.0047921727392448545,-0.006160590568557292
2022-09-28,0.02345767526753477,0.022080922089352754
2022-09-29,-0.016742623870470236,-0.015437292058538098
2022-09-30,-0.012344143981667936,-0.011923418404485542
2022-10-03,0.026040721255379453,0.02495804322029325
2022-10-04,0.02675556368294605,0.024541677151266615
2022-10-05,-0.0045652358343184225,-0.005364092720996938
2022-10-06,-0.008909778289309373,-0.00981064568473245
2022-10-07,-0.021354238477269676,-0.020224115084910812
2022-10-10,-0.006474595916674433,-0.006063645289683545
2022-10-11,-0.0049566850945655955,-0.0034384750805060214
2022-10-12,-0.002910055816462551,-0.0027429530309925547
2022-10-13,0.020586854131443507,0.018291595320908224
2022-10-14,-0.021041796979679468,-0.019183865508918926
2022-10-17,0.018982842689877804,0.017024287037293046
2022-10-18,0.01155878515022898,0.011142850804738204
2022-10-19,-0.006936911265927633,-0.0086193859358663
2022-10-20,-0.01047225772080306,-0.010800196073274362
2022-10-21,0.019845589006374682,0.019021734596150825
2022-10-24,0.006976276952041011,0.007145285598561662
2022-10-25,0.016091434962236723,0.015175599022686642
2022-10-26,0.0001423378853377652,0.0016984037701652608
2022-10-27,-0.0025152598063389333,-0.0014063882702318184
2022-10-28,0.014922861384846317,0.013965703864982932
2022-10-31,-0.00651532975892888,-0.006649587565342143
2022-11-01,0.0007435153113328186,0.0014607841664114494
2022-11-02,-0.019766937643912186,-0.01792936730197144
2022-11-03,-0.00389815952751784,-0.003838411314062664
2022-11-04,0.012640459284312525,0.012898085629747948
2022-11-07,0.004920007818581584,0.003914773285366122
2022-11-08,0.007410115056390662,0.008475877903497865
2022-11-09,-0.016503742539305526,-0.014139332931159128
2022-11-10,0.04581767258658305,0.043078304298225296
2022-11-11,0.007794873809277065,0.005697846164414142
2022-11-14,-0.005878160229329477,-0.005257317208576273
2022-11-15,0.007970620764680419,0.007458488986834129
2022-11-16,-0.004083888995993992,-0.0023882742448534658
2022-11-17,-0.005829509918367876,-0.005852433297764495
2022-11-18,0.003598592839580942,0.0035605685684144887
2022-11-21,-0.0020998783687167163,-0.0011898125941082324
2022-11-22,0.013025215393207489,0.011501487767792126
2022-11-23,0.006523024033959747,0.006757676281699364
2022-11-25,0.00010706847408918903,0.00045811523243849547
2022-11-28,-0.013021376299959949,-0.011573672632437089
2022-11-29,-0.0002923249761259706,-0.0005771945398276987
2022-11-30,0.023144702737972766,0.02152691209488942
2022-12-01,0.0038662471913352495,0.004976528790466367
2022-12-02,0.000998186560522231,0.0014241061512469625
2022-12-05,-0.01767755811689344,-0.01686381257950641
2022-12-06,-0.009545084042254839,-0.007538407791333271
2022-12-07,0.0011199839609708382,0.0026260716245482965
2022-12-08,0.004316152249345856,0.004102437827837855
2022-12-09,-0.008485614152611967,-0.008306980230721598
2022-12-12,0.011305710279976866,0.00989221535795778
2022-12-13,0.008190932233586027,0.007823851609062535
2022-12-14,-0.004968370364085254,-0.004064562774327356
2022-12-15,-0.019505165894529167,-0.01846401262972114
2022-12-16,-0.00837627464917503,-0.007432837133940253
2022-12-19,-0.008565166451631915,-0.0077402221225558844
2022-12-20,0.0017453093064403063,0.0017841544538094336
2022-12-21,0.012054409910482036,0.010955761804751366
2022-12-22,-0.011391745527798482,-0.0099893323467752
2022-12-23,0.005951613902476124,0.00474912956582227
2022-12-27,-0.0020196714385067524,-0.0014402877051701746
2022-12-28,-0.011097060598080192,-0.010267895799256209
2022-12-29,0.013791625327386951,0.012422831855758964
2022-12-30,-0.0030347289521949128,-0.003126437096457325
2022-12-31,-7.936507936507937e-05,
2023-01-03,-0.0010941068776916091,0.0003010946237619871
2023-01-04,0.009645589395181238,0.009379762989411174
2023-01-05,-0.00785651156586224,-0.008288212015713623
2023-01-06,0.022021559797540696,0.021527335697330445
2023-01-09,6.85144632956231e-05,-0.0009243609150190391
2023-01-10,0.004632661813170372,0.003719675537173699
2023-01-11,0.009840984940627994,0.008739356133259522
2023-01-12,0.00526919584586773,0.004868232651943064
2023-01-13,0.0030522545880716863,0.0032458829568998695
2023-01-17,-0.003876415718056101,-0.004192462257008277
2023-01-18,-0.012742716196918082,-0.012016862042016518
2023-01-19,-0.004930385142558263,-0.004174815239096608
2023-01-20,0.011715421991948577,0.00939755686386015
2023-01-23,0.007176403732897063,0.006075678568269364
2023-01-24,0.0015943420187273494,0.0020599057636916844
2023-01-25,0.0005251871217864595,0.000764803349885587
2023-01-26,0.007177209914947726,0.00471856197592464
2023-01-27,-4.2963225866993106e-07,-0.0004984565169980723
2023-01-30,-0.009652996042890551,-0.008213576826725997
2023-01-31,0.012686001585122718,0.012057453278220675
2023-02-01,0.007219103717546949,0.00696231793737846
2023-02-02,0.0062102787437309575,0.0029645028567563346
2023-02-03,-0.012929208172344398,-0.012235377095350266
2023-02-06,-0.003837130967833467,-0.003030036260861854
2023-02-07,0.008349128105900834,0.006534221293183246
2023-02-08,-0.00846919402257084,-0.007471264874229721
2023-02-09,-0.009797333939854807,-0.009611888327203643
2023-02-10,0.004641387840932448,0.005227988742590281
2023-02-13,0.008131328533338937,0.007667360794512851
2023-02-14,-0.0008869065046731131,-0.0018960128994123028
2023-02-15,0.0002818295401915116,-0.00021845038808037222
2023-02-16,-0.011401328049946601,-0.010446234941287432
2023-02-17,-0.0007588350536151176,0.0014302816355262066
2023-02-21,-0.016978022321892133,-0.01572705033975573
2023-02-22,-0.00027262105043438157,-0.0007130929727008451
2023-02-23,0.0031173034418872625,0.00240348875898546
2023-02-24,-0.007283983183535599,-0.006994439112530881
2023-02-27,0.00255429247376317,0.0018928105475144127
2023-02-28,-0.0030326815990593227,-0.003221699065727602
2023-03-01,-0.00256818733781079,-0.002673252124914039
2023-03-02,0.006160257475160494,0.006184583147808975
2023-03-03,0.015198751006441642,0.014040569255918818
2023-03-06,-0.0021692902153016853,-0.0020356976059181164
2023-03-07,-0.013896548563588114,-0.01427770933964757
2023-03-08,0.00031682553602178253,0.0002696104338580414
2023-03-09,-0.014334477988824899,-0.013508207145670711
2023-03-10,-0.007122594081607575,-0.0063015128615837
2023-03-13,-0.0011756054347930606,-0.00034999173093294635
2023-03-14,0.010819572895887999,0.009773394264045235
2023-03-15,-0.006843758330886647,-0.0058122802522306465
2023-03-16,0.011072008331618758,0.009841793046390901
2023-03-17,-0.007509543696078103,-0.007203958376345294
2023-03-20,0.008704739108055559,0.008916074938754593
2023-03-21,0.00811680117147778,0.005852938176923668
2023-03-22,-0.012140898975982261,-0.01137001316547975
2023-03-23,0.0001934472392213391,-0.00036887532874018
2023-03-24,0.006178977394808796,0.0068360124570197465
2023-03-27,0.001380957091678688,0.0016066843257834655
2023-03-28,0.0015437193220488934,0.0015578217617269125
2023-03-29,0.010425558983052046,0.009268656598394329
2023-03-30,0.005129382151357828,0.004802771066349557
2023-03-31,0.01187366879826007,0.011054018724108076
2023-04-03,0.005767611573456166,0.005337252337189731
2023-04-04,-0.003534728170054144,-0.002824590428575393
2023-04-05,0.001660689680242002,0.0025404804625645257
2023-04-06,0.0007630636381892761,0.0008295793429096449
2023-04-10,-0.00011814759004565712,-0.0004378267158709029
2023-04-11,0.0030110345461949995,0.0031064530465861476
2023-04-12,-0.0026077259500798273,-0.002109576414067055
2023-04-13,0.009515588111525305,0.009093440175908024
2023-04-14,-0.00456260198244,-0.0053980692098309115
2023-04-17,0.001018636642602357,0.0013227274862143402
2023-04-18,0.0010834654104564133,0.0008816908847956108
2023-04-19,-0.0010491177851013817,-0.0007419236906326909
2023-04-20,-0.003121735562764268,-0.002345379377595781
2023-04-21,-0.0008274372017296402,-0.0003976671582508114
2023-04-24,0.003578110382915804,0.0036335287372544936
2023-04-25,-0.010582009203656921,-0.009402298750137305
2023-04-26,-0.009746886662307878,-0.01009775240003775
2023-04-27,0.014696886494920888,0.013206173483004052
2023-04-28,0.008221571666292428,0.00783074390475896
2023-04-30,-7.936507936507937e-05,
2023-05-01,-0.003760661154260576,-0.002993507357374313
2023-05-02,-0.0074218790779340595,-0.005595599471831349
2023-05-03,-0.005384148702339971,-0.004626745367460915
2023-05-04,-0.0063718224458525876,-0.00575134159825796
2023-05-05,0.012199049537844783,0.010776594008213505
2023-05-08,-0.0011904061518503168,-0.0016225583427164777
2023-05-09,-0.002746098261097953,-0.0026847186632004147
2023-05-10,0.0019979157895284204,0.0019307824947386479
2023-05-11,-0.002374764861894642,-0.0023981635797314027
2023-05-12,-0.0009923006823503925,-0.0007746790757936631
2023-05-15,0.0012374537608159722,0.0006787555700489958
2023-05-16,-0.010293394861989215,-0.010225353992683976
2023-05-17,0.008267179897248665,0.006843802453375574
2023-05-18,0.004178957451662152,0.0026159057362566736
2023-05-19,-0.00040676212522853844,1.9501548752259563e-05
2023-05-22,-0.0017087041825459299,-0.002264415483604117
2023-05-23,-0.0069503975883363055,-0.007190831790253846
2023-05-24,-0.006862413943956204,-0.007208570105296196
2023-05-25,-0.002398109154085089,-0.0030265935648963738
2023-05-26,0.008457394998291795,0.0074216208271472356
2023-05-30,-0.0008426106817728005,-0.0013357649270184994
2023-05-31,-0.0034992309301089004,-0.002308927544490734
2023-06-01,0.007827742622246527,0.006957141746069228
2023-06-02,0.012969623404859342,0.012322284140942127
2023-06-05,-0.000986306077099775,-0.0007534265099768024
2023-06-06,0.0032882187132238106,0.002038594234921776
2023-06-07,0.0006195970169530754,-0.00020196215159199924
2023-06-08,0.005442355637527585,0.0058817848918316165
2023-06-09,-0.001255907678926316,-0.0011668991959839104
2023-06-12,0.004601941550731271,0.004362935200172473
2023-06-13,0.0046743501008702755,0.004470777518185121
2023-06-14,-0.0005710089740661009,-0.00032440260755463383
2023-06-15,0.011268281687237801,0.011269751258097843
2023-06-16,-0.0017167837626059432,-0.001345944199113271
2023-06-20,-0.006650073268044363,-0.006255684877768769
2023-06-21,-0.0007924473006882836,-0.00039163886762109436
2023-06-22,-0.0016702389507247503,-0.0009191958974378809
2023-06-23,-0.005382637059545412,-0.005279400758858435
2023-06-26,0.0009969049432700548,0.0007221498530825485
2023-06-27,0.007276627411314302,0.006369336034430612
2023-06-28,-0.001152586416214363,-0.0019872661831806136
2023-06-29,0.0028387293815967177,0.0023872752993065573
2023-06-30,0.009945856066072517,0.009744534069108437
2023-07-03,0.0022354458898116783,0.002159655199962561
2023-07-05,-0.003385672541633016,-0.0030919464931587937
2023-07-06,-0.00943867320215658,-0.008615680570036562
2023-07-07,-0.00034478873095170265,-0.0018396749061871127
2023-07-10,0.0028181169251744994,0.0026495605044440864
2023-07-11,0.008792996621204462,0.0076859157668441
2023-07-12,0.008122451690009335,0.007471226010068718
2023-07-13,0.005348582690573188,0.0049786114036698805
2023-07-14,-0.0038089703897694438,-0.0022453022167111696
2023-07-17,0.0005748784442030156,5.409973637616523e-05
2023-07-18,0.005892603441822508,0.005381362892224796
2023-07-19,0.0036368670508936172,0.004084625370097829
2023-07-20,-0.0018836858291558073,-0.00012500037579115232
2023-07-21,0.0012833765110720373,0.001694061821337486
2023-07-24,0.002619663849554132,0.0019881959870282516
2023-07-25,0.002633836257166777,0.002205954804545861
2023-07-26,0.0014421556760729924,0.0014959327365889632
2023-07-27,-0.009081193512531905,-0.009608545035835914
2023-07-28,0.007645097161857598,0.00732384743782731
2023-07-31,0.0025254653673530488,0.0013754146866294093
2023-08-01,-0.005638114962579766,-0.0057435014059582555
2023-08-02,-0.009840526547128194,-0.00840794333996331
2023-08-03,-0.0050785248311869735,-0.005415827152493122
2023-08-04,-0.0014093372565178843,-0.0018822309441699479
2023-08-07,0.005760180447601873,0.00602238348770622
2023-08-08,-0.0023465685937351394,-0.0023851578967392767
2023-08-09,-0.0026817221695658883,-0.0026210350131555746
2023-08-10,-0.0016321081835924604,-0.0017386804807790006
2023-08-11,0.0008965998142452874,0.000882565244021264
2023-08-14,0.0005497180587129348,0.00014238866138143805
2023-08-15,-0.011741487205993127,-0.011055163050391805
2023-08-16,-0.006360516890720426,-0.005983747751876486
2023-08-17,-0.0056587955458704,-0.006156918234085303
2023-08-18,0.0013926233633719414,0.0012715381234818597
2023-08-21,0.0004771297611522433,2.9763178488998896e-06
2023-08-22,-0.001497607235146472,-0.0015660738559251132
2023-08-23,0.009086675457873918,0.00904035401901251
2023-08-24,-0.009905558694544767,-0.009406488235650259
2023-08-25,0.005811927634403374,0.005526131218767984
2023-08-28,0.005159188640891504,0.004908142905135525
2023-08-29,0.011564670764348368,0.010982407679324811
2023-08-30,0.0017715740553874587,0.0015116749158043058
2023-08-31,-0.0019844832600373454,-0.0027548661858166294
2023-09-01,0.0005598941615398769,0.0002605942901002908
2023-09-05,-0.007780381147179709,-0.008522979550889882
2023-09-06,-0.0030461466215130927,-0.002966236904725402
2023-09-07,-0.00016702180673307,0.00019474268659002488
2023-09-08,0.0021683281836794555,0.001818853169638483
2023-09-11,0.004718892289536793,0.0047274422598957725
2023-09-12,-0.001854536045496524,-0.0022177946877089535
2023-09-13,0.00044891612176528367,0.0003541551858407507
2023-09-14,0.008014166664630245,0.007674755204167035
2023-09-15,-0.008917914476606793,-0.007816197123698828
2023-09-18,0.0009027510992493077,0.0009918554246834085
2023-09-19,-0.003051023028083857,-0.0027431086350904986
2023-09-20,-0.005423640484607086,-0.004513024456719284
2023-09-21,-0.015628168541207077,-0.01487265255055819
2023-09-22,-0.0015342908043355571,-0.0016737770987053742
2023-09-25,0.0007841438950394072,0.00035452040226926725
2023-09-26,-0.012861597039167194,-0.01242471229433141
2023-09-27,-0.0016599983852325106,-0.002790625000662351
2023-09-28,0.0029982373395482536,0.0025880350246945284
2023-09-29,-0.0044263402834272755,-0.00475905470137132
2023-09-30,-7.936507936507937e-05,
2023-10-02,-0.009604892931671875,-0.009638670792164078
2023-10-03,-0.009229586377222314,-0.008715457315635647
2023-10-04,0.0047392443682791495,0.004874612611366637
2023-10-05,-0.004375273884324785,-0.004559978227304974
2023-10-06,0.007753429320061314,0.007198434130103318
2023-10-09,0.010261380327544558,0.009705246640463218
2023-10-10,0.005669233118927694,0.0056474023813876985
2023-10-11,0.004269028905287286,0.003828166016376194
2023-10-12,-0.00974864316273137,-0.009656049589137898
2023-10-13,0.003891009101030304,0.005293405950291519
2023-10-16,0.007145579160847077,0.0068108647548258475
2023-10-17,0.0016243693145805036,0.0016730020207332322
2023-10-18,-0.00984274519205672,-0.008662545485148837
2023-10-19,-0.008713494276897292,-0.007860703535794978
2023-10-20,-0.008906900442897587,-0.007983678282976914
2023-10-23,-0.0032945915249929254,-0.0033990277543695254
2023-10-24,0.007575516343306774,0.007464743756240769
2023-10-25,-0.010359332952976115,-0.008867882330927139
2023-10-26,-0.004623917729084382,-0.004172745822540008
2023-10-27,-0.006807898698388707,-0.007031810714437713
2023-10-30,0.008510095324904743,0.008402960079314837
2023-10-31,0.004375481990254067,0.00418396340046006
2023-11-01,0.007026291828201384,0.005747729249813651
2023-11-02,0.018565415517065795,0.017612545723775613
2023-11-03,0.007403164903906695,0.007248416238144571
2023-11-06,-0.002455935620242407,-0.001986594255916095
2023-11-07,-0.001045502445128699,-0.001271658690562242
2023-11-08,-0.0011834668231465472,-0.0014259391843605483
2023-11-09,-0.008284551237261186,-0.007922650685120129
2023-11-10,0.009938253155107858,0.008965773006000669
2023-11-13,6.586810386319041e-05,0.0006446158674818511
2023-11-14,0.019579264181371205,0.018115299308367427
2023-11-15,0.00046523905524181535,0.0009848908094054728
2023-11-16,0.0005799906345487377,0.0008950053608714764
2023-11-17,0.0034929101962022533,0.002782231684285505
2023-11-20,0.003911761580260388,0.0035930649455680995
2023-11-21,0.0005685627641411687,0.0013696314652559163
2023-11-22,0.0030927840472747617,0.003008524509441423
2023-11-24,0.0011483573176594595,0.0018061507388917918
2023-11-27,-0.0002882393894798443,-0.0007504850305121006
2023-11-28,0.0022150799844943727,0.002159127056761968
2023-11-29,-0.0002640665839585113,-9.002468872219225e-05
2023-11-30,0.003603047091845665,0.004452889854328501
2023-12-01,0.009446959306029573,0.009172928741848805
2023-12-04,-0.005748337756204815,-0.0055618608465173545
2023-12-05,-0.003388029775242322,-0.00376025846990035
2023-12-06,3.740485298605933e-05,-0.00011824673905406128
2023-12-07,0.003565181857211846,0.0035886909330311452
2023-12-08,0.0009247692647570582,0.00035464820738155523
2023-12-11,0.0030128479181793953,0.0032459874552002894
2023-12-12,0.0018849425269740093,0.00237886113615492
2023-12-13,0.017004635993305605,0.016862845682769245
2023-12-14,0.006874229768475477,0.005333093224429665
2023-12-15,-0.0037799357176175994,-0.00392474758873196
2023-12-18,0.0033292907302587527,0.0035820862111298054
2023-12-19,0.006991847297538774,0.006760708441966306
2023-12-20,-0.0127899251211887,-0.013219027925259526
2023-12-21,0.007635232869587011,0.00810882402468497
2023-12-22,0.0020945721651230314,0.002719218696332647
2023-12-26,0.004885168663348749,0.004813875966414169
2023-12-27,0.002976913735515219,0.0030414598274762224
2023-12-28,-0.0017522161288028972,-0.001320252279880152
2023-12-29,-0.0029632951576740742,-0.0024596271748911947
2023-12-31,-7.936507936507937e-05,
2024-01-02,-0.0003052594751745242,0.0004873514392894075
2024-01-03,-0.005237784866852707,-0.005905824152220323
2024-01-04,-0.0039837385369371125,-0.0027784230943476702
2024-01-05,0.00030713932349569356,0.0003045234881808562
2024-01-08,0.0073214902549883195,0.007030420738802887
2024-01-09,-0.004479099555695718,-0.003702587654527019
2024-01-10,0.0013182402728888001,0.001459687174700431
2024-01-11,-0.001948896658552766,-0.001647529191533504
2024-01-12,0.0016367975888134452,0.0016839968983610354
2024-01-16,-0.008924245734933911,-0.008410889694812742
2024-01-17,-0.0062326066618165945,-0.005840157375629601
2024-01-18,0.003396518981004208,0.003782401911689065
2024-01-19,0.00622187573537272,0.005872600646511739
2024-01-22,0.0013995860610930256,0.0013723748946029698
2024-01-23,0.0020544733498661536,0.002431557616962717
2024-01-24,-0.0035308815239259183,-0.00426453544072334
2024-01-25,0.007614190451996748,0.0070688977201765505
2024-01-26,0.0013367094413798942,0.001429521447927159
2024-01-29,0.006802246577083271,0.006657396892118901
2024-01-30,0.002449307238381861,0.002523637431079279
2024-01-31,-0.01017963531811364,-0.010065240707808122
2024-02-01,0.01322724356847296,0.013177842310950545
2024-02-02,0.0016277550661436893,0.002067708429980708
2024-02-05,-0.009642470229367707,-0.008904280397704214
2024-02-06,0.005103081084173472,0.005250827626617317
2024-02-07,0.004171089541783059,0.004166900217847763
2024-02-08,-1.4744353182459373e-05,-0.00021354313164048222
2024-02-09,-1.0136703248446238e-05,-0.00011040168862425114
2024-02-12,0.0031181001775053355,0.0029689571593329066
2024-02-13,-0.013947480842360242,-0.013568341521337145
2024-02-14,0.007043796048441684,0.0071919022028958095
2024-02-15,0.010868689440105593,0.010452868277158179
2024-02-16,-0.002914416931013428,-0.002603108070675244
2024-02-20,-0.0021504395142381855,-0.0016128445842770447
2024-02-21,0.003529608671470496,0.003195244897807925
2024-02-22,0.009530198927204366,0.00964280838639867
2024-02-23,0.0027765181724704025,0.0029990225122621212
2024-02-26,-0.004537515272133458,-0.004608776584865542
2024-02-27,0.0019613143414079193,0.001801359704128203
2024-02-28,0.0005887272702373044,0.0004538727220109916
2024-02-29,0.0036409272720247035,0.00283984867426068
2024-03-01,0.006485192369589384,0.00648715017593852
2024-03-04,0.00028543129631575963,0.0007956048253304574
2024-03-05,-0.0032961683204764136,-0.0032176523094353798
2024-03-06,0.005387659443585646,0.00555565654188093
2024-03-07,0.00730015489907005,0.006856329997752146
2024-03-08,-0.0020274781423989547,-0.0018736960212084744
2024-03-11,0.0017612201533083525,0.0015864682943433732
2024-03-12,0.002062152488902344,0.0021268343980928254
2024-03-13,0.0026095199136913195,0.0025800476691877666
2024-03-14,-0.004627075482384171,-0.004842888841340344
2024-03-15,-0.0033222950416953835,-0.0031497647228759737
2024-03-18,0.004536324566139225,0.004267572177308011
2024-03-19,0.0048669362194270925,0.0047354682616686065
2024-03-20,0.006926974412908579,0.007010398164535897
2024-03-21,0.0029619765523975564,0.0031031422794617542
2024-03-22,-0.00281660998284116,-0.0034063514225692306
2024-03-25,-0.0013530342066014446,-0.001584653620202769
2024-03-26,-0.001316110478390644,-0.0007114392998068197
2024-03-27,0.011771002748788345,0.011731424899593933
2024-03-28,0.002648147604598155,0.0027137776495878116
2024-03-31,-7.936507936507937e-05,
2024-04-01,-0.003088486813362436,-0.003347370582394208
2024-04-02,-0.0030198796027501784,-0.0034539345582384083
2024-04-03,0.0016882715800985142,0.0014576049862257004
2024-04-04,-0.007677628345625984,-0.008141491161624338
2024-04-05,0.007167860930099844,0.007671368907929823
2024-04-08,0.0010459460287845293,0.001002591402680322
2024-04-09,0.00276811100713615,0.002476931698497182
2024-04-10,-0.01135324481492443,-0.011249567595987569
2024-04-11,0.002899553818752424,0.00251637936587696
2024-04-12,-0.012355038794404426,-0.012544764200460419
2024-04-15,-0.007303010068602957,-0.006137939473984393
2024-04-16,-0.004346090075297915,-0.003851249508250071
2024-04-17,0.0001837706096863731,-0.0002017118328048878
2024-04-18,-0.0006524649125532302,-0.0003179032987903151
2024-04-19,0.0014663537610794877,0.001979557171709191
2024-04-22,0.003095714240255054,0.0028829539741709355
2024-04-23,0.00638191342132857,0.0064009593032646125
2024-04-24,0.0007117113943578998,0.0003984546813409425
2024-04-25,-0.0030321682924168264,-0.0028353056201208646
2024-04-26,0.0033167077286627416,0.003018354864100111
2024-04-29,0.005155071458863012,0.004654017596262075
2024-04-30,-0.014697396164169664,-0.013624111416458343
2024-05-01,0.0001644904237100359,-2.4055515727307254e-05
2024-05-02,0.0049325925577066885,0.004440837533041099
2024-05-03,0.007207781552876674,0.006331215904264522
2024-05-06,0.008001096190660422,0.007509062932130494
2024-05-07,0.003235374693129435,0.003934990849951821
2024-05-08,-0.0008791320709149934,-0.0010859148182578598
2024-05-09,0.008810500835198406,0.009002563676177078
2024-05-10,0.0006949552637625806,0.001058313299141475
2024-05-13,-0.0019513752241539896,-0.002214736582531209
2024-05-14,0.003595521091937085,0.0032377970108455924
2024-05-15,0.008692756928581926,0.008308045745486017
2024-05-16,-0.0018984008652718877,-0.0011750087860743453
2024-05-17,0.003727143014059193,0.003603735187744978
2024-05-20,-0.0016833656802565586,-0.002343123495098299
2024-05-21,0.0020337601556599783,0.0021552634180724293
2024-05-22,-0.006042495758355805,-0.005776013922124665
2024-05-23,-0.012192831899016824,-0.012193748073227912
2024-05-24,0.005399325633746369,0.004724479029451837
2024-05-28,-0.003249804300962844,-0.004320636375844827
2024-05-29,-0.010210379256078431,-0.010206959684448453
2024-05-30,0.002523991163479647,0.0030682043678330207
2024-05-31,0.010779610468056141,0.011243184837326291
2024-06-03,-0.0020960282717236546,-0.001967156713967174
2024-06-04,-0.0006577897794096234,-0.00033692400221592086
2024-06-05,0.00624271818390512,0.005642823946489713
2024-06-06,0.00045050966281045873,0.0004773754900741932
2024-06-07,-0.007226578655653646,-0.006727874189300333
2024-06-10,0.002615254249592698,0.002190035538061649
2024-06-11,-3.0217923969292108e-06,-0.000640183637794036
2024-06-12,0.0016433826328200248,0.00097151684058788
2024-06-13,-0.0006847958795604146,-0.0005854210447169314
2024-06-14,-0.0009479851074788643,-0.0011993445480628852
2024-06-17,0.00406517847968062,0.004079287456138941
2024-06-18,0.0018364296731047279,0.0020293317969242116
2024-06-20,0.002861779572315414,0.0026547671116948527
2024-06-21,-0.0014286118427207987,-0.0012165609869185137
2024-06-24,0.004787185824403931,0.005540669069432396
2024-06-25,-0.0020093082607146612,-0.002923229245694748
2024-06-26,-0.003360611453539166,-0.0034925976189447735
2024-06-27,0.0018189876237227317,0.001315268190896736
2024-06-28,-0.004110143019456171,-0.003974438657655631
2024-06-30,-7.936507936507937e-05,
2024-07-01,-0.004319898027765428,-0.005042240914714014
2024-07-02,0.005569379734726106,0.0054233291190085575
2024-07-03,0.004395290125344034,0.0036520292490511757
2024-07-05,0.004610744166989236,0.004681890139473539
2024-07-08,-0.0015905835402553023,-0.0014627389920378155
2024-07-09,-0.0007126151659152463,-0.0007554288831656259
2024-07-10,0.007536432465262151,0.007388406020757662
2024-07-11,0.0034460541410605266,0.004224268817912616
2024-07-12,0.005056083955877243,0.005104631376542529
2024-07-15,-0.00034896373496115784,-0.0004917965728684404
2024-07-16,0.011848802844981804,0.012479533848836157
2024-07-17,-0.004615559001311518,-0.003001665690685012
2024-07-18,-0.006849076794521163,-0.00759325924358906
2024-07-19,-0.007195818950957002,-0.006552477820737055
2024-07-22,0.005250989119673725,0.004830865948541
2024-07-23,-0.0025900199416399425,-0.0023413452161358825
2024-07-24,-0.012737306132607033,-0.011393451052981693
2024-07-25,-0.0014316095683779952,-0.0008526726879943104
2024-07-26,0.011488080105403888,0.011443500155122766
2024-07-29,0.0016384373311199088,0.0015455668288622618
2024-07-30,0.0010212165428961431,0.0012223639683813826
2024-07-31,0.010657414257614736,0.008415374738482135
2024-08-01,-0.006606250205147991,-0.00431915596657391
2024-08-02,-0.01130414004545826,-0.009868466668568842
2024-08-05,-0.02184667156621442,-0.02173663967260462
2024-08-06,0.005378859927350755,0.00546345843446525
2024-08-07,-0.005357910577075595,-0.005016322022668474
2024-08-08,0.016343139271736803,0.015589317868128694
2024-08-09,0.0036233045168681884,0.003605400533695129
2024-08-12,2.3952552670410132e-05,-0.0009794368909112404
2024-08-13,0.009571109127938132,0.009050661032185872
2024-08-14,0.0017653597236456727,0.0020772656734754395
2024-08-15,0.010901768418573826,0.01005694339227991
2024-08-16,0.003857431001431097,0.0036027940366434755
2024-08-19,0.006768202311747626,0.00637685994845243
2024-08-20,-0.0019566130182878507,-0.001322999675734439
2024-08-21,0.004520357725239285,0.00443943276881709
2024-08-22,-0.005642918705632948,-0.004432771224996882
2024-08-23,0.009700251547566823,0.008917271921892525
2024-08-26,0.0008486293864045253,0.0014427944420109563
2024-08-27,-0.0005161097230244071,-0.00038429141199913027
2024-08-28,-0.004259558938138908,-0.003561101062607196
2024-08-29,0.0023432064943461786,0.002416728247930761
2024-08-30,0.006129633899081626,0.006198268281591905
2024-08-31,-7.936507936507937e-05,
2024-09-03,-0.011697252138887589,-0.009750454444218178
2024-09-04,0.000289179089500646,0.0005096013865745554
2024-09-05,-0.0027078802575742373,-0.003564488515152801
2024-09-06,-0.012130260518934996,-0.011100242617572254
2024-09-09,0.00956855713834295,0.009316846829218
2024-09-10,0.0016992963625348965,0.0011647184212028859
2024-09-11,0.0021665534208936757,0.0006110796278891908
2024-09-12,0.007530880581583019,0.007151648891303364
2024-09-13,0.00700790289948158,0.0068461628627041315
2024-09-16,0.005871189903461765,0.006424854529070906
2024-09-17,-0.00020700189066461184,-0.0007912855698624263
2024-09-18,-0.00435779054058866,-0.004087716193818124
2024-09-19,0.010374987468974311,0.008930808060810758
2024-09-20,0.0009105125519640764,0.0007342487017228118
2024-09-23,0.004451645241199376,0.004211097680853926
2024-09-24,0.0026368201925622073,0.002005902863255163
2024-09-25,-0.004870415023458319,-0.005157137232142671
2024-09-26,0.003301207756548192,0.0034114138107723705
2024-09-27,0.0023860996378474793,0.0025708482236835107
2024-09-30,0.0009741061298924487,0.000726101969193926
2024-10-01,0.0003377197563202588,0.0009686541837947334
2024-10-02,-0.0014727313952154508,-0.0022455535773510463
2024-10-03,-0.003764298582361808,-0.004680397253254866
2024-10-04,0.005071544182762573,0.004012893055849237
2024-10-07,-0.008265344001272974,-0.00848576077634532
2024-10-08,0.0015620555134144357,0.0013126389016585786
2024-10-09,0.0037399519426973998,0.003266595517616202
2024-10-10,-0.0017006234580376036,-0.001979709050452125
2024-10-11,0.006817141037713431,0.007178217072073976
2024-10-14,0.004995454409192317,0.004759545182860661
2024-10-15,-0.0035940598022908203,-0.0018879590678864836
2024-10-16,0.005882049490503386,0.0058157505779377824
2024-10-17,-0.002198645900528523,-0.002966444805561878
2024-10-18,0.003504411387367908,0.0035670202999153974
2024-10-21,-0.005989898510656614,-0.006790617957233217
2024-10-22,-0.0010888353287023742,-0.0006795094542269578
2024-10-23,-0.005173608452577233,-0.0041464158142187225
2024-10-24,0.00152586787767167,0.00036790953539017656
2024-10-25,-0.0035520911555858587,-0.0046109912934666495
2024-10-28,0.0027756348085421195,0.0029764976755095028
2024-10-29,-0.0028328494812188795,-0.0037421960019762175
2024-10-30,6.920486079863247e-05,0.0006008636981676331
2024-10-31,-0.008607193457429897,-0.007658890061672229
2024-11-01,-0.0009808241188754303,-0.0015352303418508548
2024-11-04,0.000480588618617576,0.00042939175294125676
2024-11-05,0.009368551335301517,0.008840052322231515
2024-11-06,0.012689758915520344,0.009053858438081505
2024-11-07,0.005072020823431425,0.0047948494696662585
2024-11-08,0.005751132700394455,0.006088845255592228
2024-11-11,0.0006430094275615669,-0.00016751301902128617
2024-11-12,-0.007524388381993357,-0.007639668434063244
2024-11-13,-0.0003010384609727655,-0.00067672087866874
2024-11-14,-0.005168578386107395,-0.005206605737437469
2024-11-15,-0.006687834979121446,-0.00638855487841177
2024-11-18,0.006777055826040414,0.006544849422270659
2024-11-19,0.0011769049975473636,0.001087434106881698
2024-11-20,0.0021805166342687035,0.002108637553340742
2024-11-21,0.00815248986853552,0.008166585439096229
2024-11-22,0.005186387848667667,0.005335533066939426
2024-11-25,0.00250053786715464,0.0033505646056029435
2024-11-26,0.0024315862405230853,0.0023924722850688254
2024-11-27,-0.0004054909560224105,0.0005226861687208905
2024-11-29,0.005678893112415288,0.005500784072720701
2024-11-30,-7.936507936507937e-05,
2024-12-02,-0.0028148068643261063,-0.0031907441175518243
2024-12-03,-0.0024789999091278494,-0.0029505342355299062
2024-12-04,0.0004979322986484806,0.0002647372049143581
2024-12-05,-0.0023303610823562845,-0.002562813140906806
2024-12-06,-0.0009646814182061801,-0.0014467786857032677
2024-12-09,-0.00555837131736234,-0.005348216540163436
2024-12-10,-0.001281827828031881,-0.00048824160076185133
2024-12-11,0.0014897403899306956,-0.00010794226772076708
2024-12-12,-0.005932165471888409,-0.0056808473147817815
2024-12-13,-0.0038325275485444183,-0.004331741830764342
2024-12-16,-0.0020868986513561875,-0.002599886785778535
2024-12-17,-0.004048213164635432,-0.003838160594700044
2024-12-18,-0.02558854897835038,-0.023939223759553624
2024-12-19,-0.003751683243444938,-0.004223864665790418
2024-12-20,0.009916927956399446,0.009624546782488934
2024-12-23,0.0016380168371385243,0.0008572866370042591
2024-12-24,0.008155440513758426,0.007490863693265663
2024-12-26,0.00037703393494285125,0.0006580544088831915
2024-12-27,-0.00728689864619144,-0.0068977373266357654
2024-12-30,-0.008071017483371952,-0.007861024996378566
2024-12-31,0.00019565313421358193,0.00035403305631449833
2025-01-02,0.000355914910126577,0.00013698616142158331
2025-01-03,0.006533998428245135,0.005708186298898513
2025-01-06,-0.00028873978836355325,-0.0006839607627329838
2025-01-07,-0.004333850440897469,-0.0038242795299824176
2025-01-08,0.0018891447424399868,0.001988048604244565
2025-01-10,-0.00922942138564136,-0.009251660079952718
2025-01-13,0.004426571832399942,0.004784525124036419
2025-01-14,0.0042062221951211206,0.0036415360450155563
2025-01-15,0.013083869540338064,0.01156684812249885
2025-01-16,0.005119223552335246,0.00541743596546693
2025-01-17,0.005240081262485427,0.004647149614006592
2025-01-21,0.010110192613457178,0.010349129634432533
2025-01-22,-0.0028613383362666835,-0.0029945288975275013
2025-01-23,0.003999596988340855,0.004161586772478916
2025-01-24,0.00047542026307674783,0.0010392479713793538
2025-01-27,-0.0019607136615269033,0.0006703321000460353
2025-01-28,-0.0014796467940015805,-0.0025577966182125
2025-01-29,-0.001541136746068115,-0.0014059413800706832
2025-01-30,0.009014159074381585,0.009106401466927474
2025-01-31,-0.006525836977224255,-0.006406451179915615
2025-02-03,-0.00045964468600007363,0.00030243086605920646
2025-02-04,0.004082832327907079,0.003189690807131191
2025-02-05,0.00442872009700018,0.004473548300684802
2025-02-06,-5.695716050866978e-05,2.76084996586655e-07
2025-02-07,-0.0054142826418026885,-0.0051361980686268315
2025-02-10,0.006648441446243915,0.006178971110647767
2025-02-11,0.000785649029269251,0.0010939275038631241
2025-02-12,-0.004972729560447588,-0.0048529711289731
2025-02-13,0.009644410758778315,0.00968441935344004
2025-02-14,-0.0021986730258345155,-0.0026944064674783988
2025-02-18,0.004823817236390034,0.004351110387978806
2025-02-19,0.0021105746488038917,0.002325882651883335
2025-02-20,-0.002225259310735067,-0.001974663710618194
2025-02-21,-0.010310330398449198,-0.008711638146291037
2025-02-24,-0.0003049190467570964,0.000334896150382036
2025-02-25,-0.0011545965447882058,0.0002503307342785292
2025-02-26,-0.0015319577980324574,-0.0023505243080315257
2025-02-27,-0.009122757203423428,-0.008169848626147874
2025-02-28,0.012300431067117984,0.011876521848817063
2025-03-03,-0.009047042927955561,-0.007155288251315029
2025-03-04,-0.012615417069229976,-0.01280884524747127
2025-03-05,0.0062951618949995194,0.006402807533807546
2025-03-06,-0.010783139335797491,-0.00969591285687231
2025-03-07,0.005299808370447864,0.004594055157583195
2025-03-10,-0.012983474735776846,-0.011867989195169402
2025-03-11,-0.008277913045297304,-0.008388276193321923
2025-03-12,-0.0007993382394992848,-0.0019458612626225172
2025-03-13,-0.005802304772755842,-0.004740920503909529
2025-03-14,0.014798539625198214,0.013280302207344271
2025-03-17,0.009220750424779866,0.00946309115300842
2025-03-18,-0.005204715785077448,-0.004577502448710234
2025-03-19,0.00838088838907468,0.007652469197860166
2025-03-20,-0.001642625962533388,-0.0016462716692922275
2025-03-21,-0.0030179127598081645,-0.0032640818349206195
2025-03-24,0.010796015586983858,0.009720321646523014
2025-03-25,3.243125882670711e-05,-0.0003567101505512298
2025-03-26,-0.002964921293349152,-0.002233439736166855
2025-03-27,-0.0006866214515896919,-3.3464973266739476e-05
2025-03-28,-0.010688792044993727,-0.009712701874951117
2025-03-31,0.00930702561105194,0.009826014368457732
2025-04-01,0.001989205972468079,0.0011826415128309933
2025-04-02,0.0055057050255433145,0.004948801003735079
2025-04-03,-0.03427698761820867,-0.02947884967909243
2025-04-04,-0.052019970351933405,-0.048912532664454327
2025-04-07,-0.009968183574587158,-0.011200521633987609
2025-04-08,-0.014093750951674368,-0.013286294918886136
2025-04-09,0.06867212386839129,0.06257619567185971
2025-04-10,-0.025848911841722482,-0.023128386053684846
2025-04-11,0.01586837061967219,0.015539991313410837
2025-04-14,0.008557954637326426,0.008527249954965113
2025-04-15,-0.0016435742379173912,-0.0016276588786281248
2025-04-16,-0.009000438471737161,-0.006812642871111025
2025-04-17,0.004698328317750168,0.004051028636164328
2025-04-21,-0.016874026097029465,-0.015207292184286632
2025-04-22,0.019346033520765377,0.017598271004663678
2025-04-23,0.006616782169083352,0.004916031776037057
2025-04-24,0.014789722111366973,0.013664181433554034
2025-04-25,0.0016404514632296897,0.0008290045764756337
2025-04-28,0.003685161937744668,0.004114577680054047
2025-04-29,0.005000661160415455,0.0048460499433133535
2025-04-30,-0.0019267839752270272,-0.001699803915180425
2025-05-01,-0.0023198367610616248,-0.004693672235567522
2025-05-02,0.011246921225445716,0.009002710730883877
2025-05-05,-0.0023171277371394003,-0.0009138553551769586
2025-05-06,-0.002113960446810228,-0.0009315691749274905
2025-05-07,0.001853437106065843,0.001377658190993467
2025-05-08,0.0018501235716575515,-0.0010445245030691825
2025-05-09,0.000400728915450619,-5.421223524902137e-05
2025-05-12,0.01658160062518583,0.01107389212968418
2025-05-13,0.001596524450390044,-0.0012200114495984704
2025-05-14,-0.005763549973685316,-0.007324010552662572
2025-05-15,0.009504012582059627,0.010994329830404763
2025-05-16,0.0066870834198571195,0.0068121228121181205
2025-05-19,0.0013796210654940686,0.0022716356732055297
2025-05-20,-0.001004147633936879,-4.658742387636961e-05
2025-05-21,-0.014943869069067448,-0.014328419790531578
2025-05-22,-0.0029011578723526703,-0.003307593437221434
2025-05-23,0.0005377858204197333,0.002096270298726972
2025-05-27,0.013127326181825537,0.011403308301820195
2025-05-28,-0.00707659702083401,-0.006806854846956863
2025-05-29,0.0036001907709645896,0.00428289666822005
2025-05-30,0.0003952366076894916,0.0011739139304159994
2025-05-31,-7.936507936507937e-05,
2025-06-02,0.004580815553519605,0.003944925386571632
2025-06-03,0.003480166243865867,0.0020363744368530803
2025-06-04,-0.0013694760424504244,-0.00031798935963474296
2025-06-05,-0.00457413249352809,-0.004092690847215853
2025-06-06,0.0056344399587360885,0.0033732867333313927
2025-06-09,0.000639038554380076,0.0002229536666688884
2025-06-10,0.0059640567017727525,0.0053680920762250225
2025-06-11,-0.0002767838430194184,-2.1815215015426586e-05
2025-06-12,0.004226698400398992,0.005449041966203986
2025-06-13,-0.006398394561443738,-0.006238263428672577
2025-06-16,0.0031522692222342233,0.0009180273610988747
2025-06-17,-0.00569657033154029,-0.004943626006903286
2025-06-18,-0.0012487387287595819,-0.0011136651140564516
2025-06-20,5.464351806712736e-06,-8.56238657225556e-06
2025-06-23,0.007243255077580841,0.007205821970503244
2025-06-24,0.005104511356497556,0.00445816322384829
2025-06-25,-0.004334888507106201,-0.004340123988725392
2025-06-26,0.00700950385147821,0.006001032046034593
2025-06-27,0.0012654727140818368,5.158196566276577e-05
2025-06-30,0.004591880296525748,0.005201447520073359
2025-07-01,0.005935959421632791,0.006338995818725809
2025-07-02,0.002562600631163997,0.0009790372250488913
2025-07-03,0.0031051839613721577,0.0020617927863479353
2025-07-07,-0.006629517348340805,-0.006078216630283742
2025-07-08,-0.00018021276799048258,-0.0016069864420526101
2025-07-09,0.003901014289646886,0.004081356581429531
2025-07-10,0.0040599216068461395,0.003930526591298642
2025-07-11,-0.0039014106881772796,-0.004564930499935176
2025-07-14,0.0004978555527990181,0.0005740699486111569
2025-07-15,-0.01038042046373822,-0.010437147718635036
2025-07-16,0.002865677245271423,0.003095028269677797
2025-07-17,0.0039070396940637684,0.003447383638439234
2025-07-18,0.0005653511332206557,0.0009243411365115506
2025-07-21,0.002229575175588794,0.0028246591184282895
2025-07-22,0.00701634084162028,0.0077236798202991765
2025-07-23,0.004613526141581695,0.003198755337964244
2025-07-24,-0.002790984269667555,-0.002883912235976586
2025-07-25,0.002744947623628635,0.002806905557505423
2025-07-28,-0.0040272706033025575,-0.005417192670521358
2025-07-29,0.00036365595880803064,0.0019247434269152345
2025-07-30,-0.005735387902353988,-0.0055060413501896825
2025-07-31,-0.004610926777900788,-0.004130979133357311
2025-08-01,-0.00633652808603144,-0.006029816801020095
2025-08-04,0.010498697078463426,0.01051943385535736
2025-08-05,-0.002089327323326129,-0.002298362322425665
2025-08-06,0.00024374130785655374,0.0006712636420450312
2025-08-07,-0.00025870993202454823,-9.909084568887558e-05
2025-08-08,0.0032235024383044813,0.0029174915839109785
2025-08-11,-0.002511346532092777,-0.0020547397944865723
2025-08-12,0.00772178024453541,0.007692116243710532
2025-08-13,0.007533501776867834,0.00698211455512137
2025-08-14,-0.0036289134957033895,-0.003957516686290304
2025-08-15,0.00041491718605349075,-3.502384262057975e-05
2025-08-31,-7.936507936507937e-05,
