Date,ret_base,ret_vt
2018-06-20,-7.936507936507937e-05,-0.0
2018-06-21,-7.936507936507937e-05,-0.0
2018-06-22,-7.936507936507937e-05,-0.0
2018-06-25,-7.936507936507937e-05,-0.0
2018-06-26,-7.936507936507937e-05,-0.0
2018-06-27,-7.936507936507937e-05,-0.0
2018-06-28,-7.936507936507937e-05,-0.0
2018-06-29,-7.936507936507937e-05,-0.0
2018-07-02,-7.936507936507937e-05,-0.0
2018-07-03,-7.936507936507937e-05,-0.0
2018-07-05,-7.936507936507937e-05,-0.0
2018-07-06,-7.936507936507937e-05,-0.0
2018-07-09,-7.936507936507937e-05,-0.0
2018-07-10,-7.936507936507937e-05,-0.0
2018-07-11,-7.936507936507937e-05,-0.0
2018-07-12,-7.936507936507937e-05,-0.0
2018-07-13,-7.936507936507937e-05,-0.0
2018-07-16,-7.936507936507937e-05,-0.0
2018-07-17,-7.936507936507937e-05,-0.0
2018-07-18,-7.936507936507937e-05,-0.0
2018-07-19,-7.936507936507937e-05,-0.0
2018-07-20,-7.936507936507937e-05,-0.0
2018-07-23,-7.936507936507937e-05,-0.0
2018-07-24,-7.936507936507937e-05,-0.0
2018-07-25,-7.936507936507937e-05,-0.0
2018-07-26,-7.936507936507937e-05,-0.0
2018-07-27,-7.936507936507937e-05,-0.0
2018-07-30,-7.936507936507937e-05,-0.0
2018-07-31,0.0007770694831366131,0.0
2018-08-01,-0.003343776464688671,-0.0
2018-08-02,0.004560116241911927,0.0
2018-08-03,0.0005338698048067855,0.0
2018-08-06,0.005183767626967084,0.0
2018-08-07,0.005208289765880547,0.0
2018-08-08,-0.0012271494974738155,-0.0
2018-08-09,-0.0017964632299710239,-0.0
2018-08-10,-0.003487552167892235,-0.0
2018-08-13,-0.006471645206145544,-0.0
2018-08-14,0.0060244556632758515,0.0
2018-08-15,-0.018771349541786744,-0.0
2018-08-16,0.005436842953831814,0.0
2018-08-17,0.0015475611597823547,0.0
2018-08-20,0.004039072456283883,0.0
2018-08-21,0.004803140743643341,0.0
2018-08-22,0.005265690642030574,0.0
2018-08-23,-0.0012423216860457595,-0.0
2018-08-24,0.007662488463890326,0.0
2018-08-27,0.007578636799128372,0.0
2018-08-28,-0.00025872892279702126,-0.0
2018-08-29,0.008730070393800292,0.0
2018-08-30,-0.003927904575496551,-0.0
2018-08-31,-0.0010754284624770205,-0.0
2018-09-04,-0.0014473812752662909,-0.0
2018-09-05,-0.00827331092894197,-0.0
2018-09-06,-0.009576126992615484,-0.0
2018-09-07,-0.001282587971891617,-0.0
2018-09-10,0.002065209033702264,0.0
2018-09-11,0.008598564651484755,0.0
2018-09-12,0.0008839191505544201,0.0
2018-09-13,0.004537321628859824,0.0
2018-09-14,0.00016396761081335714,0.0
2018-09-17,-0.007855755864848725,-0.0
2018-09-18,0.00847719201236782,0.011965393382142883
2018-09-19,0.00023674724843914674,0.00033418457760235864
2018-09-20,0.0062377656629020615,0.008685451030771571
2018-09-21,-0.0006669275630175904,-0.0009282896843546614
2018-09-24,0.004289197864741252,0.005936294285998136
2018-09-25,0.003070447041161002,0.004239244097437907
2018-09-26,-0.0037707504202478003,-0.005170379748393821
2018-09-27,0.003026715580871464,0.004140575275609424
2018-09-28,-4.151206846014077e-05,-5.6789849176964993e-05
2018-10-01,0.00511105292715542,0.006938772860076601
2018-10-02,-0.004194927699054636,-0.005648078853526629
2018-10-03,0.002494284472972441,0.003354197174208786
2018-10-04,-0.012692653623548648,-0.01607597441416011
2018-10-05,-0.006830316672317068,-0.008510538795702833
2018-10-08,-0.0032352607242264486,-0.0040159197251778585
2018-10-09,0.0031168668018497197,0.0038591460418950035
2018-10-10,-0.037918117815581034,-0.03410877434852186
2018-10-11,-0.02145228270302967,-0.01803901878073286
2018-10-12,0.017686949439273632,0.014211155024344987
2018-10-15,-0.009092026257196104,-0.007234984038374597
2018-10-16,0.019414171840594876,0.014724827740159771
2018-10-17,-0.006460322259719701,-0.004878095447309948
2018-10-18,-0.014659497014212349,-0.010818634537423301
2018-10-19,-0.006437246845852703,-0.004732995936345976
2018-10-22,0.0003485246097647627,0.0002562343857932549
2018-10-23,-0.010009231005899373,-0.0072903831226393285
2018-10-24,-0.03812947551667141,-0.02440151172889823
2018-10-25,0.02553531202575477,0.015449644322429765
2018-10-26,-0.019605076567997398,-0.01157321509575157
2018-10-29,-0.014859779906889277,-0.008665052531090374
2018-10-30,0.016378326508896042,0.009350823392200662
2018-10-31,0.014307821775847817,0.008059111748106373
2018-11-01,0.017655793977400438,0.009731312554565287
2018-11-02,-0.00814401864871653,-0.004484631815060163
2018-11-05,0.008569905354397136,0.004703794663719795
2018-11-06,0.0067432356906482445,0.0036879888030533045
2018-11-07,0.03399168021421339,0.01737351802372326
2018-11-08,-0.007315672823446207,-0.003731411024480791
2018-11-09,-0.012027757820582328,-0.006103150748547055
2018-11-12,-0.0299446509666219,-0.014589691130199452
2018-11-13,-0.009817345792808456,-0.004839419575437524
2018-11-14,-0.009819259926760611,-0.004831568181207634
2018-11-15,0.015617137673133634,0.00758453628760255
2018-11-16,0.0054050694829199,0.0026230775869667136
2018-11-19,-0.025269474964762013,-0.011952917481054334
2018-11-20,-0.028828909505940702,-0.01322569740133861
2018-11-21,0.009190378854294308,0.004194687930589931
2018-11-23,-0.014590416746511766,-0.006639690724431685
2018-11-26,0.02318773693268025,0.01031981918632644
2018-11-27,0.0041096420570526345,0.0018266368928643265
2018-11-28,0.03518070933525701,0.014910672120818846
2018-11-29,-0.0015822969569528815,-0.0006707925448664518
2018-11-30,0.011687471996630604,0.004925007543115435
2018-12-03,0.019327735600329455,0.0080267156243481
2018-12-04,-0.04171350334371144,-0.016425049686107817
2018-12-06,-0.005123339163384136,-0.0020208188059008185
2018-12-07,-0.03216972595865589,-0.012326677698510792
2018-12-10,0.0008564074884806365,0.00032823035137164965
2018-12-11,0.0015891433950631154,0.0006108222192302441
2018-12-12,0.01019618082688612,0.003903214997802804
2018-12-13,0.00019678703755573784,7.541216355192155e-05
2018-12-14,-0.03261074382027932,-0.01216357949032141
2018-12-17,-0.02831980012840391,-0.010376887757570279
2018-12-18,-0.005614592969446915,-0.0020638822736564677
2018-12-19,-0.021550796126370852,-0.007850321642825998
2018-12-20,-0.027462525964339467,-0.00987590397114971
2018-12-21,-0.02513696222702417,-0.008936755011142
2018-12-24,-0.03677192220743763,-0.012759036079539857
2018-12-26,0.07508297658032059,0.02280674456713136
2018-12-27,0.009529544935813452,0.0028854682770882755
2018-12-28,-0.0029632954380832983,-0.0008979582973754015
2018-12-31,0.013556326911630785,0.004086954546041752
2019-01-02,-0.0015510102920023227,-0.00046818665806242193
2019-01-03,-0.03425749825223126,-0.010165796400429878
2019-01-04,0.051946381485199956,0.014640268212414211
2019-01-07,0.014399764664377134,0.0040452377045001155
2019-01-08,0.015700118264801895,0.004388712628636737
2019-01-09,0.010695746597731988,0.0029820419182913028
2019-01-10,0.006413518863067927,0.0017868640849043546
2019-01-11,-0.0025092393920829854,-0.0007139952604992325
2019-01-14,-0.017217493627200365,-0.004911458038226143
2019-01-15,0.019239246542772395,0.005482603047393445
2019-01-16,-0.0003594139471055841,-0.00010252373660123156
2019-01-17,0.011717444672296115,0.003356856095778364
2019-01-18,0.02072674345470712,0.005893893438632126
2019-01-22,-0.019608282335579975,-0.005561225108758019
2019-01-23,0.002064751125832605,0.0005858028731019372
2019-01-24,0.004827629332780106,0.0013689925214197944
2019-01-25,0.008409889426109323,0.002385065589372539
2019-01-28,-0.015145512649982089,-0.00438289086631176
2019-01-29,-0.0022387754127326078,-0.000655341997091384
2019-01-30,0.02866653677916531,0.00832565628173849
2019-01-31,0.018481580813531285,0.00535939034983595
2019-02-01,-0.00018640642883874508,-5.428608799073141e-05
2019-02-04,0.006324334943774793,0.0018468452363074425
2019-02-05,0.008073322609361043,0.002367517177153971
2019-02-06,-0.0012956190515793701,-0.00038039487092608086
2019-02-07,-0.011841202761908915,-0.0034721937310616914
2019-02-08,0.002479002824976158,0.0007274242054925807
2019-02-11,0.00011847103382105445,3.550431739669895e-05
2019-02-12,0.01817151904404121,0.005416340533917509
2019-02-13,0.005298792195868011,0.0015826435190717492
2019-02-14,0.0025949683566081883,0.000788175104458499
2019-02-15,0.016810200326309945,0.005091979548342371
2019-02-19,0.004419309884266094,0.0013413624769347283
2019-02-20,0.002511551913778246,0.0007653078098493214
2019-02-21,-0.009223220267984458,-0.0028061245161465284
2019-02-22,0.014046051450935558,0.004316414800460465
2019-02-25,-0.0017079807508228943,-0.0005343435784375743
2019-02-26,6.523765867891068e-05,2.0430994328486582e-05
2019-02-27,-0.004295029294811359,-0.0013513379185386423
2019-02-28,-0.006333515037242435,-0.0020090352986718023
2019-03-01,0.013349348391703252,0.004222906323230211
2019-03-04,-0.0031113829258949234,-0.0010077772657415389
2019-03-05,-0.0012158385355864445,-0.0003938244946845789
2019-03-06,-0.011251202120582424,-0.003642541365950472
2019-03-07,-0.008625556915351969,-0.00280932748106795
2019-03-08,-0.006832691340020618,-0.00231283479855559
2019-03-11,0.02207165692526714,0.007400345169474867
2019-03-12,0.01205234900121407,0.00413837871415249
2019-03-13,0.009953644679659392,0.003412502352224759
2019-03-14,-0.003035681233365425,-0.001040146743734545
2019-03-15,0.01090651451448614,0.003735913211655437
2019-03-18,0.007232253899551666,0.0024758587687992643
2019-03-19,-0.0005142995068213515,-0.0001813563121394805
2019-03-20,0.004461652055880715,0.0016130609250604127
2019-03-21,0.020783380998582204,0.007468571746886723
2019-03-22,-0.02204274846764475,-0.007915972705235096
2019-03-25,0.001223571129173269,0.0004509349779101138
2019-03-26,0.012388999987480337,0.004669156957719507
2019-03-27,-0.007053024778024193,-0.0027886266963538533
2019-03-28,0.0026498387479560715,0.001268095382247534
2019-03-29,0.009906277928429949,0.004739723977590274
2019-04-01,0.0059978806637077,0.0028754095502344984
2019-04-02,-0.0009546274005947397,-0.0004591856689180336
2019-04-03,-0.002082415316920468,-0.0010013861869217293
2019-04-04,0.003099618845536563,0.0016050411548740615
2019-04-05,0.015203356553220032,0.00901095849654379
2019-04-08,0.0002570159779580266,0.00015348725697705897
2019-04-09,-0.007732687970475579,-0.00462836772881764
2019-04-10,0.004967132719424845,0.002984895589132554
2019-04-11,-0.004228009794038878,-0.0025333728015660747
2019-04-12,0.0013231241949015183,0.000794354316497654
2019-04-15,0.0006143158261607529,0.00038028626830139794
2019-04-16,-0.0077902591497555,-0.004878750075840899
2019-04-17,-0.00874750676195893,-0.005425724372529446
2019-04-18,0.0016375238378569133,0.0010223247967802679
2019-04-22,0.004781434745219088,0.0030666549997007434
2019-04-23,0.013915704914416039,0.009205522578253562
2019-04-24,-0.0010005623858004406,-0.0006610942140651757
2019-04-25,0.001389600894729955,0.0009183717575229465
2019-04-26,0.0019552811440812115,0.0012960380316483983
2019-04-29,-0.0061333532359268165,-0.004155189748511039
2019-04-30,0.011971668211519262,0.0080669054351713
2019-05-01,-0.018365183655715742,-0.012662863175974972
2019-05-02,-0.008408816398343967,-0.005892391731408083
2019-05-03,0.017934129617582974,0.012261945532697304
2019-05-06,-0.0041083787438597865,-0.0028042165762335444
2019-05-07,-0.023390771461051684,-0.015148871232256762
2019-05-08,-0.005700441127187771,-0.003678484984594817
2019-05-09,-0.00416588942078584,-0.002721605358433764
2019-05-10,0.012719117748302521,0.008221150290992596
2019-05-13,-0.03149834455594568,-0.01871891729503186
2019-05-14,0.012798256748379687,0.007691877022435995
2019-05-15,0.012626126300055334,0.0075248043503922885
2019-05-16,0.014231083211760183,0.008380658052783239
2019-05-17,-0.00801462455495064,-0.004774954650266473
2019-05-20,-0.009266707983330026,-0.0054860032270401
2019-05-21,0.012728429726542465,0.007461498546759726
2019-05-22,-0.0025907658662683414,-0.0015284176099054914
2019-05-23,-0.015894016018297607,-0.009311591459529877
2019-05-24,0.0007604142083012408,0.0004456440967427188
2019-05-28,-0.019971735086136207,-0.011380398670045696
2019-05-29,-0.01616345701941105,-0.009064568443864324
2019-05-30,0.00553153188340898,0.003104574990413718
2019-05-31,-0.017242160645602234,-0.009605267818721142
2019-06-03,0.006084271222435642,0.003382825310273349
2019-06-04,0.03088256899656221,0.016234804950810797
2019-06-05,0.013796256081457297,0.007238599905497648
2019-06-06,0.019996771797544118,0.010338195766572614
2019-06-07,0.01956254838065223,0.009974001252484455
2019-06-10,0.002823656745577503,0.001472801958139543
2019-06-11,0.0005806417153793481,0.00030482107709025864
2019-06-12,-3.3176457252862915e-05,-1.749266298003261e-05
2019-06-13,0.00995677645018001,0.00523181948493162
2019-06-14,-0.0006941828776173478,-0.0003666666048172396
2019-06-17,0.0033004588259048016,0.0017466239256435138
2019-06-18,0.014419583792190072,0.007555973526191327
2019-06-19,0.008739682485716518,0.00456798483935107
2019-06-20,0.02192728856660054,0.01143166568207066
2019-06-21,-0.0026425932755531913,-0.0014203135093515107
2019-06-24,-0.0025114984416340384,-0.0013485450339382641
2019-06-25,-0.014557537836752246,-0.0077578008345028085
2019-06-26,-0.00863816363957773,-0.004595813585549361
2019-06-27,0.006153664805848454,0.003269642649016977
2019-06-28,0.006649680499764265,0.0035426837498946945
2019-07-01,0.010513393911948023,0.0055804330680806384
2019-07-02,0.008003147877402497,0.004238070598750968
2019-07-03,0.01838754393765756,0.009588739011638195
2019-07-05,-0.008177056021299286,-0.004242651897841789
2019-07-08,-0.0028286132083492547,-0.0014819559214539683
2019-07-09,0.0003905124729111896,0.00020459832894049603
2019-07-10,0.010249344116184432,0.005370423323130225
2019-07-11,-0.000905270597597367,-0.00047453546678301
2019-07-12,0.0030365130469726556,0.0015943216083395067
2019-07-15,0.003844957127698656,0.002018174391962295
2019-07-16,-0.011622650659832028,-0.006043540953526693
2019-07-17,-0.0033868556412056956,-0.001767043922948326
2019-07-18,0.009066724604975897,0.004743284211839308
2019-07-19,-0.013344073665299652,-0.006896369902945996
2019-07-22,0.0027722468128131912,0.0014334660197377652
2019-07-23,0.005478926560973344,0.002854997506664298
2019-07-24,0.0054713922734690515,0.002849211762503697
2019-07-25,-0.010696309011552082,-0.0055265854972617505
2019-07-26,0.007422047224916839,0.0038269783279692884
2019-07-29,0.0005728153329176126,0.0002962384959913586
2019-07-30,-0.002900782569306363,-0.0015081932169379111
2019-07-31,-0.018934902431819677,-0.009832585203723125
2019-08-01,-0.004553246949773874,-0.0023720979591976862
2019-08-02,-0.010728992710290588,-0.0056367160083399415
2019-08-05,-0.04837994660278072,-0.02260331213849814
2019-08-06,0.024283120325630927,0.011343477769520733
2019-08-07,0.005792134092928861,0.002708008906276237
2019-08-08,0.03699714177923138,0.016413693373923743
2019-08-09,-0.012389642184382167,-0.005482765581376251
2019-08-12,-0.012449486582517646,-0.005715319006912253
2019-08-13,0.024055282451678914,0.010868557657244132
2019-08-14,-0.043584780023472464,-0.018314215687545717
2019-08-15,0.010881942252820137,0.0045855533059484975
2019-08-16,0.021349361698680666,0.008890193766244248
2019-08-19,0.020427667808766193,0.008434033722507584
2019-08-20,-0.008027792418693367,-0.0033183534236689207
2019-08-21,0.01573833141967589,0.0064640797263885025
2019-08-22,-0.004043375828341459,-0.001676753230303367
2019-08-23,-0.04245084876868798,-0.016523808902390184
2019-08-26,0.01939456380045443,0.0075817459644683715
2019-08-27,-0.0014926919838648797,-0.0005893169690697059
2019-08-28,0.01431315031682679,0.00562639096424975
2019-08-29,0.0193408475139546,0.007627337794764644
2019-08-30,-0.0019945067509471006,-0.0007863083156129167
2019-09-03,-0.000820039433859066,-0.0003318192729027287
2019-09-04,0.01760761825994632,0.007100331925247973
2019-09-05,0.008991202031117886,0.003658916180415537
2019-09-06,0.0052644990430977135,0.002164406552260915
2019-09-09,-0.00603005638489184,-0.002474188590095865
2019-09-10,-0.005686385455561171,-0.0023290548553807017
2019-09-11,0.011574111848204676,0.0047250816399149655
2019-09-12,0.0010536692101353958,0.00043116170671938397
2019-09-13,-0.01186642570697478,-0.004827333914407837
2019-09-16,0.006581568770099714,0.002675343900139758
2019-09-17,0.005706729487092209,0.0023316115814240924
2019-09-18,0.0014527700791063867,0.0005946935960182377
2019-09-19,0.002982987853918491,0.0012394799652735346
2019-09-20,-0.000991040129689232,-0.00041192323011055064
2019-09-23,0.001763364192449793,0.0007332295223158692
2019-09-24,-0.005894810218055705,-0.0024681459260180757
2019-09-25,0.0010045302693626546,0.0004220520972158683
2019-09-26,-0.0015883961215240536,-0.000667758876126504
2019-09-27,-0.007986752444336657,-0.00335161180877931
2019-09-30,0.004035889493494175,0.0016986986655430746
2019-10-01,-0.015754407801361902,-0.006580482523130953
2019-10-02,-0.031799813148984536,-0.01297454611959328
2019-10-03,0.019891170294196594,0.00802495826741009
2019-10-04,0.028233510730346453,0.011111746701122768
2019-10-07,-0.016618520297498874,-0.00648132960173113
2019-10-08,-0.024191680592615773,-0.009297147883603741
2019-10-09,0.015754930028027015,0.006009736413276026
2019-10-10,0.002706207009391325,0.0010323431583916952
2019-10-11,0.00800441706961375,0.0030490664768546183
2019-10-14,-0.000798183813808762,-0.0003052940684234797
2019-10-15,0.005161330215927173,0.0019735782614456335
2019-10-16,-0.0027136217346600115,-0.0010397208011387246
2019-10-17,0.004907120748043936,0.001889595726404653
2019-10-18,-0.005485760774653933,-0.002110531541939985
2019-10-21,0.008582378223012782,0.003297807102959037
2019-10-22,0.002791062300978705,0.0010731194014514426
2019-10-23,0.007521239909906726,0.0028984981427083775
2019-10-24,0.005507302909546825,0.0021238046073784804
2019-10-25,0.00043800929676156557,0.00016891120680060807
2019-10-28,-0.004401795725719926,-0.0016968236450490008
2019-10-29,0.000702337681341173,0.000273970414457711
2019-10-30,0.010305134598284605,0.004013097845670151
2019-10-31,0.005285473628800059,0.002066495222649368
2019-11-01,0.012518713104452817,0.005308945668305354
2019-11-04,-0.0011760845611512491,-0.0005076933145770776
2019-11-05,-0.013369693338730644,-0.00572500843452019
2019-11-06,0.0005534863157168403,0.0002490660820939703
2019-11-07,-0.010573830296140297,-0.004767147558328251
2019-11-08,-0.0021467290632260967,-0.0009749193408000543
2019-11-11,-0.006968513846075397,-0.0032283360731965114
2019-11-12,0.005460089136114591,0.002781905503515211
2019-11-13,0.009494276784209226,0.00484343984719979
2019-11-14,0.006025878617272004,0.003137037536495998
2019-11-15,0.01285304187180307,0.00677886673702617
2019-11-18,0.0009111139845709692,0.0004828887924547524
2019-11-19,-0.0041099910393996774,-0.0022015862586569723
2019-11-20,0.006442718603802565,0.0034507082132535904
2019-11-21,-0.00406755980689828,-0.0024690603824268145
2019-11-22,0.001230344144027088,0.0007650962767881315
2019-11-25,0.010592668034818514,0.006550440200454776
2019-11-26,0.006558194644895236,0.004099294753221205
2019-11-27,0.005851416745876273,0.0037480116764814888
2019-11-29,-0.006820509369677478,-0.004348762972012822
2019-12-02,-0.015095638611072763,-0.009424353851281542
2019-12-03,-0.0015524684447106047,-0.0009909014686267004
2019-12-04,0.012201589440497101,0.0077476077093467
2019-12-05,-0.0017187584496412668,-0.0010926452246021174
2019-12-06,0.00998907778994226,0.0063308375216341445
2019-12-09,-0.004398514472312757,-0.0027911922460681408
2019-12-10,0.0008728077476430597,0.0005591245210762288
2019-12-11,0.009058155424670002,0.005770417177659998
2019-12-12,0.007297910920186952,0.004699165686740897
2019-12-13,0.008794955357202656,0.005649548741915703
2019-12-16,0.01474336267706008,0.009345422611224922
2019-12-17,0.0005163194617204895,0.000327260607706831
2019-12-18,2.0441014237637168e-05,1.2957073394422687e-05
2019-12-19,0.007874125699796957,0.004976600935328402
2019-12-20,0.013506069199756133,0.008439126840372757
2019-12-23,0.0008674745411559947,0.0005445117689298687
2019-12-24,0.005189776155512386,0.003254796605254955
2019-12-26,0.010452063433805158,0.0065237958459182085
2019-12-27,0.0012721530019787742,0.0008004670743756648
2019-12-30,-0.009498467544464921,-0.005915105520234336
2019-12-31,0.003205582067199016,0.0020482610470014305
2020-01-02,0.022955351817992287,0.01572007690718832
2020-01-03,-0.0050387246399780745,-0.0035266539398269257
2020-01-06,0.008824892911533882,0.00659647619780252
2020-01-07,-0.008490568390901261,-0.006530566425307256
2020-01-08,0.0008533290324604256,0.0007220664798028954
2020-01-09,0.016291582917427206,0.013757506121206775
2020-01-10,-0.0036498073701907467,-0.0030630505764186354
2020-01-13,0.00982428413093695,0.00821908876508277
2020-01-14,0.0022120578225936745,0.001854140002246415
2020-01-15,0.009853512130080757,0.008209505023699293
2020-01-16,0.017313187996373203,0.014099607048943651
2020-01-17,0.0028769511117439153,0.0023436851331519897
2020-01-21,-0.005263083131546769,-0.0042897646668715005
2020-01-22,-3.309680147807264e-05,-2.7041548792636715e-05
2020-01-23,0.007508094245421359,0.006119231289658469
2020-01-24,-0.018235971721251343,-0.014064233723958292
2020-01-27,-0.030648735618549517,-0.02102221652566965
2020-01-28,0.0149607311095924,0.010113229387376826
2020-01-29,0.0016731911274898768,0.001136065334386465
2020-01-30,0.014190510014255092,0.0095213880385973
2020-01-31,-0.04037654888399459,-0.023550070392483136
2020-02-03,0.006194227117530601,0.0036111565594459235
2020-02-04,0.02114133370234695,0.01211411343059054
2020-02-05,0.03555275206950537,0.019041759292193677
2020-02-06,0.0037146820398073007,0.0020207612598763477
2020-02-07,-0.008709463143720113,-0.004701332845697936
2020-02-10,0.015601335658356608,0.008435889933760711
2020-02-11,0.006731387577127035,0.003643799183772663
2020-02-12,0.013299171649935332,0.007206108206595671
2020-02-13,0.002736396586966827,0.0014828933450168748
2020-02-14,0.005216752714632407,0.0028323907868344524
2020-02-18,-0.0018930973162327646,-0.001026388745463793
2020-02-19,0.011669136344839648,0.006334573408142256
2020-02-20,-0.0016340744741990096,-0.0008860242147378899
2020-02-21,-0.013210614745438526,-0.007071159907530042
2020-02-24,-0.0751372902181024,-0.030820150035979866
2020-02-25,-0.08657534032180612,-0.028741697715967636
2020-02-26,-0.021827153692949804,-0.007166756289550903
2020-02-27,-0.11218062691046128,-0.029686179399268365
2020-02-28,-0.04175545834223193,-0.010820175781330984
2020-03-02,0.12534571233765818,0.027092876294160365
2020-03-03,-0.05293357699461205,-0.011161295946150729
2020-03-04,0.10998431804546067,0.02103432097821146
2020-03-05,-0.07125789788035777,-0.013138646548216532
2020-03-06,-0.03488128772639183,-0.006387504529107972
2020-03-09,-0.22038407919343955,-0.031465077386339045
2020-03-10,0.09324800978306272,0.012830973715255836
2020-03-11,-0.14862418730723523,-0.01898728965174145
2020-03-12,-0.279507693487608,-0.02925936741676344
2020-03-13,0.2122496845826649,0.020153502948024496
2020-03-16,-0.2927890535615425,-0.02444097371738844
2020-03-17,0.14514916683892912,0.01172709935039503
2020-03-18,-0.1920676191550852,-0.014896027758302476
2020-03-19,0.008375691927275249,0.0006493741190400781
2020-03-20,-0.08137187006805661,-0.006274592799452311
2020-03-23,-0.07501326713903622,-0.005762274014281254
2020-03-24,0.29077979122162073,0.02022651876200048
2020-03-25,0.05437680727538474,0.0037674228566661437
2020-03-26,0.17140224745896662,0.011519085603892573
2020-03-27,-0.07324462619779318,-0.004904730543009603
2020-03-30,0.07524037090897143,0.0050072588815731735
2020-03-31,-0.05623060389712645,-0.0037342784957238185
2020-04-01,-0.11324797692319247,-0.007449667010696232
2020-04-02,0.08805806376070176,0.00575000711310348
2020-04-03,-0.03554312489259211,-0.0023195308717135275
2020-04-06,0.18475529443071503,0.011689659298496462
2020-04-07,-0.004471194550496226,-0.0002828968854692395
2020-04-08,0.0997078704227321,0.0062524753486647286
2020-04-09,0.0558977479437119,0.0034962173368940056
2020-04-13,-0.03567278998092382,-0.0022295083647214196
2020-04-14,0.07073496112685747,0.004401873896442232
2020-04-15,-0.06481625945558715,-0.0040221720057899745
2020-04-16,-0.0020465215191854532,-0.00012701811349829798
2020-04-17,0.09461959707359048,0.005830044919097254
2020-04-20,-0.05307887407750362,-0.0032646547001880222
2020-04-21,-0.06799174173584173,-0.004169315422856007
2020-04-22,0.0600821773859633,0.0036723764501804933
2020-04-23,0.00790815511711511,0.00048336298600457024
2020-04-24,0.030364451342796528,0.0018544958079737522
2020-04-27,0.03618702695361694,0.0022086894138030463
2020-04-28,0.0129578167444953,0.0007909262456374115
2020-04-29,0.05957541717263585,0.003625846292697582
2020-04-30,-0.049142277765858285,-0.0029866518314923896
2020-05-01,-0.07443872180001761,-0.004511621298854943
2020-05-04,0.012197134388806844,0.0007391652692564975
2020-05-05,0.01574340880893011,0.0009542448293853491
2020-05-06,-0.0459819652636609,-0.0027867753748131293
2020-05-07,0.041585519566909146,0.002516439775067278
2020-05-08,0.051500912242791484,0.0031094032251137754
2020-05-11,-0.01587997570541854,-0.0009589225968089794
2020-05-12,-0.04426314000551601,-0.0026699464169329134
2020-05-13,-0.04884248525878779,-0.002942780899451938
2020-05-14,0.03755657197514314,0.0022598307783826097
2020-05-15,0.0031466737914478847,0.00018934510711198557
2020-05-18,0.09889350686542016,0.005904579661382596
2020-05-19,-0.03538214624798326,-0.0021114076101444875
2020-05-20,0.046513530403763714,0.0027705728100535787
2020-05-21,-0.02269365697105492,-0.001351480757023178
2020-05-22,0.0066464639758804685,0.00039728066791219963
2020-05-26,0.03962348071084565,0.0023780499324227186
2020-05-27,0.049859266337341876,0.0029880137719585156
2020-05-28,-0.005472489939914033,-0.0003310894046426506
2020-05-29,0.009727127638803314,0.0005893482132271958
2020-06-01,0.01567927635060019,0.0009607540136400781
2020-06-02,0.023797154880791562,0.0014610323808168135
2020-06-03,0.03725042990382643,0.00230544185970313
2020-06-04,-0.0051352303407257065,-0.000319146701868905
2020-06-05,0.07120122172502046,0.004414233070879011
2020-06-08,0.05443123936184184,0.003512091542894735
2020-06-09,-0.03491556754348142,-0.0022634751900972466
2020-06-10,-0.028191338711713414,-0.0018647466292670335
2020-06-11,-0.15902521115260695,-0.011075699522965917
2020-06-12,0.031135516678920342,0.0022614293627676164
2020-06-15,0.021675643211837094,0.001756168253437085
2020-06-16,0.04507528440380811,0.003736122709146357
2020-06-17,-0.019637121260367606,-0.0017289987386214683
2020-06-18,0.00608845501805626,0.0005360481455569266
2020-06-19,-0.020262142805812542,-0.001806685939352763
2020-06-22,0.013295766339502435,0.0012014654716134318
2020-06-23,0.004979703344576395,0.0005211489365573612
2020-06-24,-0.07170668595994212,-0.007425033880755341
2020-06-25,0.025826406276858106,0.0028419814093660137
2020-06-26,-0.055781945552172446,-0.00617658982992369
2020-06-29,0.04371850892382445,0.004881083697506569
2020-06-30,0.0334988294607402,0.0037728645541100165
2020-07-01,-0.00015179846396868853,-1.7794847548078543e-05
2020-07-02,0.016342265803067385,0.0019492997203436758
2020-07-06,0.027361206360469646,0.0032799331336264923
2020-07-07,-0.027010963904116416,-0.003563664674982647
2020-07-08,0.015045712892903318,0.001985463569103805
2020-07-09,-0.035313472440241474,-0.00478170811256778
2020-07-10,0.03932636675733858,0.005353525090507002
2020-07-13,-0.006951480868587056,-0.0009517021258172116
2020-07-14,0.04432961308695198,0.006134399953873586
2020-07-15,0.030829821107561797,0.004339135892181115
2020-07-16,-0.0036686056194724197,-0.0005162765126414035
2020-07-17,0.010509391713538714,0.0015285434419086454
2020-07-20,-0.002744091041169047,-0.0004049556301626513
2020-07-21,0.036614614812549094,0.005517376352075565
2020-07-22,0.02089637096261673,0.003187768564128459
2020-07-23,-0.008185257422541978,-0.0012474154576899567
2020-07-24,-0.012329457888888092,-0.0018812614655881888
2020-07-27,0.01172633868237757,0.001796937154567017
2020-07-28,-0.005125929975247552,-0.0007853281416742693
2020-07-29,0.033860754638207445,0.0052418951203953
2020-07-30,-0.02349455712172998,-0.0036750746446125803
2020-07-31,0.008432715030165598,0.00136321414054725
2020-08-03,0.008615185520889178,0.0013929303194617011
2020-08-04,0.02763373469233455,0.004459277028525557
2020-08-05,0.01644164640403083,0.0026920997926971587
2020-08-06,0.011084666565615582,0.001826623414899551
2020-08-07,0.01007693506507409,0.0016792175435294476
2020-08-10,0.021757510904556063,0.0036313077127618056
2020-08-11,-0.03569895084971374,-0.005985425890815375
2020-08-12,0.025527359028533765,0.004351893012951009
2020-08-13,-0.0073574174726824745,-0.0012591401821737387
2020-08-14,-0.0008859231343271085,-0.00015156981583227023
2020-08-17,0.008875730058444263,0.0016015762001209157
2020-08-18,0.00019584539590815646,3.5743364087694665e-05
2020-08-19,-0.024199677284173042,-0.004438576061698253
2020-08-20,-0.007611030213513679,-0.001401977557585127
2020-08-21,0.005498642742324262,0.0010128749914638114
2020-08-24,0.032806109475601516,0.0060604974134267475
2020-08-25,-0.005248783520107597,-0.0009826375931737356
2020-08-26,0.0004857676773841077,9.099756926900419e-05
2020-08-27,0.0021197296968132958,0.00039713529314270077
2020-08-28,0.0256806204648471,0.004800403958392799
2020-08-31,-0.01144974937440945,-0.0021420248054368003
2020-09-01,0.009599094458182121,0.0018096571037609513
2020-09-02,0.03806506965021642,0.0071216923042083016
2020-09-03,-0.06688012689442652,-0.012482233955204924
2020-09-04,-0.01677795376423603,-0.0031867240513339056
2020-09-08,-0.05943293537369346,-0.011097896268392504
2020-09-09,0.04537492698759097,0.008409816897182669
2020-09-10,-0.04786292878267009,-0.010836973539283803
2020-09-11,0.009683763986785025,0.002209275354942228
2020-09-14,0.03624063699249965,0.008203913998331883
2020-09-15,-0.00019577777530665347,-4.514298870828369e-05
2020-09-16,0.010911090800614521,0.002528463313682547
2020-09-17,-0.016575108054050002,-0.0038250592383005998
2020-09-18,-0.028624426445881947,-0.006573177792456131
2020-09-21,-0.04836793611831498,-0.010825418772357936
2020-09-22,0.010763294967265254,0.002407299265877488
2020-09-23,-0.06471710506195878,-0.014621257340506176
2020-09-24,0.00978784061860065,0.0022230589223737668
2020-09-25,0.032091928244804044,0.007490312060199948
2020-09-28,0.04509149235698273,0.010511294637177152
2020-09-29,-0.01959961214403371,-0.0045909801852065295
2020-09-30,0.01514312596173377,0.0035411359587829536
2020-10-01,0.00950312671157461,0.002225741666633024
2020-10-02,-0.009451155460109172,-0.002225808087863925
2020-10-05,0.04634357715987185,0.010788245652440756
2020-10-06,-0.03670330110542981,-0.008414988491510116
2020-10-07,0.04308831380299135,0.009863362128671177
2020-10-08,0.04143953610688293,0.009470269161676372
2020-10-09,0.018357593730403247,0.004191027426210084
2020-10-12,0.037036524345712106,0.008503819340157147
2020-10-13,-0.02517409169728723,-0.005775857904190249
2020-10-14,-0.011688806629544591,-0.0026769682077653666
2020-10-15,0.003105801569200232,0.0007117388423769224
2020-10-16,-0.003964143031807358,-0.0009082957932163441
2020-10-19,-0.04604554980180423,-0.010426095955630378
2020-10-20,0.01505031053761915,0.0034147535408064595
2020-10-21,-0.009158683305998037,-0.0020775838011052174
2020-10-22,0.0271967911423738,0.006140010741390237
2020-10-23,0.010828694563969146,0.00244513603871982
2020-10-26,-0.05399516022812866,-0.011825407513521373
2020-10-27,-0.014417991885465952,-0.0031846105446601005
2020-10-28,-0.10632208451827632,-0.021328752903145135
2020-10-29,0.02705736515047834,0.005397470502652234
2020-10-30,-0.02409042328761971,-0.004788309534865891
2020-11-02,0.05399231541699634,0.010546948428091804
2020-11-03,0.04854373210303975,0.009330678218306495
2020-11-04,0.0444623419200901,0.00842981673708264
2020-11-05,0.053535192400644374,0.00995496474431055
2020-11-06,-0.012831784178308539,-0.002390444970610748
2020-11-09,0.06668445615298839,0.012174967769049472
2020-11-10,0.021361269792307912,0.0039047715471221566
2020-11-11,0.009663343638256758,0.0017668317854392037
2020-11-12,-0.029312552565788307,-0.005324312053911186
2020-11-13,0.0521191610591879,0.009315096789473008
2020-11-16,0.05215406095115511,0.009178479552624274
2020-11-17,-0.01258450412686188,-0.002221819540651019
2020-11-18,-0.04185051324583706,-0.007300713226994386
2020-11-19,0.012113048249279692,0.0021120918408696434
2020-11-20,-0.012567574507631048,-0.002200491505706531
2020-11-23,0.030244413380477234,0.005272648024092087
2020-11-24,0.04935283257884186,0.008493835503331063
2020-11-25,-0.012207079305117694,-0.0020977705542840905
2020-11-27,-0.001381470839374004,-0.00023809258744277292
2020-11-30,-0.03591969203709554,-0.0061426923224924095
2020-12-01,0.028804487323417338,0.0049075754120718375
2020-12-02,0.017179915870949736,0.0029451080253874626
2020-12-03,0.005922886875452994,0.0010464610584832747
2020-12-04,0.02706821435269399,0.004779744294347881
2020-12-07,-0.002975318525279798,-0.0005395196116096667
2020-12-08,0.01235707943237593,0.002264591092942096
2020-12-09,-0.01993347554538071,-0.003708580868820735
2020-12-10,0.0065226240580419795,0.0012136732852414216
2020-12-11,-0.005008960906438165,-0.0009378661798183758
2020-12-14,-0.027552388311928033,-0.005122536129323396
2020-12-15,0.04412034205329282,0.008115858865433492
2020-12-16,-0.0022988451099883755,-0.0004240552655041246
2020-12-17,0.015962959345372996,0.002965881564125931
2020-12-18,-0.014426146452084537,-0.002729244396707484
2020-12-21,-0.021010597250454538,-0.0039548301151597675
2020-12-22,-0.017073670851087342,-0.00332253383526206
2020-12-23,0.015282174479615003,0.002972380262070602
2020-12-24,0.0095628266980458,0.001869388427283772
2020-12-28,0.0173026920111676,0.003419936850085697
2020-12-29,-0.005879794456366393,-0.001166885769094664
2020-12-30,0.012917420312625999,0.0025642943457430175
2020-12-31,0.018696303946699234,0.0037070415258226856
2021-01-04,-0.03175411562935622,-0.006237576348249818
2021-01-05,0.026349239217940013,0.005226659019419527
2021-01-06,0.029668802692321056,0.005944732750983526
2021-01-07,0.026540503152962195,0.005359376651017785
2021-01-08,0.002130816515828144,0.00043482273603096704
2021-01-11,-0.014367187518170337,-0.0029265349734102493
2021-01-12,0.011824270022872974,0.0024289106239978203
2021-01-13,0.007753877762296568,0.0016051323102311663
2021-01-14,-0.001881656930137597,-0.00039032235666117696
2021-01-15,-0.027491056593893677,-0.0056507585540574515
2021-01-19,0.024498007771716446,0.005022675780177816
2021-01-20,0.035364391486300474,0.007366546422024512
2021-01-21,-0.017641353217091732,-0.0036588225959417442
2021-01-22,-0.011123575851143756,-0.0023057549130366395
2021-01-25,0.014205938694903912,0.0029546324269058527
2021-01-26,-0.011424090046333596,-0.002370579058209676
2021-01-27,-0.07436250540962011,-0.015062385305590478
2021-01-28,0.02718647927122076,0.005503094938219771
2021-01-29,-0.06048249024066691,-0.013176574274537554
2021-02-01,0.0400840793287622,0.008674024698488242
2021-02-02,0.03507842692729177,0.007605187130995502
2021-02-03,0.01138207507716997,0.0025203287943450507
2021-02-04,0.023785690832240435,0.005344956553886684
2021-02-05,0.017504427118328898,0.003988193220826123
2021-02-08,0.031648856155695904,0.007335982773482697
2021-02-09,-0.0017768282549985048,-0.0004131737416859389
2021-02-10,0.010164598401898952,0.0024665810002474377
2021-02-11,-0.011326289076189962,-0.002748920229248199
2021-02-12,0.009702823519232837,0.0023548894410516555
2021-02-16,-0.004767869603071065,-0.0011722766462999453
2021-02-17,0.006575143241882545,0.001663385192756023
2021-02-18,-0.0160785393623628,-0.004175358872989886
2021-02-19,-0.0070318725305937805,-0.001829694370220851
2021-02-22,-0.004640455127316659,-0.0012419675580670228
2021-02-23,0.008910276919328447,0.002386234854628538
2021-02-24,0.02948249432846817,0.007853780295059681
2021-02-25,-0.07173669043209274,-0.01787157925197189
2021-02-26,-0.024822192237986453,-0.006303431175818484
2021-03-01,0.06471893705071825,0.015692845845479034
2021-03-02,-0.01635416921570997,-0.00394913994400524
2021-03-03,-0.0301983770961619,-0.007327768557459336
2021-03-04,-0.027652739107553868,-0.006694808429383056
2021-03-05,0.06321386992162127,0.014703514619750153
2021-03-08,-0.004554727951729908,-0.0010589934573223439
2021-03-09,0.035090093074605984,0.008117725623246464
2021-03-10,0.03164529585055594,0.007257933906281393
2021-03-11,0.0155167985693111,0.0035562126802742436
2021-03-12,0.006948875991803722,0.0016016212648653787
2021-03-15,0.01884892138877959,0.004333988071109946
2021-03-16,-0.015653831573398308,-0.0035878794668004316
2021-03-17,0.005800356789746338,0.0013435907669876288
2021-03-18,-0.04514977657334916,-0.010380026871153398
2021-03-19,0.004216668840066446,0.000969660543160895
2021-03-22,0.012977860703121057,0.002986620877663869
2021-03-23,-0.019522862774640645,-0.004483174282434363
2021-03-24,-0.004070313346932413,-0.0009399391417273746
2021-03-25,0.017533396854060936,0.004057933232683632
2021-03-26,0.03983719890296711,0.009104345294883864
2021-03-29,-0.0053384001300931525,-0.0012194046689365746
2021-03-30,-0.012567962710804287,-0.0028689472524243325
2021-03-31,0.006519754638792478,0.0014894387551325971
2021-04-01,0.03848809671668981,0.008688802054019066
2021-04-05,0.032942893262421176,0.0073892261562972725
2021-04-06,0.005981895331253343,0.0013598920055429397
2021-04-07,-0.0064558913664589206,-0.0014733790421669586
2021-04-08,0.010269575784219356,0.0023593709480105762
2021-04-09,0.012027981998764245,0.0027769218558578944
2021-04-12,0.0005761474558973349,0.0001330065767563674
2021-04-13,0.010262043322392857,0.0023763300231950733
2021-04-14,0.002431359645158584,0.0005634010717941017
2021-04-15,0.03757396537375635,0.008602693807906906
2021-04-16,0.013220552385526002,0.0030255836447893457
2021-04-19,-0.01743089959223013,-0.004012396055621023
2021-04-20,-0.02088300783527844,-0.004795626816265933
2021-04-21,0.034536757828363296,0.00793548412126924
2021-04-22,-0.032100842189201464,-0.007311132783331524
2021-04-23,0.029499574656447303,0.006688816394229017
2021-04-26,0.0019672785033558442,0.0004465115927347528
2021-04-27,-0.0025575493065219976,-0.0005816905229643554
2021-04-28,0.012496520864740703,0.0030488562125749684
2021-04-29,0.025933490335024463,0.006331183560224211
2021-04-30,-0.02339281922750653,-0.005973354902423951
2021-05-03,0.025897885173232146,0.00668099651554898
2021-05-04,-0.0073908468299795855,-0.0019249282561583003
2021-05-05,0.012132971370516357,0.003159579916473183
2021-05-06,0.03309541086558265,0.008567884237394815
2021-05-07,0.027496868050983066,0.007085831596092505
2021-05-10,-0.018121459202028966,-0.004679642925283692
2021-05-11,-0.03654810000002513,-0.009234129362566623
2021-05-12,-0.06766705815114689,-0.016077247480334497
2021-05-13,0.03775538179620123,0.008873004872822103
2021-05-14,0.054762240939676375,0.012519226165571615
2021-05-17,0.0038230548615274234,0.0008747982738605053
2021-05-18,-0.030856269430579057,-0.006969597413792177
2021-05-19,-0.0212864598611464,-0.004796292846564839
2021-05-20,0.029791758760988614,0.006676730712181904
2021-05-21,0.004718671754581671,0.0010584469781407349
2021-05-24,0.02769639056764954,0.006180741427557403
2021-05-25,-0.01177877915131823,-0.002637767456867506
2021-05-26,0.006644072157058245,0.001585996289896368
2021-05-27,0.005818027657299152,0.0014041833663619662
2021-05-28,0.004993074467810765,0.0012582422610499411
2021-06-01,0.009046603177312876,0.0022932771664922426
2021-06-02,0.007378756875295476,0.0019029713166836177
2021-06-03,-0.011197027812632316,-0.0029212758689228587
2021-06-04,0.02856528128347817,0.007754076348328591
2021-06-07,-0.006828261209281881,-0.0018520868147525252
2021-06-08,-0.0002173298495438421,-5.9703578621846116e-05
2021-06-09,-0.006351795690459991,-0.0017608015631994148
2021-06-10,0.011207398422933841,0.0031105047266823246
2021-06-11,0.0013170708125522118,0.00036551449745155217
2021-06-14,-0.00860524263259184,-0.00238988446055125
2021-06-15,0.0005432918195084883,0.00015179256231890063
2021-06-16,-0.030275917585224365,-0.008305740081319901
2021-06-17,-0.027009068004889655,-0.0075795040876240624
2021-06-18,-0.050367798877360676,-0.013518786977119366
2021-06-21,0.05618096968726782,0.014519035658743453
2021-06-22,0.012022544872613823,0.0031281092996208034
2021-06-23,-0.007615365284332369,-0.0019794581079556257
2021-06-24,0.020356387014401987,0.0052852328000826555
2021-06-25,0.013821796750109938,0.003648146467898841
2021-06-28,-0.0018799526227972693,-0.0004965651982660219
2021-06-29,-0.01168210076834504,-0.003086925268554086
2021-06-30,0.013136327841506907,0.0034674302703920222
2021-07-01,0.02425740412256572,0.006474793320788398
2021-07-02,0.01821919616808251,0.0049089790095336585
2021-07-06,-0.01818863305725137,-0.004867715959737827
2021-07-07,0.013177082637555093,0.0035265967407948364
2021-07-08,-0.028463487610282376,-0.007513779737495066
2021-07-09,0.037489370197041315,0.009745719436171429
2021-07-12,0.009498874712493598,0.0024683461954594643
2021-07-13,-0.02098193138761627,-0.005412502449870287
2021-07-14,0.002249634641876893,0.0005803142508044632
2021-07-15,-0.002168286504078476,-0.0005685872400423672
2021-07-16,-0.030621769023619485,-0.007926501182030216
2021-07-19,-0.05084085719564087,-0.012754289236510574
2021-07-20,0.04256374991952279,0.010521896475998235
2021-07-21,0.023757379248215645,0.005915963527416054
2021-07-22,0.002705829659395779,0.0006840406890680276
2021-07-23,0.026404568069876688,0.006688842999626272
2021-07-26,0.013494018564909142,0.0034130308282991806
2021-07-27,-0.0030453061264462977,-0.0007701934270247933
2021-07-28,0.0012494104879329304,0.00031638950288955626
2021-07-29,0.020014042622783952,0.005084320326886271
2021-07-30,-0.018515613790478346,-0.00471779054391519
2021-08-02,-0.005630970775506183,-0.0014443321761710866
2021-08-03,0.0282635953977406,0.007193550712047461
2021-08-04,-0.026713889399173286,-0.006733977368762035
2021-08-05,0.018086428448140165,0.004601847830263449
2021-08-06,-0.0008284418111743575,-0.00021267925918261112
2021-08-09,-0.01247349994066315,-0.0032102755299082595
2021-08-10,0.017817630104682302,0.004662079675544029
2021-08-11,0.02234271374173551,0.006260389432184926
2021-08-12,0.004003137531102011,0.0011434927618852644
2021-08-13,0.011080404291560323,0.0033134122374437525
2021-08-16,0.00315762323325579,0.0009442608786706794
2021-08-17,-0.023044171500997277,-0.006949369023837105
2021-08-18,-0.03413165146081582,-0.010149010514894112
2021-08-19,-0.008304908218119201,-0.0024996376228035343
2021-08-20,0.022914893389035858,0.006842216681578564
2021-08-23,0.03199363397571009,0.009511901848802837
2021-08-24,0.00565701907469489,0.001687404620660249
2021-08-25,0.005767986348581525,0.0017207173703529797
2021-08-26,-0.020968424261063625,-0.006197618261009222
2021-08-27,0.039425052182315075,0.011377053805927862
2021-08-30,0.002027522730200207,0.0005855328647833117
2021-08-31,-0.006056785269430535,-0.0017479294640212078
2021-09-01,-0.0004651283345246042,-0.000134623727611363
2021-09-02,0.021078173967068133,0.0061362160957824435
2021-09-03,-0.009462328735841736,-0.0027520827061646618
2021-09-07,-0.02973821171505437,-0.008505056220234902
2021-09-08,-0.0003482651172040481,-9.970312734671957e-05
2021-09-09,-0.005329263272634714,-0.0015268184261461946
2021-09-10,-0.025520191294401296,-0.007225579835440781
2021-09-13,0.01718749216622581,0.004853913351049727
2021-09-14,-0.017954846470867713,-0.005040463410883503
2021-09-15,0.02928019602787284,0.008253365516491315
2021-09-16,-0.023161224998531193,-0.006550770397152265
2021-09-17,-0.03328413951854162,-0.009653434052714904
2021-09-20,-0.049498886193272355,-0.01444770279298084
2021-09-21,-0.0019186292709579755,-0.0005612035561529888
2021-09-22,0.03285725671201475,0.009455520883087709
2021-09-23,0.03137368280757591,0.008947324908378521
2021-09-24,0.0033376719023347746,0.0009542774544350651
2021-09-27,0.007010982118766981,0.002003742324572191
2021-09-28,-0.05913359942953,-0.016008365649867844
2021-09-29,0.007891220071613587,0.002139613106796013
2021-09-30,-0.03814805058906234,-0.010212098546976797
2021-10-01,0.04415434855068667,0.011548509387032975
2021-10-04,-0.019176760562414862,-0.005013096305543738
2021-10-05,0.024227314396022884,0.0062973091610838096
2021-10-06,0.011965641447617477,0.003140451594836672
2021-10-07,0.01996391464860818,0.005313561079543534
2021-10-08,-0.0011598136664420894,-0.00030905655763558115
2021-10-11,-0.024195605842109807,-0.006433816365212584
2021-10-12,0.004336531596948179,0.0011529086908566477
2021-10-13,0.020371212078024697,0.005385711759075578
2021-10-14,0.05436230967061751,0.014018242120289478
2021-10-15,0.010359949404487003,0.0027777239633332805
2021-10-18,0.002990888527708094,0.0008213011750855441
2021-10-19,0.02148149287134505,0.005907228084730218
2021-10-20,0.022189438798687667,0.006065575262761726
2021-10-21,-0.00044254899306653544,-0.00012203436038927611
2021-10-22,0.010206680537747728,0.0028173134169871394
2021-10-25,0.019844632798342966,0.005454009221891325
2021-10-26,0.00388235789753093,0.0010670019446636105
2021-10-27,-0.02418533319144155,-0.006609097147807149
2021-10-28,0.027675389746633867,0.007537311641003551
2021-10-29,-0.002636103672084585,-0.0007183689129624496
2021-11-01,0.014348035276707293,0.003941320443469463
2021-11-02,0.008643383352568727,0.002404917722151178
2021-11-03,0.007898040273832124,0.00220472558136583
2021-11-04,0.011667396001332491,0.00325363314811461
2021-11-05,0.02766458311683,0.007672718547050425
2021-11-08,0.0008950902257611461,0.0002490302111458977
2021-11-09,0.0011100354461911922,0.00031061591285976405
2021-11-10,-0.021943212390616612,-0.0060815471247316405
2021-11-11,0.0015334702559075247,0.0004254837623441438
2021-11-12,0.01565836945697945,0.004332985273169908
2021-11-15,0.0013683251564944403,0.00038263258765260604
2021-11-16,-2.27530418557936e-05,-6.507786425914706e-06
2021-11-17,-0.007628144251737664,-0.0021823546949830807
2021-11-18,-0.0037710067803830307,-0.0010848684069092156
2021-11-19,-0.016593288972599474,-0.004812766545306417
2021-11-22,-0.004853077158107006,-0.001406651352986875
2021-11-23,0.007414909761424566,0.0021486623408444
2021-11-24,0.007358790100215568,0.0021517366438209774
2021-11-26,-0.06557210609918938,-0.018208273847475732
2021-11-29,0.02490540088863769,0.006855720277305816
2021-11-30,-0.07244080434000287,-0.0184832419223128
2021-12-01,-0.031811668310937284,-0.008009782995768685
2021-12-02,0.057648517225090054,0.01400631548535949
2021-12-03,-0.007206825620294539,-0.0017518041564097734
2021-12-06,0.04040855435097561,0.009751242819594436
2021-12-07,0.051003870808906525,0.01197264755006153
2021-12-08,0.0006484400939059725,0.00015231172870180072
2021-12-09,-0.017143642419778383,-0.004045028539966607
2021-12-10,0.02451450973812209,0.005766802074199614
2021-12-13,-0.016285257380318306,-0.003833807338277804
2021-12-14,-0.018300735889526288,-0.004322824917543517
2021-12-15,0.03331219769876111,0.00784213304788585
2021-12-16,0.0027241288720543187,0.0006511088790022234
2021-12-17,-0.0399120074188279,-0.009643681881350896
2021-12-20,-0.03916370858139524,-0.009269546531219192
2021-12-21,0.049622094871384546,0.011577737616082402
2021-12-22,0.030580975871858082,0.0071385684172914935
2021-12-23,0.018501636710064117,0.004307975523592489
2021-12-27,0.0431162715157822,0.009873580748653217
2021-12-28,0.002958464722268691,0.0007088110283319139
2021-12-29,0.00010075342644145341,2.4134858361166155e-05
2021-12-30,-0.0010306207109100096,-0.00025236078253513725
2021-12-31,0.0009863634256321195,0.0002460665585143509
2022-01-03,0.0016600820171349022,0.0004171757482792973
2022-01-04,0.02262603436713459,0.005690157355119026
2022-01-05,-0.040500364595964275,-0.00993397673414705
2022-01-06,-0.0028834047977317383,-0.0007089931681707267
2022-01-07,-0.0002516838937277533,-6.18923628884237e-05
2022-01-10,-0.013016875010063647,-0.003221138360265967
2022-01-11,0.0367147074587888,0.008969555589772001
2022-01-12,0.009263895290864065,0.0022694843018804855
2022-01-13,-0.024824764271525458,-0.006214064826103144
2022-01-14,-0.006011628250072241,-0.0015042373849125687
2022-01-18,-0.05146710232613885,-0.012425446427476382
2022-01-19,-0.014048770670628923,-0.003397160229129001
2022-01-20,-0.03074788411746457,-0.007385253550652951
2022-01-21,-0.05323295488505674,-0.012377222935578512
2022-01-24,0.007106931415901358,0.001653430542873511
2022-01-25,-0.02276601838324535,-0.0052919114099459885
2022-01-26,-0.027119601340859292,-0.006259287894241805
2022-01-27,-0.003426329182847569,-0.0007953278897807303
2022-01-28,0.05236493541467069,0.011895145942334333
2022-01-31,0.05125244063212475,0.011332608635046914
2022-02-01,0.027235148158164416,0.005990732241602768
2022-02-02,0.029759011232054156,0.006495874363892237
2022-02-03,-0.06612668078684605,-0.01386403398531247
2022-02-04,0.0010106850873445932,0.0002121755390357492
2022-02-07,-0.0026785748827994624,-0.000566436242043519
2022-02-08,0.017582449140137225,0.00370672373515395
2022-02-09,0.04375770881015902,0.009066407599686488
2022-02-10,-0.0555260679245787,-0.011254684047568535
2022-02-11,-0.02657622512270192,-0.005357600077658548
2022-02-14,-0.023346498071654852,-0.0046991651384151525
2022-02-15,0.028810196365647637,0.005755883892596856
2022-02-16,0.012643183218803316,0.0025220511849923274
2022-02-17,-0.04403279842723635,-0.008659834946307485
2022-02-18,-0.012773614117023999,-0.0025098394415100055
2022-02-22,-0.03354643116625018,-0.006551234059098245
2022-02-23,-0.05103926242094632,-0.009790253322266611
2022-02-24,0.021268569740921367,0.004065365152227979
2022-02-25,0.08648810961183906,0.01565670828188779
2022-02-28,0.008849342629151423,0.0016477119960955388
2022-03-01,-0.0343591286892139,-0.006375734589919284
2022-03-02,0.04544844976368078,0.008625398071920802
2022-03-03,0.0012057790497463612,0.0002306668874811748
2022-03-04,0.005615392389397944,0.0011007440339186243
2022-03-07,-0.07257792337197717,-0.01368122551937796
2022-03-08,-0.017485090179049485,-0.0033309673580994583
2022-03-09,0.045255598616102025,0.008657873164340942
2022-03-10,-0.002952000747313381,-0.0005647625298126287
2022-03-11,-0.037243207487693046,-0.007071679677464029
2022-03-14,-0.0298892324483025,-0.005673941531975289
2022-03-15,0.04186319161451579,0.007846438040427436
2022-03-16,0.05792279482047595,0.010615478456227043
2022-03-17,0.045885902377816166,0.008352075224158581
2022-03-18,0.022981804575378656,0.0041681568151537675
2022-03-21,0.0072390981925039835,0.0013268549365413657
2022-03-22,0.02213730271960391,0.004090508562697115
2022-03-23,-0.015407448259064807,-0.002889161299045635
2022-03-24,0.038938524713121835,0.007272026881455591
2022-03-25,0.021304532309988227,0.003975727217728923
2022-03-28,0.005985628067139652,0.0011314500379920945
2022-03-29,0.03510103248361807,0.006578024265643843
2022-03-30,-0.0030347925411896124,-0.0005686753172651823
2022-03-31,-0.04293597742905678,-0.007940700589705038
2022-04-01,0.014350628908518428,0.002650281152187623
2022-04-04,0.014446031772119268,0.0026642062733017507
2022-04-05,-0.04041181598095532,-0.007396945892380798
2022-04-06,-0.015413293951519908,-0.0028481029495303727
2022-04-07,0.014944592290905025,0.002757292807642328
2022-04-08,0.006467737441982633,0.001192966350383585
2022-04-11,-0.04936475820935873,-0.008966559250197915
2022-04-12,-0.0018852016574944252,-0.0003456952119252372
2022-04-13,0.03661894465685648,0.006655964502053291
2022-04-14,-0.03194846263398942,-0.005791724221752145
2022-04-18,-0.0019250377417770956,-0.0003490391401872115
2022-04-19,0.036429418322795414,0.006664394605460652
2022-04-20,0.008905552056670063,0.0016309435302653819
2022-04-21,-0.056292296295253626,-0.010153503247688432
2022-04-22,-0.09210676033636388,-0.016022810668645873
2022-04-25,-0.000729923007296159,-0.00012701598709309082
2022-04-26,-0.07115161091699143,-0.012052072023495465
2022-04-27,0.000328438278547418,5.586155603119494e-05
2022-04-28,0.07234352902649566,0.011945103126078343
2022-04-29,-0.10972633723558266,-0.017264586872383064
2022-05-02,0.0023351010876348013,0.000372762373780046
2022-05-03,0.024684358808825697,0.003943446075473096
2022-05-04,0.10481535502713459,0.015908532074466512
2022-05-05,-0.1074382944885963,-0.01579528453622775
2022-05-06,-0.015748197031996248,-0.0023134949429289525
2022-05-09,-0.10310927378876851,-0.0145238897226772
2022-05-10,-0.003628587765701696,-0.0005120902540333026
2022-05-11,-0.022135601098287817,-0.0031502321408511122
2022-05-12,-0.004648038959556153,-0.0006685771169039423
2022-05-13,0.06241903273527261,0.008835970533168615
2022-05-16,0.00040436685251266774,5.733693596398499e-05
2022-05-17,0.054657329537524696,0.0076786876031141186
2022-05-18,-0.11451242639833069,-0.01535870221070755
2022-05-19,-0.008234152263540991,-0.0011108310497633612
2022-05-20,0.0018465102576803874,0.0002491534857902177
2022-05-23,0.056146769598125264,0.007506066869458057
2022-05-24,-0.004753096407261582,-0.0006410917176439459
2022-05-25,0.029701672859181318,0.003999452937718953
2022-05-26,0.060441880768500475,0.00825833656937838
2022-05-27,0.07173068613192753,0.009612596574504141
2022-05-31,-0.03645693867656308,-0.004882979843916492
2022-06-01,-0.021600285042177397,-0.0029118522864662304
2022-06-02,0.0594269104954334,0.007904456777235985
2022-06-03,-0.04290188398967653,-0.005672017567130322
2022-06-06,0.004138374599738877,0.0005573230653658246
2022-06-07,0.03875886250733189,0.005197041787763997
2022-06-08,-0.04129664295803861,-0.005544822548889304
2022-06-09,-0.07593659028504703,-0.00999466342698333
2022-06-10,-0.08016929470747734,-0.010376476612658562
2022-06-13,-0.14823677774633798,-0.01798802396097839
2022-06-14,-0.0271722272145897,-0.003314357873280547
2022-06-15,0.03975453354734837,0.004878471877660576
2022-06-16,-0.09996410470982252,-0.012054435313366033
2022-06-17,-0.013472626809745583,-0.001629309918701991
2022-06-21,0.07265489198743906,0.008626090552873574
2022-06-22,-0.0034071445130787305,-0.00040555201352592425
2022-06-23,0.01686712351466284,0.002004460199948031
2022-06-24,0.09179778343436852,0.010676307698551404
2022-06-27,-0.0040583515146346205,-0.0004730316621662435
2022-06-28,-0.04531561316116264,-0.005264015909631986
2022-06-29,-0.006253219281291442,-0.0007301852846284578
2022-06-30,-0.022224483478220432,-0.002594108055424644
2022-07-01,0.044860861865445543,0.005212777761976994
2022-07-05,-0.026676336805498028,-0.0031010173086915144
2022-07-06,-0.0049528528589488936,-0.0005765602904802066
2022-07-07,0.0430437224686447,0.004989530763233223
2022-07-08,-0.011332743200051093,-0.001313845421532917
2022-07-11,-0.028195178169681298,-0.0032694823342101545
2022-07-12,-0.023169491829228065,-0.0026866131403412495
2022-07-13,-0.00818013291333378,-0.0009529830856236438
2022-07-14,-0.030322359065677807,-0.0035280291333701533
2022-07-15,0.057873849446253435,0.006690579888011064
2022-07-18,-0.016936623557814584,-0.0019606575479606987
2022-07-19,0.08477927259470304,0.009597807212148807
2022-07-20,0.011482009820909753,0.0013050309897768993
2022-07-21,0.03312534744319174,0.0037519207391349175
2022-07-22,-0.01443878662698627,-0.001646022048862168
2022-07-25,0.014525720509244172,0.0016886636565520898
2022-07-26,-0.031845902903423,-0.0036945124297487037
2022-07-27,0.06894075077994952,0.00798486739348609
2022-07-28,0.0502130031952995,0.005773517092194035
2022-07-29,0.04784871211307473,0.0055468527447165815
2022-08-01,0.00036724163780459324,4.40209701472314e-05
2022-08-02,-0.03019315502721675,-0.0036098572456141603
2022-08-03,0.03723793488600384,0.0044419732306002924
2022-08-04,-0.005498511385384922,-0.0006782640726436858
2022-08-05,-0.013712465624227189,-0.0017527758003608681
2022-08-08,0.013109701229581223,0.0016760439338711392
2022-08-09,-0.005348920796507462,-0.0007096151587769267
2022-08-10,0.059006177709195334,0.007739285531646709
2022-08-11,0.003932538635175476,0.0005169020503964508
2022-08-12,0.05812327915955988,0.007562296246293568
2022-08-15,0.002682192867494056,0.00035323610061414466
2022-08-16,0.0129935332504441,0.0017106447301978706
2022-08-17,-0.02771631783512073,-0.0036725222239006416
2022-08-18,0.013270388138572812,0.0018508634076052737
2022-08-19,-0.04369703104221778,-0.006044761789265943
2022-08-22,-0.06340056075633205,-0.008624940729289907
2022-08-23,0.004095895306015847,0.0005634822018601434
2022-08-24,0.012056953872877906,0.0016582491683552075
2022-08-25,0.04936266627974296,0.00675070289667927
2022-08-26,-0.09748530835930208,-0.013034112884700237
2022-08-29,-0.01445632184618324,-0.0019700393967890407
2022-08-30,-0.04603331001216999,-0.006255471176389114
2022-08-31,-0.030376104343056518,-0.004121338090454274
2022-09-01,-0.003585803029132022,-0.0004936882156038856
2022-09-02,-0.021723784110000595,-0.003005296326731415
2022-09-06,-0.022422710570443715,-0.0030980997893187423
2022-09-07,0.07001129052215613,0.009541385963825543
2022-09-08,0.014181598418779532,0.0019418623656868499
2022-09-09,0.05288117910791427,0.007317841441973478
2022-09-12,0.030914572073013555,0.004376209961230836
2022-09-13,-0.13310314348184843,-0.019182251943419753
2022-09-14,0.01229433429645681,0.001777679718393065
2022-09-15,-0.041941130093430874,-0.006050902428717782
2022-09-16,-0.03280132997525094,-0.0049276569458911335
2022-09-19,0.029217402844870777,0.004380701643755922
2022-09-20,-0.046360215599760994,-0.007034659924587378
2022-09-21,-0.04906741611908781,-0.0073603692263532645
2022-09-22,-0.036782453685914665,-0.005490313529016307
2022-09-23,-0.07553608898869656,-0.011444378770921094
2022-09-26,-0.052149004137947236,-0.007814478090656062
2022-09-27,-0.018930616237869503,-0.002856523951530082
2022-09-28,0.09406903184640107,0.013620381757888607
2022-09-29,-0.06673256795364012,-0.009510319047294045
2022-09-30,-0.049138206244271704,-0.007008133754055557
2022-10-03,0.10440103031919849,0.014259712872542869
2022-10-04,0.1072600963414267,0.014041727391055952
2022-10-05,-0.018022798568374028,-0.0023725568751639895
2022-10-06,-0.03540100355316226,-0.004642803910257749
2022-10-07,-0.08517863836701796,-0.010934527682811564
2022-10-10,-0.025660503769424473,-0.003292866077529573
2022-10-11,-0.019588791107759677,-0.002511511547863059
2022-10-12,-0.011402048050875703,-0.0014653151354233598
2022-10-13,0.08258570593609235,0.010488488642920955
2022-10-14,-0.08392919642337802,-0.010440708575897142
2022-10-17,0.07616943080562237,0.009518478515478828
2022-10-18,0.046473491097359404,0.005767111618348176
2022-10-19,-0.027509986888325094,-0.003421259891286098
2022-10-20,-0.04165075435317007,-0.005158337491422367
2022-10-21,0.07962059701510384,0.009665221802781634
2022-10-24,0.028143107888628772,0.003415765507402375
2022-10-25,0.06460397270596852,0.007855079349926521
2022-10-26,0.0008074817937816923,9.900062492567102e-05
2022-10-27,-0.00982326066468778,-0.0012138839092093107
2022-10-28,0.05992981710323864,0.007316231787358984
2022-10-31,-0.02582358449759828,-0.0031546641558246615
2022-11-01,0.0032124212096584486,0.0003943186705923826
2022-11-02,-0.07882965700838465,-0.009513269088961737
2022-11-03,-0.01535441132666744,-0.001852806693447564
2022-11-04,0.05079973642546724,0.0060813757705234905
2022-11-07,0.019918210061201765,0.0023806837046312793
2022-11-08,0.02987844171679022,0.003600499903106605
2022-11-09,-0.06577675799753689,-0.007841087639934363
2022-11-10,0.18350856244932268,0.02013285688757493
2022-11-11,0.03141748960065478,0.0034373237117579477
2022-11-14,-0.023274397371778006,-0.002545318293658525
2022-11-15,0.03212071088603804,0.0035079329507998994
2022-11-16,-0.016097582502330794,-0.0017582520975699366
2022-11-17,-0.02307973444684281,-0.0025287307019829825
2022-11-18,0.014632211893570118,0.0016172821713962694
2022-11-21,-0.008161098835880485,-0.000901983657172168
2022-11-22,0.05233893950001611,0.005746780896239479
2022-11-23,0.026330198302820653,0.0029036975193145404
2022-11-25,0.0006662615340695745,7.526052958985224e-05
2022-11-28,-0.051847328204711524,-0.005818929122438269
2022-11-29,-0.0009313270382023414,-0.00010510694634761383
2022-11-30,0.09281653890132295,0.010283695003320594
2022-12-01,0.015703151673030755,0.001739318079393784
2022-12-02,0.0042308896261583325,0.0004693536571074053
2022-12-05,-0.0704719672380187,-0.007726353708035733
2022-12-06,-0.03794201548504634,-0.004191324704730811
2022-12-07,0.004717641300351725,0.0005213504298215608
2022-12-08,0.017503044227234223,0.001946145985985246
2022-12-09,-0.03370482522237701,-0.0037461855951287527
2022-12-12,0.04546102476420226,0.005267369849567839
2022-12-13,0.033002031010010646,0.0038150215369828237
2022-12-14,-0.019635124930224596,-0.0022790503585765356
2022-12-15,-0.07778282988281562,-0.00890259448184154
2022-12-16,-0.033267021078794715,-0.003803018291117358
2022-12-19,-0.034022462585540605,-0.0038999642579658476
2022-12-20,0.007219245696245665,0.0008332252724963583
2022-12-21,0.04845562583307813,0.00558488718491438
2022-12-22,-0.04532877635357916,-0.005280062006402183
2022-12-23,0.02404439000251983,0.0028229888648814024
2022-12-27,-0.007840521239387973,-0.0009216051358517192
2022-12-28,-0.04415009549089439,-0.005274928587904548
2022-12-29,0.055404717633135564,0.006666138863396308
2022-12-30,-0.0119009058840761,-0.0014432929613043205
2023-01-03,-0.004138420988969171,-0.0005173191453821944
2023-01-04,0.038820456961808844,0.00500652193194108
2023-01-05,-0.031187817602200935,-0.004012395833274289
2023-01-06,0.08832443659868014,0.011153623966462706
2023-01-09,0.0005119980394022058,6.643828156618892e-05
2023-01-10,0.018768756954403987,0.0024427897567995665
2023-01-11,0.03960188001631063,0.005148365059230766
2023-01-12,0.021315111142400558,0.0027728795630769555
2023-01-13,0.012446865836025245,0.0016513011169052739
2023-01-17,-0.015267478608289947,-0.002084947643533696
2023-01-18,-0.05073273400636956,-0.006965517314351978
2023-01-19,-0.019483208589272504,-0.002685717098155715
2023-01-20,0.047099504013895135,0.006477265038234996
2023-01-23,0.028943930797695347,0.0040092730280059845
2023-01-24,0.006615471519173085,0.0009359091342715818
2023-01-25,0.0023389455725630216,0.0003315380518300237
2023-01-26,0.02894667527460534,0.004153256301373253
2023-01-27,0.00023627408327753913,3.389973354127306e-05
2023-01-30,-0.03837364327498049,-0.0054677886901002525
2023-01-31,0.05098186917450072,0.0072916705623870285
2023-02-01,0.029114321960325457,0.004170658866803217
2023-02-02,0.025079660195877717,0.003587174684385495
2023-02-03,-0.051479020981751084,-0.007485411022077793
2023-02-06,-0.015110308447103253,-0.002197244265169857
2023-02-07,0.033634516574157836,0.004917122559834709
2023-02-08,-0.03363844323085714,-0.004889378160140439
2023-02-09,-0.03895137662405434,-0.005631112920660473
2023-02-10,0.01880370589629703,0.0027753568497172498
2023-02-13,0.03276345635573826,0.005688408352233248
2023-02-14,-0.00330986474631659,-0.0005774365530145583
2023-02-15,0.001365446815045216,0.00023921266287891407
2023-02-16,-0.04536691113778408,-0.007880285157367906
2023-02-17,-0.002797374470271241,-0.00048679890520553595
2023-02-21,-0.06767398379006702,-0.011484674833529426
2023-02-22,-0.0008522778082636463,-0.00014478998961046786
2023-02-23,0.012707430048581403,0.002158188470897452
2023-02-24,-0.02889810885425125,-0.004960728437132999
2023-02-27,0.0104550875774833,0.001801113683095464
2023-02-28,-0.011892464647273145,-0.002047112173768465
2023-03-01,-0.010034595293409472,-0.0017547265479196624
2023-03-02,0.02487935709776864,0.00433450948202764
2023-03-03,0.06103286519436409,0.010967690992844031
2023-03-06,-0.008439300333811937,-0.001518354299351054
2023-03-07,-0.055348023068885116,-0.00976991286150893
2023-03-08,0.0015054891635212673,0.00027433495514682274
2023-03-09,-0.05709922631245785,-0.010279929641189919
2023-03-10,-0.02825300565679855,-0.005062216919592914
2023-03-13,-0.004464234308590472,-0.000801630404833954
2023-03-14,0.04351642123324314,0.007770434443309853
2023-03-15,-0.027136829672750617,-0.00489090449770546
2023-03-16,0.044526109315333476,0.00797674351011207
2023-03-17,-0.029800216035337248,-0.00532199693203557
2023-03-20,0.035057226555450884,0.006463262172300066
2023-03-21,0.03270513517311047,0.006037398479889836
2023-03-22,-0.04832545337538259,-0.008846377589066395
2023-03-23,0.0010119655118277027,0.0001852916168262834
2023-03-24,0.024953855979073337,0.004622011240907622
2023-03-27,0.0057618284711926345,0.0010836687476479488
2023-03-28,0.00641300780200187,0.0012103210360378256
2023-03-29,0.04194064628245587,0.007830287060264422
2023-03-30,0.020755390837002403,0.0039277027365484446
2023-03-31,0.04773297172916709,0.009082017069867297
2023-04-03,0.023308395571228924,0.004429688337984087
2023-04-04,-0.013900904680306796,-0.0026370334671000687
2023-04-05,0.006880796595752551,0.0013173681572674738
2023-04-06,0.003290503308690302,0.0006356617437682176
2023-04-10,-0.00023439126216261814,-4.800912702103322e-05
2023-04-11,0.012282240096806162,0.002513649352387577
2023-04-12,-0.010193258210871796,-0.0020882939770454564
2023-04-13,0.038300853780582456,0.007853153802533439
2023-04-14,-0.018012504658424435,-0.003693339641747421
2023-04-17,0.004312655966162377,0.0008851589452718282
2023-04-18,0.004572347606411017,0.0009405974977631953
2023-04-19,-0.00395863502037633,-0.0008341872235902535
2023-04-20,-0.012248681281788605,-0.0025872569495057115
2023-04-21,-0.0030717264474340233,-0.0006610106742103402
2023-04-24,0.014550373925513881,0.003148492681009754
2023-04-25,-0.042090054356058344,-0.00895400245395596
2023-04-26,-0.03874925349542834,-0.008130816103047864
2023-04-27,0.05902569542306809,0.012103081412429377
2023-04-28,0.03312424303716226,0.0067316269522592195
2023-05-01,-0.014804654593937568,-0.0030421488357372383
2023-05-02,-0.029449222376864197,-0.0061378501844865955
2023-05-03,-0.02129839270031581,-0.004456176602595096
2023-05-04,-0.025249272099746655,-0.005288101525393521
2023-05-05,0.049034478323049004,0.010277265759296139
2023-05-08,-0.004523945677673217,-0.0009499639747906912
2023-05-09,-0.010746111430526832,-0.0022777081099555375
2023-05-10,0.008229990547608245,0.0017613035121597734
2023-05-11,-0.009260957190089044,-0.002009294516761724
2023-05-12,-0.0037312605892718606,-0.0008120469939043942
2023-05-15,0.005187933053378952,0.0011406063438741108
2023-05-16,-0.04093557431298917,-0.00885950999290949
2023-05-17,0.033306847253516965,0.007131323147756453
2023-05-18,0.01695388722987039,0.0036922938798793254
2023-05-19,-0.0013889699595347029,-0.00030251913188829554
2023-05-22,-0.006596755893134346,-0.0015064007325809566
2023-05-23,-0.027563395227321576,-0.00623907969814068
2023-05-24,-0.02721162072163425,-0.006117895979262748
2023-05-25,-0.009354368950706139,-0.0021201295142452355
2023-05-26,0.03406775524738492,0.00764210522876457
2023-05-30,-0.0031324452696631943,-0.0007037953295615227
2023-05-31,-0.01375876901603112,-0.003088167462498883
2023-06-01,0.03154895882576007,0.007055447118835089
2023-06-02,0.0521168614651778,0.011773410742520272
2023-06-05,-0.003707133244779291,-0.000838071197751833
2023-06-06,0.013390847442120865,0.003131672067862127
2023-06-07,0.002716304785781374,0.0006352602420990693
2023-06-08,0.022007516103357463,0.005345326514663378
2023-06-09,-0.004785505367796199,-0.0011759829263408282
2023-06-12,0.018645813916211902,0.00457490420019768
2023-06-13,0.018935785589273006,0.004723040417775231
2023-06-14,-0.0020459683711638427,-0.0005165588156574657
2023-06-15,0.045310973088912486,0.011430574794845815
2023-06-16,-0.0066286943216069824,-0.0016957141827462143
2023-06-20,-0.02636250935747433,-0.006742875899561411
2023-06-21,-0.0029314993467870407,-0.0007579035077294397
2023-06-22,-0.006442987610730655,-0.001728037710868095
2023-06-23,-0.021292419323076416,-0.005659230041745471
2023-06-26,0.004225605449008637,0.0011305712260800502
2023-06-27,0.029344512497012355,0.00777686477743364
2023-06-28,-0.004372083804239286,-0.0011577471706795586
2023-06-29,0.011593052052788716,0.0031340763427290808
2023-06-30,0.04002146157694287,0.01065517671102162
2023-07-03,0.009179826091698396,0.002515917206651484
2023-07-05,-0.013304476588183374,-0.00365662635790946
2023-07-06,-0.03751655669581073,-0.010109890173290946
2023-07-07,-0.001140983492031429,-0.0003075505266659566
2023-07-10,0.011510466300956802,0.0030983957842235436
2023-07-11,0.03541009190336972,0.009380563046330604
2023-07-12,0.03272758863415637,0.00857081544051224
2023-07-13,0.021633088654890154,0.005651601134718124
2023-07-14,-0.014998102542124447,-0.003970505944241418
2023-07-17,0.0025374757277511727,0.0006758358571563096
2023-07-18,0.023808552186259997,0.006301668499583415
2023-07-19,0.014785741444856528,0.003906034381247993
2023-07-20,-0.007296733935534903,-0.0019260195943694356
2023-07-21,0.005371591626223367,0.0014226332293621282
2023-07-24,0.01071654146468741,0.002837867812901081
2023-07-25,0.010773865987515292,0.0028558367653804336
2023-07-26,0.006006456005424235,0.0016425156226526137
2023-07-27,-0.03608659820876225,-0.009901708450893207
2023-07-28,0.030818591005208493,0.0087705569800578
2023-07-31,0.010339989291899618,0.0029831492461147983
2023-08-01,-0.022314265264645965,-0.006402018214752761
2023-08-02,-0.03912442213883825,-0.011090539266056116
2023-08-03,-0.02007574669429234,-0.005696299099277309
2023-08-04,-0.005399620753387174,-0.00155113805877706
2023-08-07,0.023279137669179408,0.006884903510860412
2023-08-08,-0.009148289463667629,-0.0027012021260780185
2023-08-09,-0.010488985530125,-0.003097455869774006
2023-08-10,-0.00629007602085651,-0.0018555289402446648
2023-08-11,0.0038246477757959856,0.0011312519551676839
2023-08-14,0.0024366300819867338,0.000721309199576996
2023-08-15,-0.046727575113413515,-0.013266341936987194
2023-08-16,-0.025204047781427808,-0.007290616184641592
2023-08-17,-0.02239730602096981,-0.006519008683726164
2023-08-18,0.005808723425346041,0.0016970344097336804
2023-08-21,0.0021465768804869983,0.0006272231976675341
2023-08-22,-0.0057523268211639176,-0.00168119767706361
2023-08-23,0.03658494163295249,0.010636981704643547
2023-08-24,-0.03938406646513851,-0.01128279159541586
2023-08-25,0.02348547468199947,0.006696484023054898
2023-08-28,0.02087502172940833,0.006016972581556252
2023-08-29,0.04649680800278533,0.013005044593434215
2023-08-30,0.007324374334086176,0.0020582397342962604
2023-08-31,-0.007699611140121217,-0.002186735436446256
2023-09-01,0.0024775885986265383,0.000733374590074872
2023-09-05,-0.03088386393969558,-0.008973248774267684
2023-09-06,-0.011946236712250065,-0.003467499720733001
2023-09-07,-0.0004300139885081276,-0.00012480859296066187
2023-09-08,0.008911231068537905,0.0026027495762347276
2023-09-11,0.019113660753523987,0.005557064564415731
2023-09-12,-0.007179955656195366,-0.002095210091540227
2023-09-13,0.002034065964507288,0.0005968028106295474
2023-09-14,0.032294451374831744,0.009322656686354246
2023-09-15,-0.035433508943491426,-0.010340362532457362
2023-09-18,0.003848958742965985,0.0011239737785978812
2023-09-19,-0.011965978737744182,-0.003529387931750444
2023-09-20,-0.021456294512422768,-0.006276102178529466
2023-09-21,-0.062274699713420915,-0.017109073259688412
2023-09-22,-0.005898851468843199,-0.0016309062079296348
2023-09-25,0.0033745379456958722,0.0009330855542241019
2023-09-26,-0.051208272060938025,-0.013814079342579071
2023-09-27,-0.00640203809486742,-0.0017266251623649725
2023-09-28,0.012231024253818175,0.003297865402196401
2023-09-29,-0.017467040364619536,-0.004819071519741616
2023-10-02,-0.038181628930096904,-0.010357569025112416
2023-10-03,-0.03668019540574714,-0.00980290925386369
2023-10-04,0.019195143574168225,0.005182238083940362
2023-10-05,-0.0172629200963706,-0.004646272119720132
2023-10-06,0.03125171032329403,0.008295933837913562
2023-10-09,0.041283667734410875,0.010884413165407657
2023-10-10,0.022914893363656937,0.006093005316037124
2023-10-11,0.017314158978094046,0.00461648185447999
2023-10-12,-0.038756189553063515,-0.01016742083031237
2023-10-13,0.01580189989799338,0.0041269862635834615
2023-10-16,0.028820598348307903,0.0074967990695416235
2023-10-17,0.006735367536709527,0.0017572996006296553
2023-10-18,-0.03913290075972731,-0.01003426810199908
2023-10-19,-0.03461569670477245,-0.008774413279714965
2023-10-20,-0.03538967933534142,-0.008886186784028385
2023-10-23,-0.01294024865977749,-0.003256926859144312
2023-10-24,0.030540002160263025,0.007576231174824831
2023-10-25,-0.041199235183757406,-0.010176581764996424
2023-10-26,-0.01825752646533436,-0.0045743268046195456
2023-10-27,-0.026993368653946328,-0.006747588163169524
2023-10-30,0.0342784865027849,0.008427539733938502
2023-10-31,0.017740077223038175,0.004397429712386458
2023-11-01,0.028343157948370067,0.006957386373494396
2023-11-02,0.07449974626768421,0.017075389271055643
2023-11-03,0.02985094765279887,0.0068142871764887685
2023-11-06,-0.009585572453335018,-0.002188022812996751
2023-11-07,-0.0039442183418834775,-0.0009009386582613458
2023-11-08,-0.004495536743330467,-0.0010269971313052017
2023-11-09,-0.03290017298891844,-0.007446132740042034
2023-11-10,0.03999104965660057,0.008888139023930795
2023-11-13,0.0005015382271827659,0.00011379642521807942
2023-11-14,0.07855524501145775,0.0168549096036668
2023-11-15,0.002098917549478263,0.00045255166446205654
2023-11-16,0.0025581354676703326,0.0005516851136685273
2023-11-17,0.014209552564580457,0.003059203155101353
2023-11-20,0.015885287551300743,0.003414268426053024
2023-11-21,0.0025121249694356174,0.0005465103489135579
2023-11-22,0.012609545643536342,0.0027835583981552763
2023-11-24,0.004831434572204741,0.0010716547581713922
2023-11-27,-0.0009148577437952487,-0.0002037267288442038
2023-11-28,0.009098458019654336,0.0020691621347813977
2023-11-29,-0.0008182644834337619,-0.0001861888084062226
2023-11-30,0.014650276635762908,0.003328465473524612
2023-12-01,0.03802619770176586,0.00851600540905949
2023-12-04,-0.022755467676899607,-0.005119797165661547
2023-12-05,-0.01331382916887879,-0.0029943485948339373
2023-12-06,0.00038762339522869436,8.718011702909139e-05
2023-12-07,0.014499017236886591,0.0032570123962743372
2023-12-08,0.003936682176323154,0.000887218133566328
2023-12-11,0.0122899038068887,0.0027681773542231614
2023-12-12,0.007777732695493614,0.0017511075375602756
2023-12-13,0.06825664507147244,0.014841883231512313
2023-12-14,0.02773501644256172,0.0060771441644484475
2023-12-15,-0.014881684855025754,-0.003250966014748423
2023-12-18,0.013555265670288424,0.0029641774937257904
2023-12-19,0.0282053865981871,0.006168021171805555
2023-12-20,-0.050921576425205034,-0.011287364040306206
2023-12-21,0.03077894788961474,0.0067821079762455825
2023-12-22,0.008616456888092398,0.0018983558477073648
2023-12-26,0.019778857717918066,0.004491296515031086
2023-12-27,0.01214561065831303,0.002761257016885143
2023-12-28,-0.006770599801745244,-0.0015373089962059272
2023-12-29,-0.011614885266136847,-0.0026438460080598553
2024-01-02,-0.0009832097598770073,-0.00022845909237790334
2024-01-03,-0.020713063004413362,-0.004873525381407723
2024-01-04,-0.015696704992904126,-0.0036797243021062798
2024-01-05,0.0014666508160952859,0.0003458836388620325
2024-01-08,0.0295237169304841,0.006969167850683857
2024-01-09,-0.017678182554835286,-0.004205931668038086
2024-01-10,0.005510964925277925,0.0013158250380320064
2024-01-11,-0.007557170744526694,-0.0018042409067168948
2024-01-12,0.0067851820198751465,0.0016573718366187883
2024-01-16,-0.035458875039426976,-0.00850452618384097
2024-01-17,-0.024692436931356948,-0.0059057376927315105
2024-01-18,0.013824317367967305,0.0033029378827532955
2024-01-19,0.025125656605404306,0.006108803944951223
2024-01-22,0.005836297324421672,0.0014469907399260198
2024-01-23,0.008456025404228337,0.002142699629377144
2024-01-24,-0.013885704697751293,-0.003516829590715849
2024-01-25,0.030694988348995172,0.007773350839832453
2024-01-26,0.005585055859715921,0.001458674297641864
2024-01-29,0.02744703448376248,0.0071944971269385875
2024-01-30,0.010035112793291138,0.0026767281130270406
2024-01-31,-0.0404801450340529,-0.010551671842137133
2024-02-01,0.053147023433370966,0.013489643333645045
2024-02-02,0.006749057039110225,0.0017227451905025115
2024-02-05,-0.038331705782883765,-0.0101407283358996
2024-02-06,0.020650277551390414,0.005491439707361269
2024-02-07,0.016922469278255994,0.004507106305992577
2024-02-08,0.00017923287962429894,4.778111202437426e-05
2024-02-09,0.00019738000891997103,5.2677223655515044e-05
2024-02-12,0.012710645090256734,0.003468700195129669
2024-02-13,-0.055551752721918354,-0.014588940031168266
2024-02-14,0.028413089791934028,0.007409951420959667
2024-02-15,0.04371293267706515,0.012065844473269515
2024-02-16,-0.011419717985077084,-0.003139397455799197
2024-02-20,-0.008363545823063452,-0.002293269085049128
2024-02-21,0.014356569110063042,0.003936376824942015
2024-02-22,0.038358861675644174,0.01036085459575249
2024-02-23,0.011344259610262943,0.003062728153709806
2024-02-26,-0.0179120185745419,-0.004802702672309555
2024-02-27,0.008083273061123115,0.002167005983067834
2024-02-28,0.002592683153750467,0.000695346235222797
2024-02-29,0.014801963311961043,0.003965181707038595
2024-03-01,0.0261791062153041,0.0069719030950942725
2024-03-04,0.0013798220433346884,0.0003678507516428573
2024-03-05,-0.012946790320255506,-0.003491610556467912
2024-03-06,0.021788943407862905,0.00591705333883384
2024-03-07,0.029438534214728793,0.00796755085931493
2024-03-08,-0.007871734234257867,-0.0021255569882465647
2024-03-11,0.0072830335459145735,0.001968831127982231
2024-03-12,0.008486906703093197,0.0022940731148840916
2024-03-13,0.010676106647134406,0.0028866464040853074
2024-03-14,-0.018270329644364952,-0.0048999304134452
2024-03-15,-0.013051110442958695,-0.003709731094637336
2024-03-18,0.018383478741875483,0.005256635335671616
2024-03-19,0.01970575988596498,0.005644989074991385
2024-03-20,0.027945896191357355,0.007943318089913451
2024-03-21,0.012085977216381168,0.003464366086830799
2024-03-22,-0.011028038756346866,-0.003322286557850875
2024-03-25,-0.00517423080329548,-0.0015760474478513833
2024-03-26,-0.005026291773181656,-0.0015291010091320447
2024-03-27,0.04732207911808621,0.013978968272270758
2024-03-28,0.01083063914739469,0.003200418371975441
2024-04-01,-0.012115715064655985,-0.0035707500161149728
2024-04-02,-0.011841549736991355,-0.0034894971406145624
2024-04-03,0.006991082645520811,0.002061003291467984
2024-04-04,-0.030472251140149093,-0.008891706972128556
2024-04-05,0.02890962315360039,0.008411508279791433
2024-04-08,0.004421732904902338,0.001286826066717239
2024-04-09,0.011310538299368832,0.0033239254585756455
2024-04-10,-0.04517488627442859,-0.0128366829983249
2024-04-11,0.011836352309875864,0.0033604264067039476
2024-04-12,-0.049182077706473384,-0.013381737485517008
2024-04-15,-0.028973870973239068,-0.007761861560953898
2024-04-16,-0.01714625309063203,-0.00466807937050057
2024-04-17,0.0009731667631205058,0.00026820849417305207
2024-04-18,-0.002371910128156955,-0.0006543200865536685
2024-04-19,0.006103467713770431,0.0016957703164353294
2024-04-22,0.012621174392792318,0.0035023468021343845
2024-04-23,0.025765686951329084,0.007098413682464914
2024-04-24,0.003084790730052085,0.0008540431108596855
2024-04-25,-0.011890495017603264,-0.0033169760493551087
2024-04-26,0.01350513953728672,0.0037616708497981936
2024-04-29,0.020858189712472632,0.005834885240756364
2024-04-30,-0.05855144997530795,-0.015488035818324695
2024-05-01,0.0008960334645363434,0.00024354085019643234
2024-05-02,0.01996855313178877,0.005620156706480039
2024-05-03,0.02906922044473367,0.008093217899960542
2024-05-06,0.032242329399009916,0.00910763766787577
2024-05-07,0.013179762320720085,0.003734762839079033
2024-05-08,-0.003278558298207215,-0.0009309923135687005
2024-05-09,0.0354800679825702,0.009915158562833036
2024-05-10,0.003018052355662888,0.0008436031174072745
2024-05-13,-0.007567447877586075,-0.0021133812719037713
2024-05-14,0.014620119436031923,0.004328827750761064
2024-05-15,0.035009137405326414,0.010301156000489316
2024-05-16,-0.007355402306163709,-0.002219118868100202
2024-05-17,0.015146636760802232,0.00458116368200356
2024-05-20,-0.006495454637376914,-0.0019662245322481214
2024-05-21,0.008373145198391467,0.002538449612473344
2024-05-22,-0.023931994795407963,-0.0073093418279508125
2024-05-23,-0.04853322992793973,-0.014143417713331904
2024-05-24,0.021835438793018382,0.006371621476793685
2024-05-28,-0.012760871723365366,-0.0037091963231415132
2024-05-29,-0.040603531439652486,-0.011441801829795215
2024-05-30,0.010333856628404919,0.002916381089337778
2024-05-31,0.04335657341257537,0.012020730729446611
2024-06-03,-0.00814597793588833,-0.002254653313586112
2024-06-04,-0.002392982774737865,-0.0006645254031042115
2024-06-05,0.02520888894839117,0.006984716081316435
2024-06-06,0.0020401189695604003,0.0005718838516790203
2024-06-07,-0.02866819055033294,-0.007930724440627722
2024-06-10,0.01069906871835854,0.0029575010278101036
2024-06-11,0.00022606913985620308,6.253375782231528e-05
2024-06-12,0.006811506513507895,0.001885769249070865
2024-06-13,-0.0025008862723272076,-0.0006965246857118014
2024-06-14,-0.0035539661222460765,-0.0009928615365835188
2024-06-17,0.01649877106289015,0.0046134829709638635
2024-06-18,0.007583812879637356,0.002130319903202544
2024-06-20,0.011685322231592028,0.0033140118850674724
2024-06-21,-0.005476082754235307,-0.0015547697406190627
2024-06-24,0.01938651489344209,0.005489437399823175
2024-06-25,-0.007799131166660563,-0.002206838877189931
2024-06-26,-0.013204297209163414,-0.0037256649888353956
2024-06-27,0.007513883887459555,0.002195444994712697
2024-06-28,-0.016202433415784968,-0.0047191597495764475
2024-07-01,-0.017041290995244866,-0.004950872710975994
2024-07-02,0.022515359952104744,0.0065055746789341095
2024-07-03,0.01781910855325224,0.005127267439193275
2024-07-05,0.018681332717208402,0.005442455520266042
2024-07-08,-0.006124222684490895,-0.0018056235681380205
2024-07-09,-0.0026123216540532576,-0.0007701252620870431
2024-07-10,0.030383748969774735,0.008842085061562623
2024-07-11,0.014022422885977997,0.004235275571611395
2024-07-12,0.020462398566547937,0.006153660328588081
2024-07-15,-0.0011578017407836458,-0.0003669054294445489
2024-07-16,0.04763331074541281,0.014848714255145917
2024-07-17,-0.018224053612839474,-0.005675599879258428
2024-07-18,-0.027158354874092527,-0.008299029227430787
2024-07-19,-0.028544988962991284,-0.008559542174662387
2024-07-22,0.021241855790152114,0.006335216510229853
2024-07-23,-0.010122009265973834,-0.0030125682243977462
2024-07-24,-0.050711052079095605,-0.014488841664602542
2024-07-25,-0.00548816065176497,-0.0015664789017328662
2024-07-26,0.04619012378742978,0.012832253080852245
2024-07-29,0.006791892058709344,0.0018896843347733624
2024-07-30,0.0043231064547317784,0.0012088967895123792
2024-07-31,0.0428677253619183,0.012455513616447112
2024-08-01,-0.02618692043634588,-0.007492474884514416
2024-08-02,-0.04497852109715471,-0.012446815671343365
2024-08-05,-0.08714859977609438,-0.02179196059863501
2024-08-06,0.02175354147734255,0.005477657211318367
2024-08-07,-0.021193534475179045,-0.0053147209924391875
2024-08-08,0.06561075617231149,0.01564164648951806
2024-08-09,0.014731057321601262,0.0035526379904481944
2024-08-12,0.0003340238685977916,8.055817201926653e-05
2024-08-13,0.038522603248251484,0.009152083332244593
2024-08-14,0.0072995500449762945,0.0017368843348904213
2024-08-15,0.04384509836509147,0.010353750930109878
2024-08-16,0.01566793718748324,0.003695820403005251
2024-08-19,0.02731090401504796,0.006408971332851548
2024-08-20,-0.0075883493957476615,-0.0017803243982206544
2024-08-21,0.018319469789484403,0.004287631926679729
2024-08-22,-0.02233366915369201,-0.005231935224353149
2024-08-23,0.03903924689127521,0.009292339442247066
2024-08-26,0.003632620894654999,0.0008679007209452082
2024-08-27,-0.0018263847200765608,-0.0004375878920086621
2024-08-28,-0.016800319297062598,-0.004100511083170595
2024-08-29,0.009610869929111391,0.002345993358922409
2024-08-30,0.024756722068352856,0.006126350243184082
2024-09-03,-0.04655072824964175,-0.011192872444031327
2024-09-04,0.0013945082833539384,0.00033541708085333777
2024-09-05,-0.01059323934801218,-0.0025570351521080935
2024-09-06,-0.04828286421957161,-0.011315393485753245
2024-09-09,0.03851221646180337,0.008993651373137172
2024-09-10,0.007035339130152204,0.0016437193626963277
2024-09-11,0.008904350265698474,0.0020798016474769623
2024-09-12,0.030361477900304974,0.007035814302807484
2024-09-13,0.028269716776582302,0.006511391391487695
2024-09-16,0.02372288281162779,0.005445434156857789
2024-09-17,-0.0005900573835212038,-0.00013562422026080435
2024-09-18,-0.017192981443398196,-0.003933430061837959
2024-09-19,0.041738191290770235,0.00941339384199385
2024-09-20,0.003880314015155103,0.0008760158800945617
2024-09-23,0.018044468266221237,0.0040753226871244625
2024-09-24,0.010785301587223317,0.00243871815114715
2024-09-25,-0.019243526348247653,-0.004339897548219949
2024-09-26,0.013442930920587574,0.0030295523072784566
2024-09-27,0.009782446821854331,0.0022142620618257557
2024-09-30,0.004134574641968172,0.0009407399820714794
2024-10-01,0.0015888906731959408,0.00036260424608309025
2024-10-02,-0.005652920287443604,-0.0012908105625247055
2024-10-03,-0.014818894858564054,-0.0033777247595700908
2024-10-04,0.020524185204859036,0.004670838213713846
2024-10-07,-0.032823170141496265,-0.00736696386015575
2024-10-08,0.0064862593013986095,0.0014662257547184351
2024-10-09,0.015197953784830397,0.0034346051753665805
2024-10-10,-0.006564370665475764,-0.0014863093658132615
2024-10-11,0.027506518879985384,0.0061926763906997384
2024-10-14,0.02022008939377422,0.004632289189618486
2024-10-15,-0.014138247484044015,-0.0032445240995098486
2024-10-16,0.023766302854369727,0.0054872753897696
2024-10-17,-0.008556553085231134,-0.0019955194816860724
2024-10-18,0.01425565870301497,0.0033314557372577267
2024-10-21,-0.0237214055425916,-0.005508284177852231
2024-10-22,-0.00411728709067219,-0.0009889518938375828
2024-10-23,-0.020456263236713113,-0.0048830218011594794
2024-10-24,0.006341627005376113,0.0015452457914162886
2024-10-25,-0.013970381649831325,-0.003391342941923505
2024-10-28,0.01134083014856987,0.0027511661373988317
2024-10-29,-0.011093336419297838,-0.002735345335175761
2024-10-30,0.0005148425208933324,0.0001283166831489535
2024-10-31,-0.03419070854734629,-0.008623418792011011
2024-11-01,-0.0036851721335599283,-0.0010487428471812731
2024-11-04,0.0021605078260067126,0.0006177049277886501
2024-11-05,0.037712302464811505,0.01071641492439258
2024-11-06,0.05099704219604813,0.014873280585445098
2024-11-07,0.020526110729125847,0.005971816792738843
2024-11-08,0.02324254268069704,0.0067295001839805905
2024-11-11,0.0028101974356999964,0.0008290707545947133
2024-11-12,-0.029859401681080207,-0.008627142617617956
2024-11-13,-0.0009661062260271754,-0.00028670822717205265
2024-11-14,-0.020436200057742594,-0.006018044808944615
2024-11-15,-0.026513195867859267,-0.007770299726697744
2024-11-18,0.027346346916665567,0.007946021839132532
2024-11-19,0.0049456883340138836,0.0014428243577095277
2024-11-20,0.008960317902733779,0.0026421650670145277
2024-11-21,0.032847943596584085,0.009755944959654763
2024-11-22,0.020983681204726795,0.006197915592685523
2024-11-25,0.010240192671663288,0.0030238693130598
2024-11-26,0.00996440608758898,0.0029631515585077806
2024-11-27,-0.001383990539283982,-0.0004115721055200262
2024-11-29,0.022953747456236285,0.0068348239801363855
2024-12-02,-0.01102109892638047,-0.003429842042282238
2024-12-03,-0.009677896089153254,-0.0030006600291177313
2024-12-04,0.002229980684571964,0.0006944138132635234
2024-12-05,-0.009083708763850224,-0.002987623755037286
2024-12-06,-0.003620480776123788,-0.001219648651480689
2024-12-09,-0.021995316050958752,-0.00729593536410564
2024-12-10,-0.004889285709082343,-0.0016198938458450351
2024-12-11,0.0061969878272419175,0.0020864156497636547
2024-12-12,-0.023490426612879766,-0.007897167523750477
2024-12-13,-0.015092005154009876,-0.005092159536718372
2024-12-16,-0.008109439355610289,-0.0027302366468377774
2024-12-17,-0.015954910786488172,-0.005377262745905953
2024-12-18,-0.10211604141337788,-0.02897503165434921
2024-12-19,-0.014768683725543807,-0.004178095750715928
2024-12-20,0.03990601933513678,0.011059870467808637
2024-12-23,0.006789966322733623,0.0018839812585697121
2024-12-24,0.03285985143789731,0.009017915507822277
2024-12-26,0.0017463359396681527,0.0004805101046270886
2024-12-27,-0.028909497451852697,-0.007866217737869205
2024-12-30,-0.032046056553693,-0.008596248161215772
2024-12-31,0.0010206964745714882,0.0002738087683673639
2025-01-02,0.0016618182064267904,0.00044589739211270933
2025-01-03,0.0263739624162344,0.007023459399611677
2025-01-06,-0.0009168260581880217,-0.0002457031634941284
2025-01-07,-0.01709722205530705,-0.004634455478213758
2025-01-08,0.007794586914446239,0.002112225953703374
2025-01-10,-0.036679590706184935,-0.009788379403379292
2025-01-13,0.017944496408826605,0.00476647018217802
2025-01-14,0.017062953480381896,0.004563958952334723
2025-01-15,0.05257365248100879,0.01359680170602292
2025-01-16,0.02071487762225385,0.005340343607888666
2025-01-17,0.021198434036667293,0.005473481468916905
2025-01-21,0.04067885754787429,0.010292483268899937
2025-01-22,-0.011207251207769213,-0.0028371202233525438
2025-01-23,0.01623647339900481,0.00413005846021142
2025-01-24,0.0021398263220471676,0.0005445035259728568
2025-01-27,-0.007604805730384089,-0.0019452888856875575
2025-01-28,-0.005680573471272702,-0.001452590406498194
2025-01-29,-0.005926306465731031,-0.0015190989215042893
2025-01-30,0.03629467175040769,0.009168733547726802
2025-01-31,-0.025865280032236163,-0.006484159817353263
2025-02-03,-0.0016004899679249746,-0.0004011809721812625
2025-02-04,0.016569365154037296,0.004212408947948821
2025-02-05,0.017953034979715607,0.004552235437766894
2025-02-06,1.0228035830180007e-05,2.5932266298279403e-06
2025-02-07,-0.02141896373827996,-0.005481340551755188
2025-02-10,0.02683182164742915,0.007037923449240914
2025-02-11,0.003380662090336317,0.0008913505360233508
2025-02-12,-0.01965275893274353,-0.0051884677958256
2025-02-13,0.03881573341356804,0.010043264257700886
2025-02-14,-0.00855674765174581,-0.0022405440866409853
2025-02-18,0.019533521703831422,0.0050920166336392795
2025-02-19,0.008680322543437096,0.0022769739042435813
2025-02-20,-0.00866287463679837,-0.0022952001954217646
2025-02-21,-0.041003192570488234,-0.010685084078233603
2025-02-24,-0.00098164277921234,-0.0002558395169903733
2025-02-25,-0.004380267360971108,-0.0011421150758654055
2025-02-26,-0.005889774914358854,-0.0015572265917981902
2025-02-27,-0.036252945218705875,-0.009469823876050679
2025-02-28,0.049439820204774665,0.012511672171581677
2025-03-03,-0.035949972807548074,-0.008962867285203764
2025-03-04,-0.0502236202393953,-0.012155762136743437
2025-03-05,0.02541873542360119,0.00614294177793869
2025-03-06,-0.042894487879021906,-0.010173359660930286
2025-03-07,0.02143742374280293,0.005057296930033421
2025-03-10,-0.051695856066231644,-0.011868637837751089
2025-03-11,-0.032873552848057146,-0.007477053419170124
2025-03-12,-0.002959205596906351,-0.0006730741247476848
2025-03-13,-0.022971245443768152,-0.005222705731152515
2025-03-14,0.059432343579808124,0.013005380309785555
2025-03-17,0.037121100761947676,0.008012711313301876
2025-03-18,-0.020580765283964086,-0.004447555201269393
2025-03-19,0.033761668514830354,0.007228983503698538
2025-03-20,-0.006332512494208438,-0.0013562160423407185
2025-03-21,-0.011833536773900819,-0.002537014282113141
2025-03-24,0.04342218828196298,0.010185556862637151
2025-03-25,0.00036782027340206654,8.655576609700353e-05
2025-03-26,-0.011621618797339315,-0.002774429001495927
2025-03-27,-0.0025083615999655466,-0.0005989123242007594
2025-03-28,-0.042517102079844375,-0.010053953510202298
2025-03-31,0.03746622670644106,0.008724914380144484
2025-04-01,0.00819494758734019,0.0019264089938335002
2025-04-02,0.022260915358772584,0.005275861019516837
2025-04-03,-0.1368698553644355,-0.027083607070516897
2025-04-04,-0.20784187078848013,-0.031765310315960006
2025-04-07,-0.039634585133821405,-0.006047009977692802
2025-04-08,-0.056136965900722535,-0.008460607217389152
2025-04-09,0.27492667870853243,0.03167725498982346
2025-04-10,-0.1031575803747059,-0.011570306457520675
2025-04-11,0.06371154784662662,0.007091220974904692
2025-04-14,0.03446997341654745,0.0038280283919707656
2025-04-15,-0.006336201818069183,-0.0007041625526852048
2025-04-16,-0.035763629418884585,-0.003992278017693458
2025-04-17,0.019031350563706202,0.0021248632090787676
2025-04-21,-0.06725800915002263,-0.007442979036571016
2025-04-22,0.07762222932115674,0.008492727315743078
2025-04-23,0.0267051642155682,0.002916146728842828
2025-04-24,0.059397013868777084,0.006432405504790952
2025-04-25,0.006799930560578564,0.000736296271443646
2025-04-28,0.014978713948925696,0.001620971835379648
2025-04-29,0.02024074012172077,0.0021881260752102017
2025-04-30,-0.0074690122760324995,-0.0008074043354672838
2025-05-01,-0.009041222954258387,-0.000980538693248013
2025-05-02,0.045225722455899176,0.004886793425431315
2025-05-05,-0.009030357241692722,-0.0009756017277680366
2025-05-06,-0.008217746647146466,-0.0008883457083821465
2025-05-07,0.007651784771661255,0.0008277329299973524
2025-05-08,0.007638618458069537,0.0008261567522213905
2025-05-09,0.0018409813104414228,0.0001993056488524667
2025-05-12,0.0665645270091844,0.007142786123457543
2025-05-13,0.006624193039655415,0.0007107612773090958
2025-05-14,-0.022816074712351093,-0.0024473509631187072
2025-05-15,0.038254175445696356,0.004103725811057906
2025-05-16,0.026986368994473937,0.0028905879180720698
2025-05-19,0.0057566093021025775,0.0006170981133169078
2025-05-20,-0.0037785548595294484,-0.0004051107257728294
2025-05-21,-0.05953735144714485,-0.006332732684627895
2025-05-22,-0.011366536251315444,-0.0012132448119550072
2025-05-23,0.0023892385197741713,0.0002550190597256204
2025-05-27,0.05274736954652922,0.0055945808863509475
2025-05-28,-0.028068262974539668,-0.0029717897215400823
2025-05-29,0.014638858321953595,0.0015540490883543267
2025-05-30,0.001819071522774688,0.00019417171020513725
2025-06-02,0.01856132792065332,0.001985998798848366
2025-06-03,0.014158790302525173,0.0015239576578304455
2025-06-04,-0.005239839563072496,-0.0005646473748582527
2025-06-05,-0.01805840507544823,-0.00195340408933975
2025-06-06,0.022775855450181428,0.0024633836659315716
2025-06-09,0.0027942194019685636,0.00030435113390222607
2025-06-10,0.024094292054824575,0.0026300344529418137
2025-06-11,-0.0008690102069394437,-9.486316813909972e-05
2025-06-12,0.017144888839691206,0.0018741738609300224
2025-06-13,-0.025355483007679713,-0.0027868688575803
2025-06-16,0.012847142445849582,0.0014157688141510313
2025-06-17,-0.022548155739843246,-0.0024842434048312346
2025-06-18,-0.004756859676943089,-0.0005252899388131948
2025-06-20,0.00025995264532208904,2.8710945269511508e-05
2025-06-23,0.0292111155484186,0.003222279231116502
2025-06-24,0.020656140664085464,0.0022861349750508786
2025-06-25,-0.017101458790329566,-0.001890944966309621
2025-06-26,0.02827611064400808,0.0031230029742698464
2025-06-27,0.005300015228893125,0.0005854049301651373
2025-06-30,0.018605616135651117,0.002064762543938287
2025-07-01,0.023981903817205632,0.0026662292670510115
2025-07-02,0.010488497762751224,0.0011660024025559707
2025-07-03,0.012658831083583868,0.001408208925201639
2025-07-07,-0.02627997415526798,-0.003074472073741607
2025-07-08,-0.00048275583386669224,-6.550453239335019e-05
2025-07-09,0.015842152396682782,0.0021686453681747236
2025-07-10,0.016477781665479797,0.0022940535582378456
2025-07-11,-0.015367547514613882,-0.0032070098414985217
2025-07-14,0.0022295174492913106,0.000524914259105452
2025-07-15,-0.04128358661685764,-0.009818403630696679
2025-07-16,0.011700804219180929,0.002808048212867963
2025-07-17,0.015866254014350312,0.0038100897289613674
2025-07-18,0.002499499770977861,0.0006130488802868342
2025-07-21,0.009156395940450413,0.002249810743575643
2025-07-22,0.028303458604576358,0.007438149875024525
2025-07-23,0.018692199804422018,0.0052787993798173545
2025-07-24,-0.010925841840574983,-0.0030893413070336986
2025-07-25,0.011217885732609777,0.0033271776460059494
2025-07-28,-0.01587098717511499,-0.004668932062703329
2025-07-29,0.0016927190733273608,0.0004986609232105107
2025-07-30,-0.022703456371320714,-0.006626945629806047
2025-07-31,-0.018205611873507912,-0.005280178834754163
2025-08-01,-0.02510801710603052,-0.007198195269471203
2025-08-04,0.042232883551948944,0.0121559509245338
2025-08-05,-0.00811921405520928,-0.0023378740461732425
2025-08-06,0.0012130604695214531,0.0003501486157903131
2025-08-07,-0.0007967444900029547,-0.00022992949091525826
2025-08-08,0.013132104991313162,0.0037853676833699743
2025-08-11,-0.009807290890275872,-0.0028180174895287165
2025-08-12,0.03112521621623688,0.009465637280745969
2025-08-13,0.030372102345566573,0.009116540352593903
2025-08-14,-0.014277558744718321,-0.004315981307467238
