Date,ret_instant_simplebps,ret_throttled_advanced
2018-06-20,-7.936507936507937e-05,-7.936507936507937e-05
2018-06-21,-7.936507936507937e-05,-7.936507936507937e-05
2018-06-22,-7.936507936507937e-05,-7.936507936507937e-05
2018-06-25,-7.936507936507937e-05,-7.936507936507937e-05
2018-06-26,-7.936507936507937e-05,-7.936507936507937e-05
2018-06-27,-7.936507936507937e-05,-7.936507936507937e-05
2018-06-28,-7.936507936507937e-05,-7.936507936507937e-05
2018-06-29,-7.936507936507937e-05,-7.936507936507937e-05
2018-07-02,-7.936507936507937e-05,-7.936507936507937e-05
2018-07-03,-7.936507936507937e-05,-7.936507936507937e-05
2018-07-05,-7.936507936507937e-05,-7.936507936507937e-05
2018-07-06,-7.936507936507937e-05,-7.936507936507937e-05
2018-07-09,-7.936507936507937e-05,-7.936507936507937e-05
2018-07-10,-7.936507936507937e-05,-7.936507936507937e-05
2018-07-11,-7.936507936507937e-05,-7.936507936507937e-05
2018-07-12,-7.936507936507937e-05,-7.936507936507937e-05
2018-07-13,-7.936507936507937e-05,-7.936507936507937e-05
2018-07-16,-7.936507936507937e-05,-7.936507936507937e-05
2018-07-17,-7.936507936507937e-05,-7.936507936507937e-05
2018-07-18,-7.936507936507937e-05,-7.936507936507937e-05
2018-07-19,-7.936507936507937e-05,-7.936507936507937e-05
2018-07-20,-7.936507936507937e-05,-7.936507936507937e-05
2018-07-23,-7.936507936507937e-05,-7.936507936507937e-05
2018-07-24,-7.936507936507937e-05,-7.936507936507937e-05
2018-07-25,-7.936507936507937e-05,-7.936507936507937e-05
2018-07-26,-7.936507936507937e-05,-7.936507936507937e-05
2018-07-27,-7.936507936507937e-05,-7.936507936507937e-05
2018-07-30,-7.936507936507937e-05,-7.936507936507937e-05
2018-07-31,-7.936507936507937e-05,-7.936507936507937e-05
2018-08-01,-7.936507936507937e-05,-7.936507936507937e-05
2018-08-02,-7.936507936507937e-05,-7.936507936507937e-05
2018-08-03,-7.936507936507937e-05,-7.936507936507937e-05
2018-08-06,-7.936507936507937e-05,-7.936507936507937e-05
2018-08-07,-7.936507936507937e-05,-7.936507936507937e-05
2018-08-08,-7.936507936507937e-05,-7.936507936507937e-05
2018-08-09,-7.936507936507937e-05,-7.936507936507937e-05
2018-08-10,-7.936507936507937e-05,-7.936507936507937e-05
2018-08-13,-7.936507936507937e-05,-7.936507936507937e-05
2018-08-14,-7.936507936507937e-05,-7.936507936507937e-05
2018-08-15,-7.936507936507937e-05,-7.936507936507937e-05
2018-08-16,-7.936507936507937e-05,-7.936507936507937e-05
2018-08-17,-7.936507936507937e-05,-7.936507936507937e-05
2018-08-20,-7.936507936507937e-05,-7.936507936507937e-05
2018-08-21,-7.936507936507937e-05,-7.936507936507937e-05
2018-08-22,-7.936507936507937e-05,-7.936507936507937e-05
2018-08-23,-7.936507936507937e-05,-7.936507936507937e-05
2018-08-24,-7.936507936507937e-05,-7.936507936507937e-05
2018-08-27,-7.936507936507937e-05,-7.936507936507937e-05
2018-08-28,-7.936507936507937e-05,-7.936507936507937e-05
2018-08-29,-7.936507936507937e-05,-7.936507936507937e-05
2018-08-30,-7.936507936507937e-05,-7.936507936507937e-05
2018-08-31,-0.006170744740672607,-0.0024851240499353658
2018-09-04,-0.005861455795032347,-0.0029704104371987136
2018-09-05,0.0012054977344633099,0.0005630663275491153
2018-09-06,-0.003567723373896516,-0.0018235442266307978
2018-09-07,-0.006160773558945267,-0.003120069319155174
2018-09-10,0.003714713263711799,0.0018176740921733601
2018-09-11,0.003967040189861602,0.0019438375552482613
2018-09-12,0.003406244666760765,0.0016634397936978428
2018-09-13,0.00753335522342415,0.0037269950720295354
2018-09-14,-0.002121987278667906,-0.0011006761790164931
2018-09-17,-0.004167613690007556,-0.0021234893846863176
2018-09-18,0.005767889598996947,0.0028442622598159337
2018-09-19,0.00042352573216958625,0.00017208032640225344
2018-09-20,0.0137937964060611,0.006857215663348011
2018-09-21,-0.001042958324711192,-0.0005611617020381358
2018-09-24,-0.00911689758612743,-0.004598131332746254
2018-09-25,-0.004190066643890495,-0.0021347158616277866
2018-09-26,-0.005812790185837877,-0.002946077632601479
2018-09-27,0.0021054085081982934,0.0010130217144166068
2018-09-28,0.00030397005404765175,-0.00023486479385347362
2018-10-01,0.004180200779948709,0.002050417850291815
2018-10-02,0.004856606226925567,0.0023886205737802435
2018-10-03,-0.004748081254177571,-0.002413723166771325
2018-10-04,-0.011103780645751727,-0.005591572862558403
2018-10-05,-0.006644540742330961,-0.0033619529108480204
2018-10-08,0.0005311137547493178,0.00022587433769211932
2018-10-09,-0.004846604357376861,-0.00246298471837097
2018-10-10,-0.047132810205255525,-0.0236060876423103
2018-10-11,-0.02875238393134672,-0.014415874505355902
2018-10-12,0.016088903642980747,0.008004769281807834
2018-10-15,-0.004470398450764642,-0.0022748817650648607
2018-10-16,0.03048458262620849,0.015202608773421705
2018-10-17,-0.0028392590296436784,-0.0014593120545043788
2018-10-18,-0.019556801761297284,-0.009818083420331185
2018-10-19,0.00030890107413636197,0.0001147679973856413
2018-10-22,-0.009779634797491114,-0.004929499938428097
2018-10-23,-0.010620554190649362,-0.005349959635007218
2018-10-24,-0.040819724474010416,-0.020449544776687742
2018-10-25,0.022803102905115544,0.011361868912875231
2018-10-26,-0.025917475461920757,-0.012998420270642918
2018-10-29,-0.007949654708527073,-0.0040145098939460755
2018-10-30,0.02685047597414236,0.013385555447388637
2018-10-31,0.0035574626472901403,0.005241989056453601
2018-11-01,0.008838703609849233,0.01033835639882419
2018-11-02,-0.0045288369574911,-0.005277055337953607
2018-11-05,0.005226984733340616,0.006119294780865258
2018-11-06,0.004741374111817676,0.005552024402246759
2018-11-07,0.013144281193774124,0.015367955254270581
2018-11-08,-0.0027277114062308726,-0.003173054461287086
2018-11-09,-0.006156235895367171,-0.007178115921754469
2018-11-12,-0.011808187267418425,-0.013780493325901496
2018-11-13,-0.0017368677961588095,-0.0020155916609995808
2018-11-14,-0.003687276170637696,-0.004293978599039527
2018-11-15,0.006072439161764177,0.007106919911906306
2018-11-16,0.0037612542386439665,0.004407088630860426
2018-11-19,-0.009296235758449416,-0.010846134766990026
2018-11-20,-0.012917268254046287,-0.015076076172153641
2018-11-21,0.002291281870721574,0.002689927298814328
2018-11-23,-0.005247313556442715,-0.006116350185001264
2018-11-26,0.00954201875011941,0.011159940252690405
2018-11-27,0.0009572230153446878,0.0011315345486399863
2018-11-28,0.013515324088659375,0.015801392321205324
2018-11-29,0.00037445189134858146,0.00045076526249787543
2018-11-30,0.004723991168261911,0.005824867191174709
2018-12-03,0.007780004837776486,0.00995943421235972
2018-12-04,-0.017145986398002966,-0.021878617158339518
2018-12-06,-0.0021144836153745832,-0.0026788287428973615
2018-12-07,-0.011991023579921654,-0.01529416603406369
2018-12-10,0.00019538160152524856,0.00027156976841578314
2018-12-11,-0.00019678101465691214,-0.00022934084338581054
2018-12-12,0.00324814415508544,0.004170873514590635
2018-12-13,-0.0010456474153131348,-0.001313600715553268
2018-12-14,-0.010356513243343695,-0.01320640055386049
2018-12-17,-0.012470822282392194,-0.01590701450987173
2018-12-18,-0.0011058874267882214,-0.0013905454822336905
2018-12-19,-0.008826435945330198,-0.011252027740579224
2018-12-20,-0.009616763950759596,-0.012261516326150277
2018-12-21,-0.011437902473643164,-0.014587662608409178
2018-12-24,-0.01724733282329536,-0.022008067283880137
2018-12-26,0.028865656632824987,0.03689220726379974
2018-12-27,0.006570383513220277,0.008414380878030025
2018-12-28,-0.0003969400248272719,-0.0004850046116922323
2018-12-31,0.003431284593480629,0.006075761676068867
2019-01-02,0.001164340911668821,0.0021623156116283323
2019-01-03,-0.008603050390137998,-0.01544262690733114
2019-01-04,0.014227865506134885,0.02570827506735784
2019-01-07,0.002980348668133827,0.005435524514463717
2019-01-08,0.004204186474916524,0.007641394390584397
2019-01-09,0.0018081597039316943,0.0033227475509443193
2019-01-10,0.0016653107998655962,0.003065273813354344
2019-01-11,-0.00035995341907366855,-0.0005851031458994068
2019-01-14,-0.0029610681655275316,-0.005273404677145236
2019-01-15,0.0035450338276110166,0.0064533244025532215
2019-01-16,0.0008473331672813521,0.0015909344776530799
2019-01-17,0.0037321861018645036,0.006790651425574783
2019-01-18,0.0054822913480724435,0.00994507631852657
2019-01-22,-0.005770477142346512,-0.010337139918304011
2019-01-23,0.00030284878415213026,0.0006095448751204297
2019-01-24,0.0005662488761566795,0.001084302498312093
2019-01-25,0.0037473283420177217,0.006817944103759629
2019-01-28,-0.002898884222735105,-0.005161323088045758
2019-01-29,0.000642746538645885,0.00122218342366297
2019-01-30,0.00656910858089525,0.011903977556456979
2019-01-31,0.005318424602736629,0.008146976719183173
2019-02-01,-0.00010764761273600331,-0.00012443274231387265
2019-02-04,0.0023122237681102733,0.003731584904377149
2019-02-05,0.002598697180646579,0.004188074676020086
2019-02-06,-0.0021215211197664744,-0.0033335007294716325
2019-02-07,-0.0038872377175168072,-0.006147135542409255
2019-02-08,0.0008939633983866528,0.0014716147850792165
2019-02-11,-0.00018717561378905835,-0.0002511590542550455
2019-02-12,0.006617984730529954,0.010592730659866509
2019-02-13,0.0011874418801845542,0.0019392669973802828
2019-02-14,-0.0009132425637383196,-0.0014081325173257802
2019-02-15,0.0061114023081435005,0.009785501492363189
2019-02-19,0.00214036327312576,0.0034577285718981987
2019-02-20,0.0014287289363578005,0.0023237531952362963
2019-02-21,-0.003120538709315474,-0.004925415690385163
2019-02-22,0.0030524351401823475,0.004911097227049895
2019-02-25,0.00012050659831639197,0.00023912652407872127
2019-02-26,-0.0005300386906456682,-0.0007975046514724929
2019-02-27,-0.001140584285411311,-0.0017703970978067466
2019-02-28,-0.0026561393206813357,-0.0034481352587831873
2019-03-01,0.0022064214402272293,0.0028211525186541547
2019-03-04,-0.0012761090147967182,-0.0015979569580420868
2019-03-05,-0.0008291819275327195,-0.001030834932196945
2019-03-06,-0.003344440830613743,-0.0042225383784410386
2019-03-07,-0.004392380248625121,-0.005552306796246813
2019-03-08,-0.0007222482350460266,-0.0008951428829962393
2019-03-11,0.00813615884823544,0.010345611848578119
2019-03-12,0.0028908461768197146,0.00368964394424899
2019-03-13,0.004251961297222013,0.00541681239406603
2019-03-14,-0.002235790702595439,-0.0028157319340068
2019-03-15,0.003028164851173175,0.0038638926013676465
2019-03-18,0.0023809039254392827,0.003042559686193999
2019-03-19,-0.0007690862968848384,-0.0009545774021239564
2019-03-20,-0.0003019567601835893,-0.0003618197538733191
2019-03-21,0.006507382961267679,0.008278798923186469
2019-03-22,-0.01055135467872555,-0.01336765331576475
2019-03-25,0.0004539255709632028,0.0005973468107777469
2019-03-26,0.004542965753959426,0.005786078526591581
2019-03-27,-0.0027776883402721064,-0.0035033655432410377
2019-03-28,0.0013585905886711446,0.0017453091343294152
2019-03-29,0.004533653339562577,0.004902839394873669
2019-04-01,0.006464477555998916,0.007007791976732204
2019-04-02,-5.9025674690335384e-05,-5.733695867366373e-05
2019-04-03,0.00023741607258469542,0.00026371740311191436
2019-04-04,0.003275929626515777,0.0035545090638731867
2019-04-05,0.0041615062257116635,0.004513612268737563
2019-04-08,0.00027867419461696,0.00030840105566524653
2019-04-09,-0.003538494645467233,-0.0038256951606953386
2019-04-10,0.0020420952933046964,0.00221823339406781
2019-04-11,-0.0007438965741116473,-0.0007990705084871604
2019-04-12,0.004499806118364456,0.0048800001244500854
2019-04-15,-0.0009256825215805579,-0.0009959495644322395
2019-04-16,-0.0005982738051587678,-0.0006413571446395257
2019-04-17,-0.0018848024812071211,-0.0020347022008077986
2019-04-18,0.001243332201095058,0.001353151545291241
2019-04-22,0.00041641616468432636,0.00045757930298558015
2019-04-23,0.005248666033641561,0.005691035494387482
2019-04-24,-0.0010020230934810427,-0.001078628450976235
2019-04-25,-0.001668654425841909,-0.0018006080605445893
2019-04-26,0.0041305480146610835,0.00448008369598345
2019-04-29,-0.00024165438840264932,-0.00025512875306026576
2019-04-30,0.0028602505513998897,0.0024007693969732686
2019-05-01,-0.009862274332581715,-0.008345285214677816
2019-05-02,-0.003754129882985517,-0.0031843016168063604
2019-05-03,0.009812028644040013,0.008278217356321615
2019-05-06,-0.004292236383929836,-0.003638966506970382
2019-05-07,-0.01351580137152796,-0.011432277226405368
2019-05-08,-0.002483612660735389,-0.0021107974456206916
2019-05-09,-0.002460339709403346,-0.0020911333199455573
2019-05-10,0.006570739396922528,0.005539539386543682
2019-05-13,-0.019153674130166897,-0.016195911923378756
2019-05-14,0.006701661736131691,0.005650160222515909
2019-05-15,0.005313245646666343,0.004477039199612596
2019-05-16,0.007559365229912999,0.0063748637228620755
2019-05-17,-0.006139243469322542,-0.0051995670054563485
2019-05-20,-0.005932595079860375,-0.005024962596974931
2019-05-21,0.008212488952503934,0.006926710662221116
2019-05-22,-0.0030350927166956413,-0.002576762117355371
2019-05-23,-0.009641470314949078,-0.008158720223828346
2019-05-24,0.0016127084902889518,0.0013503267053394503
2019-05-28,-0.008959986644057654,-0.007582910978203778
2019-05-29,-0.006376178755704125,-0.005399761866082666
2019-05-30,0.002701735478019965,0.002270483467789736
2019-05-31,-0.008292467080721738,-0.007913254134396162
2019-06-03,0.004002053375252479,0.0038204893356566937
2019-06-04,0.01670306262959697,0.01595648753494671
2019-06-05,0.005865389476416338,0.005600933953525272
2019-06-06,0.007327322436910006,0.006997832059867889
2019-06-07,0.008273514198798045,0.007901931985196928
2019-06-10,0.0007047433175623735,0.0006698618444642013
2019-06-11,-0.0004268466734238046,-0.00041138877254840985
2019-06-12,-0.00038684455561965576,-0.00037316616992548186
2019-06-13,0.0052741879428019525,0.005036032330065114
2019-06-14,-0.0005960093949634521,-0.0005730262017385289
2019-06-17,-0.00016643251719605876,-0.00016255927657992856
2019-06-18,0.00813153193663201,0.00776626587839611
2019-06-19,0.002174449655047073,0.0020741875250472907
2019-06-20,0.011345627936871694,0.010837381133107981
2019-06-21,-0.0007512303212620418,-0.0007213420437577341
2019-06-24,0.0006219275886484452,0.0005907302166663129
2019-06-25,-0.006179529820717552,-0.005908160794249147
2019-06-26,-0.003627126930711343,-0.0034693028848761273
2019-06-27,0.0032278044032136017,0.003080683235031115
2019-06-28,0.005748102985031257,0.005241378178968308
2019-07-01,0.0035486749592792055,0.0033088419715146217
2019-07-02,0.004436347935192328,0.004137834982569728
2019-07-03,0.0071389047450298,0.00666173823086904
2019-07-05,-0.003649394853064043,-0.00341339665626501
2019-07-08,-0.004360789226182475,-0.0040777640296352086
2019-07-09,2.1176329547343815e-06,-3.268813208667502e-06
2019-07-10,0.004371918830961279,0.00407766498915392
2019-07-11,0.0004666803412318772,0.0004305837978415034
2019-07-12,0.004962053368123447,0.004628788454849647
2019-07-15,0.00020305645254381266,0.00018438686811660473
2019-07-16,-0.003578322575115439,-0.0033470226386955884
2019-07-17,-0.003719881718451808,-0.0034792239601969914
2019-07-18,0.004150732012636395,0.0038710998108682773
2019-07-19,-0.00582311226107979,-0.00544341963561753
2019-07-22,0.0010272034885122406,0.0009540533460183433
2019-07-23,0.005077522161662176,0.004736624139201877
2019-07-24,0.003872977087442002,0.0036117059822621655
2019-07-25,-0.005223909312044047,-0.004883827228917008
2019-07-26,0.005510042011853828,0.0051405520976740195
2019-07-29,-0.0009299628112390206,-0.0008737337197052523
2019-07-30,-0.00023741421340777195,-0.00022696631436936208
2019-07-31,-0.011368947963419047,-0.009387963573416333
2019-08-01,-0.004248188097700091,-0.0034734210492578113
2019-08-02,-0.006549606240199986,-0.005347125438102532
2019-08-05,-0.02483345307587504,-0.02023295753802506
2019-08-06,0.013035503752150932,0.010598132779429835
2019-08-07,0.003404871577896776,0.0027573334744204364
2019-08-08,0.019452953960645582,0.015822913274028478
2019-08-09,-0.007305929321969575,-0.005962887455237283
2019-08-12,-0.00884459081076062,-0.0072155919209118706
2019-08-13,0.011744203125704598,0.009546817676620113
2019-08-14,-0.02635357804054195,-0.021470570453857432
2019-08-15,0.004643756114835013,0.0037659739084493177
2019-08-16,0.012672184429565343,0.010302335593899157
2019-08-19,0.009353235227584309,0.007600206167149479
2019-08-20,-0.005534065100379185,-0.004520320497446387
2019-08-21,0.006434170196202964,0.005223643273332529
2019-08-22,-0.0016174584216865225,-0.001331606987404468
2019-08-23,-0.021551614557133652,-0.017561041851566674
2019-08-26,0.009504658044330249,0.007723487369756105
2019-08-27,-0.00037721689613759283,-0.00032186175826316786
2019-08-28,0.007263472618086035,0.005898821572689285
2019-08-29,0.011278322047405488,0.009167519623403
2019-08-30,-0.00018011869784807116,1.784777089775761e-05
2019-09-03,-0.0020639342759641863,-0.0025158589667040876
2019-09-04,0.007578289238597687,0.009322084851957435
2019-09-05,0.003917196876701115,0.004827291132478746
2019-09-06,0.0006600941689359739,0.000828483304812862
2019-09-09,-0.0004812860202705561,-0.0005728111720424701
2019-09-10,-0.00021908213360579293,-0.00025089840216273144
2019-09-11,0.004727005614097059,0.005821508941542883
2019-09-12,0.001409198218360488,0.0017481727973896358
2019-09-13,-0.0015703228673028553,-0.0019098427179458557
2019-09-16,0.00019810814124184201,0.00026129414635886006
2019-09-17,0.0019040528314832337,0.0023557153522480237
2019-09-18,-8.744067360356255e-05,-8.927964219937714e-05
2019-09-19,0.000359796544928103,0.00045980211872398674
2019-09-20,-0.000847792861285334,-0.001022778691104404
2019-09-23,0.00026954308877556244,0.00034899620951017664
2019-09-24,-0.003473387865664099,-0.004246272328796381
2019-09-25,0.0009640548628000238,0.0012016617124290946
2019-09-26,-0.001402380168142666,-0.0017036562263746703
2019-09-27,-0.002973044393545025,-0.0036319909958616547
2019-09-30,0.0019285499234788957,0.0019268719098347992
2019-10-01,-0.01100353400876317,-0.010482516001654845
2019-10-02,-0.014686659558624915,-0.013989978327492788
2019-10-03,0.007254482388326895,0.006904701401164533
2019-10-04,0.011546783589719615,0.010992285316298521
2019-10-07,-0.005630420803742196,-0.005365668399275162
2019-10-08,-0.012377995825905751,-0.01179142414954878
2019-10-09,0.007107824520383192,0.006765038242894086
2019-10-10,0.003592818021741232,0.003417676687563724
2019-10-11,0.007411943740800791,0.007054652781887462
2019-10-14,-0.0011189229519083317,-0.0010693422126752837
2019-10-15,0.005308125483066853,0.005051174165827579
2019-10-16,-0.0006791233653794852,-0.000650518455573944
2019-10-17,0.00246059164446634,0.0023394507870752833
2019-10-18,-0.003163321813976653,-0.003016235385502304
2019-10-21,0.0041505666171253305,0.003948823985996759
2019-10-22,-6.757826928860432e-05,-6.814043015739891e-05
2019-10-23,0.0035002070703265475,0.0033294827287508855
2019-10-24,0.0006832837216948508,0.0006469099013136521
2019-10-25,0.002610320138647577,0.0024820381209403612
2019-10-28,0.0005157866750631247,0.0004874014694677834
2019-10-29,0.00038125806527666405,0.00035928907574526243
2019-10-30,0.0032589577640225772,0.0030997395821922573
2019-10-31,-0.0007927470294528738,-0.0008522781623805431
2019-11-01,0.008605347639096317,0.007756376013783601
2019-11-04,0.00260495441569387,0.0023425495258079377
2019-11-05,-0.0030743128307261173,-0.0027815425638645893
2019-11-06,0.00027895597783378205,0.00024392840465139814
2019-11-07,-0.0008768498165520425,-0.0007988919225560223
2019-11-08,3.5598216311365786e-05,2.4360011992383138e-05
2019-11-11,-0.002759386179576567,-0.0024974014780581944
2019-11-12,0.0021635332998103268,0.0019442794057428726
2019-11-13,0.0010845282944589702,0.0009707522282494751
2019-11-14,0.0030896194829126413,0.00277983629702685
2019-11-15,0.005101831831863966,0.004595345399279857
2019-11-18,0.00014381104756477464,0.00012199452865933365
2019-11-19,-0.001209389340214566,-0.0010989241395249851
2019-11-20,-0.0011024843613172386,-0.0010024696264784804
2019-11-21,-0.0012490435398179204,-0.0011347019541080071
2019-11-22,0.0016339499064972002,0.0014664652866400421
2019-11-25,0.004992689361408716,0.004496872120027222
2019-11-26,0.0027176213910656026,0.002444202772999914
2019-11-27,0.0028430173749163625,0.002557340708062122
2019-11-29,-0.004199338290839009,-0.0031673866849808523
2019-12-02,-0.010130458191946108,-0.00734352062078855
2019-12-03,-0.00432391234093034,-0.0031469967454511444
2019-12-04,0.0065314515195101005,0.0046984237135716716
2019-12-05,0.0009762704358141201,0.0006835669213059658
2019-12-06,0.008123061788784398,0.005848716963055506
2019-12-09,-0.0029326833983768195,-0.0021415236770752294
2019-12-10,-0.0009307183858324419,-0.0006946576420360067
2019-12-11,0.004939961149093283,0.003548217117742346
2019-12-12,0.007387959701121064,0.005317441822749862
2019-12-13,0.0011813911752402134,0.0008318123846872422
2019-12-16,0.0070100233317752355,0.0050442985396324715
2019-12-17,0.0005282054340836038,0.000359740066974612
2019-12-18,-0.00039978323416578064,-0.00031093862949514115
2019-12-19,0.004386086381783119,0.0031479191187938926
2019-12-20,0.006199185697336482,0.0044582875824729605
2019-12-23,0.000910258590634522,0.0006358586466347519
2019-12-24,0.001671207485336864,0.0011858138672537987
2019-12-26,0.005843045846095321,0.004200897142951814
2019-12-27,-0.0006292107045508316,-0.00047675112488096573
2019-12-30,-0.005740820607313707,-0.004171028850183522
2019-12-31,0.002450817983019469,0.0013187313231374691
2020-01-02,0.008843437600145035,0.005644892307945163
2020-01-03,-0.004846777307077942,-0.0031378093421196166
2020-01-06,0.004527344168753342,0.002875983188650196
2020-01-07,-0.003362991439229761,-0.0021859142346865334
2020-01-08,0.0016394893277345678,0.001023333858508453
2020-01-09,0.007453092961121436,0.004752942675447519
2020-01-10,-0.0024487642931335348,-0.0015994088862338204
2020-01-13,0.006638306163912646,0.004230231425347192
2020-01-14,-1.7463197313273527e-05,-3.9653083218717475e-05
2020-01-15,0.005353801220710354,0.0034061812726920264
2020-01-16,0.008432634227106007,0.005381349077492402
2020-01-17,0.00264250143879401,0.0016667975427921092
2020-01-21,-0.0035158245830995854,-0.0022839614833197086
2020-01-22,-0.0006072654878806268,-0.00041802972563686314
2020-01-23,0.0022320641982208167,0.0014034891977837082
2020-01-24,-0.009573250375437162,-0.00616998985190576
2020-01-27,-0.01665998900089333,-0.010716354641733377
2020-01-28,0.00866185063547219,0.005528398582677122
2020-01-29,0.0008374871866922856,0.0005088243657632927
2020-01-30,0.003409290251772555,0.002158716582678384
2020-01-31,-0.017989532494290642,-0.013545960193671842
2020-02-03,0.0056609613429088115,0.004195602436964202
2020-02-04,0.010055911834795962,0.007468634178815992
2020-02-05,0.014054141420493809,0.010446217741897459
2020-02-06,0.0025341342975128377,0.0018669745742036373
2020-02-07,-0.004588544068214963,-0.0034374656967532833
2020-02-10,0.005784932533317422,0.004287926944835577
2020-02-11,0.002674457057543011,0.0019714765130834535
2020-02-12,0.006408394183770853,0.004752234739776212
2020-02-13,0.0005350629125907455,0.0003782151196533054
2020-02-14,0.0018835711201991147,0.0013824835808788267
2020-02-18,-0.00017885592537433034,-0.0001534584502945297
2020-02-19,0.004616971398629835,0.003418116494379229
2020-02-20,-0.0015142114287986503,-0.0011479317572026032
2020-02-21,-0.006624225752563647,-0.004953489775176654
2020-02-24,-0.031995029525922106,-0.023847774527594654
2020-02-25,-0.03678831592775401,-0.02741745718271049
2020-02-26,-0.007968312398997635,-0.0059544653870062594
2020-02-27,-0.047228688614154954,-0.035192669045149415
2020-02-28,-0.007893237372517648,-0.01164587992603943
2020-03-02,0.024106274362838728,0.037690927014049316
2020-03-03,-0.010695034426666411,-0.016657671101533315
2020-03-04,0.0216433619542224,0.03384463957987853
2020-03-05,-0.015012065138546523,-0.023399502813430145
2020-03-06,-0.007860745692029908,-0.012231411723933834
2020-03-09,-0.04368287904535499,-0.0681742137903258
2020-03-10,0.019580273244708377,0.03062274985646714
2020-03-11,-0.028668599225404677,-0.04472667436400802
2020-03-12,-0.05483236168648815,-0.08558616674085238
2020-03-13,0.042299139371639274,0.06610240759700145
2020-03-16,-0.058592220864977076,-0.09145787336829114
2020-03-17,0.028765196249451532,0.04496668422188655
2020-03-18,-0.03594204157571657,-0.05608548266644658
2020-03-19,0.003480744620586812,0.005480396264680168
2020-03-20,-0.017298262185198456,-0.026969816943081155
2020-03-23,-0.014451557823537745,-0.02252416829688913
2020-03-24,0.05587452945438828,0.08730285796891642
2020-03-25,0.00903145837047742,0.014148849301090614
2020-03-26,0.032886466258068875,0.05140279985129914
2020-03-27,-0.015705739431708107,-0.024482801881582403
2020-03-30,0.015596415905942124,0.02440122920148201
2020-03-31,-0.008117937838798606,-0.017244327386479803
2020-04-01,-0.015567664319286858,-0.034493539984035725
2020-04-02,0.011108782808316012,0.02386138049742548
2020-04-03,-0.005617453609509706,-0.012318939508414456
2020-04-06,0.026778312588986507,0.0568827875177187
2020-04-07,0.00018935100845292362,0.0013463097663789746
2020-04-08,0.013425701157724915,0.029916341275735097
2020-04-09,0.008721220571987248,0.01802699708662597
2020-04-13,-0.004768159206416439,-0.010465635441345864
2020-04-14,0.010157712462385978,0.02100225302803981
2020-04-15,-0.00872808407615819,-0.020104477411305725
2020-04-16,0.00031239455083329116,-0.000403198473299593
2020-04-17,0.011538570085662876,0.026998651231667753
2020-04-20,-0.007014558338207751,-0.01568655879612239
2020-04-21,-0.009830217785797362,-0.021238729999745874
2020-04-22,0.008576768164555364,0.018470214054987676
2020-04-23,0.0014895739583207068,0.003037972134598663
2020-04-24,0.004524809090407708,0.009719435884358285
2020-04-27,0.004667485208144736,0.011336970643388998
2020-04-28,0.0013896039344673916,0.0031514915357109996
2020-04-29,0.009097391836812308,0.02030341119790195
2020-04-30,-0.007448856142093533,-0.016490957047481162
2020-05-01,-0.009329591859320637,-0.020455822426579468
2020-05-04,0.0014856029603694328,0.003495170781128529
2020-05-05,0.0020206826994830073,0.004368069174683196
2020-05-06,-0.006589487698611615,-0.01321218136054063
2020-05-07,0.006661798380508015,0.013513111819939519
2020-05-08,0.00684474582096421,0.015372987328971811
2020-05-11,-0.0025315446023984694,-0.005153222521680683
2020-05-12,-0.006073617911484384,-0.013274637080984603
2020-05-13,-0.006522930194678527,-0.014505520703311322
2020-05-14,0.005398827699344541,0.011109339694177146
2020-05-15,0.0013377662409040014,0.002632019099804207
2020-05-18,0.012621146680852562,0.02838120744930511
2020-05-19,-0.0041114616225244975,-0.009155236759210192
2020-05-20,0.006833571661731427,0.014639268747683041
2020-05-21,-0.003457898743684954,-0.007010528398159069
2020-05-22,0.001193893362648663,0.002168812019645669
2020-05-26,0.0047226185205806,0.011298909150376627
2020-05-27,0.0061635896469335325,0.013313476665825634
2020-05-28,-0.0004588639031489717,-0.0011775092265979051
2020-05-29,0.001675889546551576,0.001976393479862228
2020-06-01,0.0022508193454727782,0.00498837997924781
2020-06-02,0.0031435716882009445,0.007045023096707992
2020-06-03,0.004238188189280917,0.009984204503201902
2020-06-04,-0.0011416147276745972,-0.001946153887351111
2020-06-05,0.008734523901839222,0.019386629760103243
2020-06-08,0.007015061100816289,0.014678394552879032
2020-06-09,-0.0039784737327304195,-0.008960370577887846
2020-06-10,-0.0028745636135173746,-0.006996255875170553
2020-06-11,-0.022233130670925225,-0.04722365508008883
2020-06-12,0.004129859297068822,0.009193739148793472
2020-06-15,0.0034402243727981213,0.007266911229275877
2020-06-16,0.005749113086257488,0.012593183724814706
2020-06-17,-0.0022126211201128495,-0.004952543143178694
2020-06-18,0.0009498939098939015,0.001886955734063531
2020-06-19,-0.0022997919843479155,-0.0050851996605146945
2020-06-22,0.0017562687229430913,0.003671079294741414
2020-06-23,0.0008099335918112755,0.0017914940402486506
2020-06-24,-0.00979805919483874,-0.020891611525887165
2020-06-25,0.0034261874544059077,0.00735598590755619
2020-06-26,-0.008224228991484879,-0.017590178043542924
2020-06-29,0.006350023670176528,0.013403536312171251
2020-06-30,0.004628422711113601,0.008781513052127073
2020-07-01,0.0011102355337479762,0.0022426951142507055
2020-07-02,0.0024132574986330184,0.005067259114864003
2020-07-06,0.004389119817193739,0.009149962024860882
2020-07-07,-0.0025446408856727772,-0.005815053363794671
2020-07-08,0.0014401793965932753,0.003084913773552347
2020-07-09,-0.003774653691638218,-0.008319329815109524
2020-07-10,0.00542506383273511,0.011635083922664968
2020-07-13,-0.0015544449627889864,-0.00319442109557998
2020-07-14,0.006372532244836612,0.01326621845846669
2020-07-15,0.004082213282103364,0.008753772753618811
2020-07-16,-0.00028663878752483655,-0.0005064598789160583
2020-07-17,0.001613485419074342,0.0032258616621286033
2020-07-20,-2.0730249865434495e-05,-0.00018255398238116503
2020-07-21,0.004109098932653663,0.008752986198504653
2020-07-22,0.0032721409151713946,0.006463911150328981
2020-07-23,-0.0013268232766240778,-0.0030181329152584773
2020-07-24,-0.001505620899334295,-0.003186048434316987
2020-07-27,0.0023901495511709564,0.004750065553472891
2020-07-28,-0.0014695282542498502,-0.0033042249564871947
2020-07-29,0.004416967481302803,0.009285562859463553
2020-07-30,-0.0030828515092186717,-0.006573441497907172
2020-07-31,0.0016331010460463972,0.002531939820113121
2020-08-03,0.0005340738665414637,0.001351868269738047
2020-08-04,0.00444035460888491,0.008806417599972888
2020-08-05,0.001977782006732068,0.0045269998877362615
2020-08-06,0.0025993137799194405,0.0049333302333532
2020-08-07,0.0004878790181856178,0.0017908112311950082
2020-08-10,0.002040702719029241,0.004966932870956944
2020-08-11,-0.006399362442212101,-0.011670512396445759
2020-08-12,0.0031832830774605565,0.007017256580278827
2020-08-13,-0.0003149426239752712,-0.000988782715729626
2020-08-14,-0.00047973768738677797,-0.0005772659509356024
2020-08-17,0.0019121457160194144,0.003320436799381447
2020-08-18,0.0007821123201282085,0.0010699403993358354
2020-08-19,-0.0038517367598035804,-0.0071730793068578965
2020-08-20,0.0001039945449997014,-0.0004202072232682998
2020-08-21,0.00024760933129119324,0.0005103469890707437
2020-08-24,0.004212287103033132,0.009465760541522199
2020-08-25,-0.0005061577998182137,-0.0009580634839714749
2020-08-26,0.0021056683587439198,0.004003691006774077
2020-08-27,-0.0012663083616392032,-0.0017063602832184947
2020-08-28,0.0035602283448813114,0.0073585845965382255
2020-08-31,-0.0020313305081176808,-0.004167970377646599
2020-09-01,0.0033851296906646216,0.00547311325706812
2020-09-02,0.007488346624921798,0.012520246060186868
2020-09-03,-0.012373726531141934,-0.020631721872069773
2020-09-04,-0.00402929641410568,-0.006221821815595201
2020-09-08,-0.009861607266386543,-0.01686640151689612
2020-09-09,0.008133745651991197,0.013638698458742743
2020-09-10,-0.007384290571293887,-0.012661168150654475
2020-09-11,0.0017492483916730014,0.0029940693675403578
2020-09-14,0.005901602453317414,0.00993428750263663
2020-09-15,0.0010269062947938406,0.0017194598349146726
2020-09-16,0.0003070485621990217,0.001027768180926431
2020-09-17,-0.0030198812403587115,-0.004936159221234965
2020-09-18,-0.005282624908483865,-0.008845360617372709
2020-09-21,-0.008762862771451947,-0.01481030390410618
2020-09-22,0.0025135049391806358,0.004199747933302858
2020-09-23,-0.011523388868143586,-0.019359555552861524
2020-09-24,0.001959925213041688,0.003206938738101718
2020-09-25,0.005384450321677056,0.009125196562309347
2020-09-28,0.007401328793619324,0.012617766166540652
2020-09-29,-0.00244498375516931,-0.004472021961086972
2020-09-30,0.002595662325132654,0.00345027819974576
2020-10-01,0.0010297703527824293,0.0018139797006611474
2020-10-02,-0.0012911481874530446,-0.0020699241255736065
2020-10-05,0.0074856395697110506,0.011448700365209364
2020-10-06,-0.006187219233255929,-0.009695912521091418
2020-10-07,0.0075182238181096895,0.011677146277686378
2020-10-08,0.006538305316870498,0.010373294454392876
2020-10-09,0.003396689445704838,0.005591556034699399
2020-10-12,0.005505985773274927,0.008670458001508282
2020-10-13,-0.004188298822829708,-0.006515071609245188
2020-10-14,-0.0017025905436957025,-0.002557959737083908
2020-10-15,0.00013095414088730618,0.000235557875049692
2020-10-16,-0.00021707203768514045,-0.0003660413525242173
2020-10-19,-0.007543866944375322,-0.011803186070414952
2020-10-20,0.002137756182461391,0.00326774526754826
2020-10-21,-0.001439862402602225,-0.002138197894117506
2020-10-22,0.003796618359214004,0.005645676662768065
2020-10-23,0.00186578726394136,0.0030820523758569025
2020-10-26,-0.009078047381380414,-0.01398279222337445
2020-10-27,-0.0024367319732197805,-0.003589098846157637
2020-10-28,-0.01748227918085737,-0.02746327277998039
2020-10-29,0.004617271333200253,0.007030740233787283
2020-10-30,-0.003957525882905889,-0.006744874215125239
2020-11-02,0.009765391044736256,0.015448226450529194
2020-11-03,0.008135114618078535,0.012714826863048622
2020-11-04,0.006377224648538083,0.010307207230471335
2020-11-05,0.010270345511050492,0.016279387404650174
2020-11-06,-0.0018601255220184265,-0.0029792702353707424
2020-11-09,0.009276263811229655,0.013648332205000903
2020-11-10,0.0035464175820508342,0.005542089688866759
2020-11-11,0.0008260789647299768,0.0013381031126732316
2020-11-12,-0.005046792934045665,-0.007526001152067851
2020-11-13,0.008549026679475845,0.013417239579697395
2020-11-16,0.008305624318404358,0.012914278141613326
2020-11-17,-0.0022420805798449334,-0.003410140986876275
2020-11-18,-0.00676638156075452,-0.010513707570619556
2020-11-19,0.001917152309827433,0.003078053542438654
2020-11-20,-0.001840516528702857,-0.0026688516422821015
2020-11-23,0.004146160861438121,0.006219132742942205
2020-11-24,0.007998733941482126,0.012207362123756471
2020-11-25,-0.002309134031086792,-0.003592148598097289
2020-11-27,0.00013356953830904317,0.00031254498571852964
2020-11-30,-0.005838039453823588,-0.0094041500833261
2020-12-01,0.005012612724641141,0.007684091597904227
2020-12-02,0.0016841021105150206,0.0025464696898498387
2020-12-03,0.0006034779105947879,0.0010890722408613998
2020-12-04,0.004585005290218762,0.006843861631788978
2020-12-07,-0.00043557557746879886,-0.00042432251178583624
2020-12-08,0.0021734453600927867,0.0034236286765379396
2020-12-09,-0.00341630797665736,-0.005308560775055486
2020-12-10,0.0005156394287276735,0.0008803942022117793
2020-12-11,-0.0009624766212469668,-0.0013635090940945236
2020-12-14,-0.004851928028461896,-0.007406641468871712
2020-12-15,0.007696982550793266,0.011819939028378407
2020-12-16,-0.000524532073229445,-0.000746025712385997
2020-12-17,0.0031484745803497783,0.0048943210172565305
2020-12-18,-0.002008505352769738,-0.003038319134795447
2020-12-21,-0.0035963573819701327,-0.00545487509398752
2020-12-22,-0.002954184009284698,-0.004474536266698405
2020-12-23,0.0021751101702834124,0.0033243292430612022
2020-12-24,0.001906299036015332,0.0030177633398089446
2020-12-28,0.002520056820049373,0.0038759713427730293
2020-12-29,-0.0010237490405179558,-0.001497509572586295
2020-12-30,0.0026032439605777743,0.0040763000217282725
2020-12-31,0.003918728471787027,0.004673166516959713
2021-01-04,-0.006787904851159544,-0.00807409085836818
2021-01-05,0.00611744794604252,0.00735556368297415
2021-01-06,0.007499012231205136,0.008831622625965431
2021-01-07,0.005366205772851029,0.0064098593253809006
2021-01-08,-0.00031014467728639075,-0.0005356451914569777
2021-01-11,-0.0031975397251961424,-0.0038870912861748205
2021-01-12,0.0026937154614903747,0.0032778247283095805
2021-01-13,0.0011024385359804565,0.001401603245944208
2021-01-14,-0.001162638574189996,-0.0014734508516598848
2021-01-15,-0.006067504333306239,-0.007317386471998914
2021-01-19,0.005020798448831096,0.00613629672318115
2021-01-20,0.0074541791882611445,0.0091157065158578
2021-01-21,-0.0043063694435028525,-0.005227248045364847
2021-01-22,-0.0025557104284924734,-0.0030796192680934997
2021-01-25,0.00287730080225325,0.0035874621972392215
2021-01-26,-0.0029852591398070736,-0.0035916265924145034
2021-01-27,-0.016784214566566237,-0.020272827050546397
2021-01-28,0.006245674369972056,0.007513528697455053
2021-01-29,-0.012575329828762614,-0.016371612565909244
2021-02-01,0.008264724639966628,0.010606593392637014
2021-02-02,0.0069759827391780325,0.008845493675331148
2021-02-03,0.001662123219858938,0.0020844751569262148
2021-02-04,0.003803325579373798,0.004772434014143332
2021-02-05,0.004251190978220816,0.005454091137777264
2021-02-08,0.006194793912546753,0.007971492784304096
2021-02-09,-0.0007123841950721361,-0.0008725875327475599
2021-02-10,0.0017958388813265297,0.0023556683091879834
2021-02-11,-0.0021990597457131247,-0.0028439525991132393
2021-02-12,0.002018887095735445,0.002520510696894876
2021-02-16,-0.0017980672963163937,-0.0024149673528926613
2021-02-17,0.001023985744774152,0.0013253756071742954
2021-02-18,-0.003345513207613949,-0.004262838861654378
2021-02-19,-0.0008078529375555999,-0.001079651676715562
2021-02-22,-0.0010323445050449886,-0.001290262285390805
2021-02-23,0.0016081363286730415,0.0020462050682311292
2021-02-24,0.005520458433701246,0.007013170844678843
2021-02-25,-0.015343754129908684,-0.01970957920313594
2021-02-26,-0.005462698921876244,-0.006724049106375535
2021-03-01,0.01410944137678944,0.016892440076630183
2021-03-02,-0.00289816465761322,-0.0034457621273144864
2021-03-03,-0.007372784060511274,-0.008911181497824076
2021-03-04,-0.0073198558893196606,-0.008822132772571285
2021-03-05,0.013967429682532074,0.016789595629175667
2021-03-08,-0.00045200249231483117,-0.0005783082155455541
2021-03-09,0.008138641944735205,0.009896092553272642
2021-03-10,0.007217311081950762,0.008697528699761557
2021-03-11,0.0033269300485987367,0.0039849153257400065
2021-03-12,0.001115542644136313,0.0012775309322171809
2021-03-15,0.004138890790253459,0.005022753362504865
2021-03-16,-0.0034510463975543715,-0.004133597594108679
2021-03-17,0.0014811352374817966,0.0017862735115128552
2021-03-18,-0.00942973662868517,-0.011352003860984294
2021-03-19,0.0007324146170735476,0.0009377489854496089
2021-03-22,0.0030037146437007223,0.0036663582093892297
2021-03-23,-0.0050610407331039215,-0.006043671176661426
2021-03-24,-0.0006177807087918988,-0.0007097415010754775
2021-03-25,0.004158571099604301,0.004969179948812083
2021-03-26,0.009349693209754421,0.011225335961388864
2021-03-29,-0.0013959482651561745,-0.0017096638972847761
2021-03-30,-0.0029423553472518807,-0.0035390171200094744
2021-03-31,0.001537120701845716,0.0015682807572520653
2021-04-01,0.008051254818739292,0.009450730326406743
2021-04-05,0.006983059316766063,0.008144532221047121
2021-04-06,0.0014472374325312071,0.0017342864529893954
2021-04-07,-0.0015676158621385754,-0.0018408471076305933
2021-04-08,0.002464905922324324,0.0029238308343442904
2021-04-09,0.0022973171888064844,0.002666591222649531
2021-04-12,4.38126500735718e-05,5.548021915687413e-05
2021-04-13,0.0023343842508960575,0.002764700709078552
2021-04-14,6.963674412350856e-06,1.212735565552913e-07
2021-04-15,0.008416343083460436,0.009893922569597148
2021-04-16,0.0026982560677365503,0.0031509263703997825
2021-04-19,-0.0037628069210975824,-0.004384028254595636
2021-04-20,-0.0038592014775820577,-0.004458425329146647
2021-04-21,0.0070817215177371665,0.008285830930529654
2021-04-22,-0.006603001938495852,-0.007679786570490716
2021-04-23,0.005784362208144676,0.006735882019829756
2021-04-26,0.00019045925625576902,0.00023264880811834206
2021-04-27,-0.0009784747843875775,-0.0011582065822254876
2021-04-28,0.0022500568013140644,0.0026404474164936375
2021-04-29,0.00512073049382108,0.0059655969075652045
2021-04-30,-0.005429427054312256,-0.005443263964432098
2021-05-03,0.00600198418938583,0.006118071500352751
2021-05-04,-0.0019246747359121688,-0.0019549421397638367
2021-05-05,0.0024773901311288806,0.002524017713315146
2021-05-06,0.008042017766407391,0.008198209321461921
2021-05-07,0.0062981868596622735,0.006410092386894888
2021-05-10,-0.0045143825977156235,-0.004602820056421787
2021-05-11,-0.008621253266569534,-0.008774306068622645
2021-05-12,-0.016607516050020657,-0.016924953453851758
2021-05-13,0.009153785369681212,0.009322389703854555
2021-05-14,0.012931113030162006,0.01317463239080595
2021-05-17,0.0006488492517405871,0.0006655323508125503
2021-05-18,-0.007098421051058145,-0.007220783200030765
2021-05-19,-0.004848940826974357,-0.0049359767781460406
2021-05-20,0.00743021278067457,0.007578868559726284
2021-05-21,0.001045400529665798,0.001066300076335804
2021-05-24,0.006532041372937498,0.006654797852867453
2021-05-25,-0.0022856801959627183,-0.002302174659229465
2021-05-26,0.0013250577452142498,0.0013466939374062415
2021-05-27,0.0010838052502973572,0.0010988894586515343
2021-05-28,0.0010762055640479722,0.0010259489508665097
2021-06-01,0.0019328218021857097,0.001655114100112255
2021-06-02,0.0016815257131309706,0.0017084381641522318
2021-06-03,-0.0027372260525940365,-0.003046752838668166
2021-06-04,0.006748682083781651,0.007223317668614608
2021-06-07,-0.0016472027344187497,-0.0016178845974735337
2021-06-08,-0.00015088135467661583,-0.000177760690605719
2021-06-09,-0.0014783630571121326,-0.0013398596980374556
2021-06-10,0.0026781041248600977,0.0030097388863945134
2021-06-11,0.00020092355649406837,8.681695745437292e-05
2021-06-14,-0.0021215818785268454,-0.0022309114343292765
2021-06-15,2.02857430552974e-05,-0.0001685387509386751
2021-06-16,-0.0072925230995415395,-0.007682141851919676
2021-06-17,-0.006330601100554575,-0.006221797948806889
2021-06-18,-0.01188548683765471,-0.011920412736748643
2021-06-21,0.013094384962962773,0.01313556851771218
2021-06-22,0.0027434687087980547,0.002814743253998205
2021-06-23,-0.0019150174658864537,-0.0020473538038894264
2021-06-24,0.004736952686520748,0.004849253010931748
2021-06-25,0.0031865088983784834,0.0031708126325691423
2021-06-28,-0.00037316001845203654,-3.920579785594592e-07
2021-06-29,-0.0028708203477572007,-0.0030037058899475685
2021-06-30,0.0032751593634895984,0.003030032942207903
2021-07-01,0.0062331901486571755,0.005818373027393662
2021-07-02,0.0047392652587023775,0.004592211106406787
2021-07-06,-0.0046252838154569945,-0.004079115517610554
2021-07-07,0.0034802018594888976,0.0034281094849754183
2021-07-08,-0.007422889695139198,-0.0069212051482955795
2021-07-09,0.00955528501112472,0.008777641729557962
2021-07-12,0.0023994233359711523,0.0022364885463707655
2021-07-13,-0.005528238791286026,-0.005213757687440721
2021-07-14,0.0007174570000474169,0.0009629633814683104
2021-07-15,-0.0005012969808528042,-0.0003546091180885096
2021-07-16,-0.007926515812823802,-0.007397708885511477
2021-07-19,-0.013085951829479369,-0.011987580410141105
2021-07-20,0.010907547623215632,0.01010349395064371
2021-07-21,0.005907009105174435,0.005272117232124191
2021-07-22,0.0007303800964225514,0.0008544293134531881
2021-07-23,0.006827183424828701,0.006446543428947787
2021-07-26,0.0033483448467095276,0.0030095069375899145
2021-07-27,-0.000713720504112422,-0.0005517964393794626
2021-07-28,0.00023526124124601216,0.00020601082034733077
2021-07-29,0.005115175360054636,0.0047705711564456675
2021-07-30,-0.00496090307777533,-0.004691383387429673
2021-08-02,-0.0014759152024102803,-0.0013044979263455748
2021-08-03,0.007432893461448565,0.006826234582333137
2021-08-04,-0.007104291121642334,-0.006502455285332
2021-08-05,0.004696449026087465,0.004271339643028731
2021-08-06,-0.000477923209125061,-0.0006754885596578499
2021-08-09,-0.0033931273531368684,-0.0031782006513637207
2021-08-10,0.004613221219077023,0.004178839794507972
2021-08-11,0.005889131796996756,0.005432691989195565
2021-08-12,0.0010111405405549647,0.0009348290454859609
2021-08-13,0.0030826065083282795,0.0030351521696754566
2021-08-16,0.0009038267073322141,0.000927903348332963
2021-08-17,-0.006105324266489391,-0.0056225267183089124
2021-08-18,-0.009104495049688877,-0.008373479572941805
2021-08-19,-0.0021323612207850787,-0.0018507602065865134
2021-08-20,0.006046535337451967,0.005602525010846327
2021-08-23,0.008328526785171146,0.007635768482324188
2021-08-24,0.001316271422965849,0.001104768161967876
2021-08-25,0.0013777758461061065,0.001161339191687637
2021-08-26,-0.005581923143745156,-0.005127702122237613
2021-08-27,0.010414955896026786,0.009644900827455985
2021-08-30,0.0005232914125816313,0.0005493076231152147
2021-08-31,-0.001910406387177088,-0.0017861867350087136
2021-09-01,-9.498002672655416e-05,-4.7952447910228544e-05
2021-09-02,0.006035041395079709,0.005098938155077337
2021-09-03,-0.0028092349045230644,-0.002397531063997321
2021-09-07,-0.008821828740251933,-0.007584676320703287
2021-09-08,-2.341035378985081e-05,1.663565294380748e-05
2021-09-09,-0.0015696929447464487,-0.0013201024404962706
2021-09-10,-0.0075512041089979085,-0.006495013889659604
2021-09-13,0.004873865492814091,0.004113122266865988
2021-09-14,-0.005129392953922064,-0.004297302050127627
2021-09-15,0.008275423643548238,0.006955625155494136
2021-09-16,-0.0068547094624052595,-0.005890639750010379
2021-09-17,-0.009711795604734034,-0.008295786533592265
2021-09-20,-0.014204111634879365,-0.012018793523000823
2021-09-21,-0.0006071035073121093,-0.0005202051332695785
2021-09-22,0.009362650877599049,0.007920665500882478
2021-09-23,0.008740827628135486,0.007270111688567286
2021-09-24,0.0008209817644618437,0.0006387393244378596
2021-09-27,0.0017941012065612388,0.0014250995684654826
2021-09-28,-0.017336573722377676,-0.014885268052558622
2021-09-29,0.002292766938979019,0.001953353331633165
2021-09-30,-0.00984732723969628,-0.009486584518288134
2021-10-01,0.01110300761100808,0.010784480869042299
2021-10-04,-0.004949972383856236,-0.004829154306551334
2021-10-05,0.006014382705489462,0.005802836946757892
2021-10-06,0.0030814659529788345,0.003028879763065678
2021-10-07,0.004919601586609879,0.0047430891025380005
2021-10-08,-0.0004739913397574291,-0.0005140426764019226
2021-10-11,-0.00624889697033873,-0.006082435474234264
2021-10-12,0.0011374886970107827,0.001160519560396085
2021-10-13,0.005233381600981485,0.00514276324563196
2021-10-14,0.013771960183770145,0.013393273966005051
2021-10-15,0.002458597121221817,0.0023478152523680428
2021-10-18,0.0006592739393633955,0.000649234956126918
2021-10-19,0.005349681442430707,0.005154788272780225
2021-10-20,0.0056119415328991056,0.005439612643053007
2021-10-21,-0.00014320715792804012,-0.0001225097558971035
2021-10-22,0.0026129564814866735,0.0025651461639718026
2021-10-25,0.0049252369998362385,0.004786192542673816
2021-10-26,0.0009509494379528557,0.0009348203149659953
2021-10-27,-0.006063727971516292,-0.005814168761803472
2021-10-28,0.006942447982281192,0.006734578307638437
2021-10-29,-0.0008285811560185487,-0.000870765910776415
2021-11-01,0.0037568059685317984,0.003410670164984323
2021-11-02,0.0023370146323614654,0.0021389704630740774
2021-11-03,0.0020172484865365425,0.0018206624849718385
2021-11-04,0.0031479324737865326,0.0029025728990653204
2021-11-05,0.007516721433394943,0.006890440686030341
2021-11-08,0.00011681918103713504,8.693065409949823e-05
2021-11-09,0.00034260633090149215,0.0003277672247478245
2021-11-10,-0.0059475985345364074,-0.005446511089753089
2021-11-11,0.0003268501753969001,0.00029054622146134485
2021-11-12,0.004162283312915943,0.0037900319810671894
2021-11-15,0.0002551928247668423,0.00020032585382495454
2021-11-16,-0.00014150917054477172,-0.00014255302431284732
2021-11-17,-0.0020110626846296755,-0.0018090034807555014
2021-11-18,-0.0010875778300129665,-0.0009877175507457805
2021-11-19,-0.004437488229357695,-0.004019341506112931
2021-11-22,-0.0015210396171302723,-0.0014479993691722832
2021-11-23,0.0017928762938489774,0.0015761383682979385
2021-11-24,0.0019848306776100843,0.0018293109184655868
2021-11-26,-0.017589311994139115,-0.016008843719416414
2021-11-29,0.006628306754173826,0.006037574621297402
2021-11-30,-0.018277234057865136,-0.017941152310088564
2021-12-01,-0.00793932079592404,-0.007824101538314797
2021-12-02,0.014312385148918584,0.014114265611505814
2021-12-03,-0.0016808495591351604,-0.001628965417220015
2021-12-06,0.009997532450931745,0.0098425398013644
2021-12-07,0.012605583316820105,0.012432960648398165
2021-12-08,1.9854814471614098e-05,-9.709919409449152e-06
2021-12-09,-0.004292049010991194,-0.0042357843189204224
2021-12-10,0.006086575153897965,0.006014162964059327
2021-12-13,-0.003890025784534737,-0.003800528707065445
2021-12-14,-0.0046700503670257095,-0.004628701727767857
2021-12-15,0.008312692179073477,0.00820899765300099
2021-12-16,0.0007054694270000795,0.0006916472883706522
2021-12-17,-0.010006371055076008,-0.009855860943220511
2021-12-20,-0.009850780674271621,-0.009739534201801856
2021-12-21,0.01222953091821165,0.012057233123856472
2021-12-22,0.007640018648027546,0.007564481044354469
2021-12-23,0.004524992439889802,0.0044565364948671105
2021-12-27,0.01071526512856553,0.010580977414226487
2021-12-28,0.000674537569194606,0.0006561522488495508
2021-12-29,-5.0868299046846776e-05,-6.399131703431829e-05
2021-12-30,-0.00022641126321295348,-0.00020213482637114336
2021-12-31,0.00012787983465481105,7.029950661075482e-05
2022-01-03,5.067502508263597e-05,1.0139423876957885e-05
2022-01-04,0.0051046474991511045,0.005421854190838928
2022-01-05,-0.009475970426764352,-0.010102676637455866
2022-01-06,-0.0008260263512644533,-0.0008928725949327066
2022-01-07,-0.00014556499065251905,-0.0001660600519802106
2022-01-10,-0.0030588008502283083,-0.003248530568103514
2022-01-11,0.00842838512871912,0.008985477349094186
2022-01-12,0.0020621188615881497,0.002199954616385366
2022-01-13,-0.005759554957791175,-0.006124988671872824
2022-01-14,-0.0015842773406112651,-0.0017099097370265794
2022-01-18,-0.012117789169887,-0.012927850135361539
2022-01-19,-0.0031924856699688774,-0.003375874898484697
2022-01-20,-0.007150869621891294,-0.007606336058048262
2022-01-21,-0.01230578822778414,-0.013086501585990725
2022-01-24,0.0015139366711009947,0.0016087357010558957
2022-01-25,-0.005459285356894572,-0.005833476275919316
2022-01-26,-0.006488830161611011,-0.006931495465729612
2022-01-27,-0.0007763242346325731,-0.0008127764155208018
2022-01-28,0.012132563642183644,0.012938486579689943
2022-01-31,0.010987509689935455,0.01236878121792996
2022-02-01,0.005732920676888832,0.006532018394185678
2022-02-02,0.006482643046408246,0.007405056128202223
2022-02-03,-0.014415648676035906,-0.01642925753643497
2022-02-04,1.5068984060314272e-05,1.3037426859725007e-05
2022-02-07,-0.0006453804790468089,-0.0007250492636795654
2022-02-08,0.0037645183372006807,0.004305341944755726
2022-02-09,0.009424541542331483,0.010757323599333153
2022-02-10,-0.012235152485623908,-0.013955074024321295
2022-02-11,-0.0057579272312207495,-0.006544133092243934
2022-02-14,-0.005152638480338776,-0.00586372088997978
2022-02-15,0.006109431518446846,0.006967534690428478
2022-02-16,0.002718272843208314,0.003117392134436781
2022-02-17,-0.009513715678923696,-0.010823108611395854
2022-02-18,-0.0027817291858793,-0.0031508743769664152
2022-02-22,-0.007285113522595985,-0.008290213151709374
2022-02-23,-0.01121360951702696,-0.012789682946339774
2022-02-24,0.004519345476970694,0.005167863931926377
2022-02-25,0.01876410900623462,0.021397946486468523
2022-02-28,0.0015041839080981783,0.0018121335919312142
2022-03-01,-0.006393850322322098,-0.008457000933672536
2022-03-02,0.00823416840094886,0.010937788765353187
2022-03-03,0.00026569242375191007,0.0003856983060064324
2022-03-04,0.0010887392190235372,0.0014826400893857066
2022-03-07,-0.013576692314555156,-0.01801496912122879
2022-03-08,-0.003413846460257761,-0.004512094461505989
2022-03-09,0.008286896527549022,0.011026959110308735
2022-03-10,-0.0007128138726521736,-0.0009343944970933927
2022-03-11,-0.007006236856045694,-0.009281959646348484
2022-03-14,-0.005670391907643867,-0.007522495133196456
2022-03-15,0.007789272635595946,0.010379140496597898
2022-03-16,0.010754932787420107,0.014323439488165604
2022-03-17,0.008425756350849498,0.011210069231588118
2022-03-18,0.004220874763731919,0.005640343035801242
2022-03-21,0.0011585604610942634,0.001545248794589818
2022-03-22,0.004002405390078277,0.005336057385497128
2022-03-23,-0.0028714813448447217,-0.0037748485266577776
2022-03-24,0.007186439701110202,0.009571603252974648
2022-03-25,0.003843114705729511,0.005117199594387053
2022-03-28,0.00109227236714699,0.001485650938474321
2022-03-29,0.00652168301755665,0.008697806245301275
2022-03-30,-0.0005713802462695598,-0.000729006617767908
2022-03-31,-0.008101216777973685,-0.01104602378754057
2022-04-01,0.002663096099056055,0.003533217725315959
2022-04-04,0.002592473623021627,0.0034391501054926643
2022-04-05,-0.007690477349239222,-0.010114630484999741
2022-04-06,-0.0028964766919034853,-0.0037942054291045467
2022-04-07,0.0027352767925555676,0.0036245664376253054
2022-04-08,0.0011045411251494183,0.0014713711119631813
2022-04-11,-0.00936725128871787,-0.012317114882597293
2022-04-12,-0.0004402980200057603,-0.0005551937337380485
2022-04-13,0.006797214331707661,0.008979888194312396
2022-04-14,-0.006139999205962164,-0.008073158541574617
2022-04-18,-0.0005042688162075001,-0.0006431103664142053
2022-04-19,0.006754736678547843,0.008918809104861588
2022-04-20,0.0017310755065998132,0.0023152012480901606
2022-04-21,-0.010646020167637818,-0.013997157826215417
2022-04-22,-0.017426706906980834,-0.022931249831172954
2022-04-25,-0.00014981782744806894,-0.0001661476628039782
2022-04-26,-0.013409937665442304,-0.017636541458668005
2022-04-27,-0.0001177628690147718,-0.00013822089920636701
2022-04-28,0.013523162388995438,0.017837126652334008
2022-04-29,-0.016711781194111687,-0.02788841950520966
2022-05-02,0.00013769931783359855,0.0002686844906611632
2022-05-03,0.003614443799964522,0.006024823449779788
2022-05-04,0.015649134597848835,0.025918086497273455
2022-05-05,-0.0162286871988636,-0.026783109469801884
2022-05-06,-0.0024866374098468005,-0.004066112380853988
2022-05-09,-0.015389949279734567,-0.025377534315699262
2022-05-10,-0.0006309359760293211,-0.0009900838035616383
2022-05-11,-0.0033088962305420993,-0.005412767130688392
2022-05-12,-0.0007963241096390796,-0.0012682248731757046
2022-05-13,0.00918890141984114,0.015232271150554809
2022-05-16,2.6243468359423523e-06,5.384659979815675e-05
2022-05-17,0.008038634884419053,0.013332480666020292
2022-05-18,-0.017188418518604816,-0.028352650415634437
2022-05-19,-0.0012860432966198,-0.0020706845275650604
2022-05-20,0.00026417030355414166,0.0004916094431216892
2022-05-23,0.00829425104798891,0.013753437498644053
2022-05-24,-0.0006537588062420176,-0.0010211402296515701
2022-05-25,0.004337523569423571,0.0072202678989246654
2022-05-26,0.008939389923747132,0.01482609708753059
2022-05-27,0.010672929150542727,0.017693769300934633
2022-05-31,-0.004895078381578878,-0.009941893654368995
2022-06-01,-0.0028630994888290988,-0.005471365013193023
2022-06-02,0.007553488221575734,0.014705886149840182
2022-06-03,-0.005594731182649034,-0.010764922623082521
2022-06-06,0.00040674014887874917,0.0008568333204837976
2022-06-07,0.004906397812523226,0.009577267113275905
2022-06-08,-0.005398399558050142,-0.010383448197067078
2022-06-09,-0.00978614502638616,-0.01887610814334066
2022-06-10,-0.010281622992501557,-0.019836517214575158
2022-06-13,-0.019132012641943457,-0.036987057591572975
2022-06-14,-0.0036334821395590054,-0.006967394891657413
2022-06-15,0.005105595489150631,0.009971662670218893
2022-06-16,-0.012746812373694093,-0.024604633020766913
2022-06-17,-0.001752243922035684,-0.0033143766448020095
2022-06-21,0.009159322084683227,0.017804709024119743
2022-06-22,-0.0003555167931079769,-0.0006024373858614207
2022-06-23,0.002202535223210003,0.004346692903172107
2022-06-24,0.011629769332507929,0.022592789039832174
2022-06-27,-0.0006277607385389857,-0.0011466170956602136
2022-06-28,-0.00589290758804396,-0.011341223024050254
2022-06-29,-0.0007724850283196521,-0.0014140083962147529
2022-06-30,-0.0027794021381458934,-0.006197629672288308
2022-07-01,0.005532578493055307,0.011143118919457233
2022-07-05,-0.003385046387499144,-0.006686301089202115
2022-07-06,-0.0007130600196573824,-0.0013501141825048744
2022-07-07,0.005186364174002418,0.010445111758644716
2022-07-08,-0.0014982230705261495,-0.0029185036635917924
2022-07-11,-0.003503961923225757,-0.006923076659063891
2022-07-12,-0.0029185736923336997,-0.00575425938769144
2022-07-13,-0.0010572370667341845,-0.0020308515295144017
2022-07-14,-0.003841308950323324,-0.007601993925030184
2022-07-15,0.007099260967673913,0.014273095865289229
2022-07-18,-0.0022566758557284678,-0.0044368837168441986
2022-07-19,0.010388527941737412,0.020847455860716905
2022-07-20,0.0012971006115915528,0.0026717252201671733
2022-07-21,0.004113600854013737,0.008311466657105124
2022-07-22,-0.0017836589309901357,-0.003481942663953846
2022-07-25,0.0016857839769883424,0.003444622545263407
2022-07-26,-0.0039783210326178615,-0.007874888332519396
2022-07-27,0.00843086615724697,0.01693553086637892
2022-07-28,0.006215078470861395,0.012510017829862111
2022-07-29,0.0061431023770697505,0.010955621827196978
2022-08-01,8.730909076074607e-05,0.00023887922541498675
2022-08-02,-0.004128379448238521,-0.007662360244718736
2022-08-03,0.004940794241791178,0.009322472903020738
2022-08-04,-0.0007411302561088034,-0.001314554298825846
2022-08-05,-0.0019892452307645725,-0.0036610305474503333
2022-08-08,0.001717760918280799,0.0032876132410147064
2022-08-09,-0.000786578146309901,-0.0014049338135582717
2022-08-10,0.007701065893299882,0.014482625211821806
2022-08-11,0.00033893339467840316,0.0006968606177657229
2022-08-12,0.007667772411644017,0.01442438540468597
2022-08-15,0.0003076235207274482,0.0006454069362117041
2022-08-16,0.001668943345143786,0.0031940208599295344
2022-08-17,-0.0037832662599046442,-0.007015198680866334
2022-08-18,0.0016552731587289298,0.0031661888987714647
2022-08-19,-0.005882237181734761,-0.010944651343728374
2022-08-22,-0.008485854215322917,-0.015816189088245503
2022-08-23,0.0003981816473487872,0.0008121069512986051
2022-08-24,0.0015025976041608854,0.0028800293479813704
2022-08-25,0.0064962948225438764,0.012231213267808138
2022-08-26,-0.012980474518987194,-0.0242276213193185
2022-08-29,-0.0020149681295452007,-0.003704701618691314
2022-08-30,-0.0061449041604554,-0.011431660227520742
2022-08-31,-0.004551279945731575,-0.008214057198674648
2022-09-01,-0.000576168966252884,-0.000930700653141288
2022-09-02,-0.0032429245430758867,-0.0054894268895779455
2022-09-06,-0.003383469223496564,-0.005733334304709033
2022-09-07,0.010190297981218278,0.01748774752669207
2022-09-08,0.001941259140522406,0.0033742002632047834
2022-09-09,0.007580710518576736,0.013020689637655682
2022-09-12,0.004376224624173548,0.007539352062251351
2022-09-13,-0.019377393187412533,-0.033083132745259924
2022-09-14,0.0016885248624673964,0.0029434816045097742
2022-09-15,-0.006157192676616705,-0.01047451054982361
2022-09-16,-0.004797155736180764,-0.00814734867978253
2022-09-19,0.004170951285342017,0.007190081580137584
2022-09-20,-0.006827975662977491,-0.011622332063239782
2022-09-21,-0.007111865016572821,-0.01210331738746237
2022-09-22,-0.005442598915413529,-0.009254988004485975
2022-09-23,-0.010953146180795773,-0.018673514074194316
2022-09-26,-0.007686274752818331,-0.013090786527616987
2022-09-27,-0.002941978331418197,-0.0049790532738200315
2022-09-28,0.013653678079883783,0.023410766585920787
2022-09-29,-0.009791696672025771,-0.01669115520348442
2022-09-30,-0.006427031120490484,-0.013003823010981817
2022-10-03,0.013211111738283102,0.025902670249945185
2022-10-04,0.01350465143434001,0.02647471567183131
2022-10-05,-0.0024275540718663555,-0.004671905338864632
2022-10-06,-0.004638162191951028,-0.00899279839553469
2022-10-07,-0.010911484749708144,-0.02125665261927508
2022-10-10,-0.003349562081045619,-0.006474021019210752
2022-10-11,-0.0025133636773257196,-0.004836794542333237
2022-10-12,-0.0015296961829181699,-0.0029142226479105687
2022-10-13,0.010348774072343346,0.020303411579851896
2022-10-14,-0.010702885330412215,-0.02084776754437315
2022-10-17,0.009571306230066296,0.018786121945168908
2022-10-18,0.005838524272569079,0.011489505515240913
2022-10-19,-0.003669857358639313,-0.007102026696193697
2022-10-20,-0.005427551276486633,-0.010536577431152988
2022-10-21,0.009984730766833996,0.019592916421114805
2022-10-24,0.0035065450270718116,0.006929525296127738
2022-10-25,0.008207639462005242,0.016124249016699576
2022-10-26,8.161905393399508e-05,0.00023654265682450512
2022-10-27,-0.0012932396368791396,-0.002451430302804466
2022-10-28,0.007533615413824257,0.014801879425400857
2022-10-31,-0.0033247777835066646,-0.007259748325952972
2022-11-01,0.0003595513603899576,0.0007991289890379332
2022-11-02,-0.00983699402674195,-0.019592988811095304
2022-11-03,-0.002005785969202995,-0.003933050737432771
2022-11-04,0.006211216434720373,0.012499915347595347
2022-11-07,0.0023451471970160577,0.004767339559478711
2022-11-08,0.0036929812978127876,0.0074663377587242934
2022-11-09,-0.008164141623774476,-0.01624604320260848
2022-11-10,0.02278875166488895,0.045656657910151464
2022-11-11,0.0037524414394419945,0.007582645808562014
2022-11-14,-0.0029634536643669274,-0.005847201950725286
2022-11-15,0.003953726139057529,0.007987426304021546
2022-11-16,-0.001964934764923569,-0.0038477804823739093
2022-11-17,-0.002976454766867349,-0.005874316335027117
2022-11-18,0.0017618095817054373,0.0036020733437274826
2022-11-21,-0.0010423469457503188,-0.002004771054829246
2022-11-22,0.0064189400370433,0.01291635661089015
2022-11-23,0.0032640614943107342,0.006609021650000327
2022-11-25,2.2086804648286306e-05,0.00012333848832483737
2022-11-28,-0.006467370885528353,-0.012853242874808558
2022-11-29,-0.00023299652759197647,-0.0003881325919535502
2022-11-30,0.011487754596045783,0.02234923923661565
2022-12-01,0.001979743754690335,0.004041357393126671
2022-12-02,0.0004886859984860787,0.001057476088478902
2022-12-05,-0.008826674883039873,-0.017573397963395864
2022-12-06,-0.004699809459598665,-0.00931790687770806
2022-12-07,0.0005989461332397848,0.0012790686342835865
2022-12-08,0.00210446953836901,0.004288102941616491
2022-12-09,-0.00429085192527321,-0.008502814241543795
2022-12-12,0.005557657225860005,0.011193172276606166
2022-12-13,0.004041338683011017,0.008162079923884354
2022-12-14,-0.002479014158299634,-0.004877843780197012
2022-12-15,-0.009729106990656627,-0.01937740091230382
2022-12-16,-0.004210501494142033,-0.008341411598164775
2022-12-19,-0.00432364724069811,-0.008568546296079485
2022-12-20,0.0007895115158535577,0.0016570395182057447
2022-12-21,0.005935627801984667,0.011949364848933242
2022-12-22,-0.005663886460196468,-0.01124758993608422
2022-12-23,0.0028539886774893463,0.0057852380632281665
2022-12-27,-0.0010718418507732808,-0.0020655922324282552
2022-12-28,-0.005549388245403966,-0.011018654173915067
2022-12-29,0.006817632938535523,0.01371432514796014
2022-12-30,-0.0017436017004875955,-0.003689479045631084
2023-01-03,-0.0005165412835997252,-0.0008872449054770681
2023-01-04,0.005177879267000874,0.009657087568523293
2023-01-05,-0.004293737575026181,-0.007884296909993326
2023-01-06,0.011824958098900665,0.021966724545285515
2023-01-09,-8.187760313467941e-06,5.298347466867594e-05
2023-01-10,0.0023929222035308224,0.004497961044776402
2023-01-11,0.005256179675491993,0.009802140785375047
2023-01-12,0.0028063884921723224,0.0052654780929684486
2023-01-13,0.0015866606958725837,0.0030056238474582284
2023-01-17,-0.0021440713837750478,-0.003903259999668112
2023-01-18,-0.006827864995941319,-0.012575000783739056
2023-01-19,-0.0026841954997370602,-0.004903342414694986
2023-01-20,0.006167254510507154,0.011487261615733588
2023-01-23,0.003784420162508833,0.007075532631981277
2023-01-24,0.0008675931244529804,0.0016751907863002654
2023-01-25,0.00024444126998243026,0.0005204378807919841
2023-01-26,0.0037267645506229986,0.006967997455454855
2023-01-27,-3.879108728038034e-05,-3.895271405184313e-06
2023-01-30,-0.005184773084436183,-0.009533661245577403
2023-01-31,0.007623114657996002,0.012110653906212538
2023-02-01,0.0044316279947299985,0.007287211245441099
2023-02-02,0.0037100542090736464,0.006107876467406699
2023-02-03,-0.007972564723856046,-0.01296836823363461
2023-02-06,-0.0023570756466307395,-0.0037985058519341987
2023-02-07,0.004952909475190099,0.008136339647793875
2023-02-08,-0.005165892714187235,-0.00838413163410343
2023-02-09,-0.006030337834188746,-0.009796258117617451
2023-02-10,0.0027509722922101276,0.004540929108335361
2023-02-13,0.004938219817949804,0.00811351855126463
2023-02-14,-0.0006060220016392255,-0.0009392790698564125
2023-02-15,0.00011533360641361259,0.00023825359742434243
2023-02-16,-0.006987947362205024,-0.01136000979094025
2023-02-17,-0.00036605416542851853,-0.0005465640759227737
2023-02-21,-0.010400123792107105,-0.01693162465546367
2023-02-22,-0.0001850279665727545,-0.0002515144150589386
2023-02-23,0.0018542539416131925,0.0030779882816452716
2023-02-24,-0.004514688997271808,-0.007321987669655731
2023-02-27,0.0015092247049266969,0.002514605401543723
2023-02-28,-0.002184405045422711,-0.0034256073348605583
2023-03-01,-0.0018713102287109245,-0.0026681758126763976
2023-03-02,0.004201812098514577,0.006103972576443154
2023-03-03,0.010492356394220612,0.01519099661561567
2023-03-06,-0.0015299380262814963,-0.002174848605197315
2023-03-07,-0.009574564649714009,-0.013793879649425337
2023-03-08,0.0002109692932758155,0.0003401683468890667
2023-03-09,-0.009810629807391173,-0.014134526316540276
2023-03-10,-0.00474510388375191,-0.006816927038568093
2023-03-13,-0.0006999186770845035,-0.0009747942787887374
2023-03-14,0.0073334900684338565,0.010626914948721995
2023-03-15,-0.004506087984406302,-0.006471742182180575
2023-03-16,0.007524968497155399,0.01090384364843155
2023-03-17,-0.005065095741031095,-0.007279481549247706
2023-03-20,0.00591887584980187,0.008583858852773914
2023-03-21,0.0053813630096512036,0.0078069798832224565
2023-03-22,-0.008275248373830969,-0.011916433350549106
2023-03-23,0.00012982741908562723,0.00022312773265866295
2023-03-24,0.004279717692376125,0.006216814721811753
2023-03-27,0.0008031675065897676,0.0011941931359118066
2023-03-28,0.001030433493845741,0.0015236148126962553
2023-03-29,0.00709307981237848,0.010280130423604187
2023-03-30,0.003524049004189227,0.005125630192979995
2023-03-31,0.0084924832342529,0.011400104968534318
2023-04-03,0.004084487863201413,0.00567919140788505
2023-04-04,-0.0024523931226993513,-0.0033608499868429845
2023-04-05,0.0012585755520399507,0.0017711711809691739
2023-04-06,0.0005572077518664467,0.0008011375982445066
2023-04-10,-0.00020024234281998345,-0.00024706157978513925
2023-04-11,0.0021475945117082076,0.003000605051410792
2023-04-12,-0.0018854487805405,-0.002577279357792472
2023-04-13,0.00678680650452489,0.009416788264922092
2023-04-14,-0.0033929449470027945,-0.004662657849379301
2023-04-17,0.0006794996282170675,0.000969955456933924
2023-04-18,0.0007505460424859545,0.0010685242431087787
2023-04-19,-0.0007675438922359596,-0.0010311817302319775
2023-04-20,-0.0021990518175208284,-0.0030106997080869297
2023-04-21,-0.0006192906743877584,-0.0008262340555760966
2023-04-24,0.0025756046049151,0.003592708405080564
2023-04-25,-0.007495612637122243,-0.010335790981758781
2023-04-26,-0.007094744275053872,-0.009782072261511858
2023-04-27,0.010487207379421895,0.01453436900730914
2023-04-28,0.00654816541496096,0.007880747925615873
2023-05-01,-0.0031261026993311633,-0.0038331549057068846
2023-05-02,-0.005784039430517093,-0.007106212846754589
2023-05-03,-0.004273491541948878,-0.005245934757264813
2023-05-04,-0.0051378073911603804,-0.006310955169033466
2023-05-05,0.009698297116360095,0.011965605523302468
2023-05-08,-0.0010348518204531532,-0.0012566755739861976
2023-05-09,-0.002229256350331991,-0.0027278652020960663
2023-05-10,0.0016540486611491545,0.002056316162409464
2023-05-11,-0.0018871191392192416,-0.002306203381283878
2023-05-12,-0.0008341367285589345,-0.0010093393389700289
2023-05-15,0.0008974769767294254,0.0011238094457316741
2023-05-16,-0.008338113448507248,-0.010253485868789715
2023-05-17,0.0065511658134883655,0.008088708149278727
2023-05-18,0.0032357553253619916,0.0040043430666402485
2023-05-19,-0.00035339074426859546,-0.000417026374016225
2023-05-22,-0.0014209200023925692,-0.0017321405374248048
2023-05-23,-0.005621486487483217,-0.006906809786664193
2023-05-24,-0.005596560050152362,-0.006876250187454076
2023-05-25,-0.002011975611559248,-0.0024601813012703473
2023-05-26,0.006808456631140559,0.00840610294540374
2023-05-30,-0.0006595502276558561,-0.0007938351561715307
2023-05-31,-0.003267406283110147,-0.0034810886451820725
2023-06-01,0.007287564203488315,0.0077410560552150275
2023-06-02,0.011966987907078674,0.012708188019408203
2023-06-05,-0.0008933815902867394,-0.0009434412265609908
2023-06-06,0.003038855511696026,0.0032308202466344027
2023-06-07,0.0004373449107714992,0.00046879910303365506
2023-06-08,0.005191744696646616,0.00551646271237363
2023-06-09,-0.001188976455872888,-0.0012572794222353214
2023-06-12,0.004297026435402523,0.004566511516153274
2023-06-13,0.004270879611997016,0.00453849468732601
2023-06-14,-0.000486286838989105,-0.0005111816977643669
2023-06-15,0.010599853312658926,0.01125731099637175
2023-06-16,-0.001611890301092185,-0.0017062651055493594
2023-06-20,-0.006190435258169685,-0.006566486685942038
2023-06-21,-0.0007192889484115529,-0.0007587081827265927
2023-06-22,-0.0016164134014128705,-0.0017111236714353762
2023-06-23,-0.0049851367900681865,-0.005286992217081846
2023-06-26,0.0009115204263624178,0.0009724550582911601
2023-06-27,0.006726240259259283,0.00714511800936016
2023-06-28,-0.0011294658365367358,-0.0011941193202926275
2023-06-29,0.0025265044811156245,0.002686628651420719
2023-06-30,0.010055045415010969,0.009946697240948077
2023-07-03,0.0022342512468635327,0.0021922980594474284
2023-07-05,-0.0034151706569659768,-0.0033548457107123474
2023-07-06,-0.009576334199315441,-0.009404420626047088
2023-07-07,-0.0004727931498235364,-0.0004657984317697379
2023-07-10,0.0028354333318090373,0.0027826141395828
2023-07-11,0.008876753519886385,0.008714514870970221
2023-07-12,0.008275193425801287,0.00812405201713767
2023-07-13,0.005458424516750175,0.0053582720981933
2023-07-14,-0.003793680081551585,-0.0037263659193263058
2023-07-17,0.0005356814046895978,0.0005245479841735204
2023-07-18,0.005957326156173447,0.005848039305861678
2023-07-19,0.0037679593619461705,0.003698391212104411
2023-07-20,-0.0018898837252662101,-0.0018573453951681107
2023-07-21,0.0013194051537013503,0.0012940555498573369
2023-07-24,0.0025673619681363695,0.0025192930697364975
2023-07-25,0.0026362591845307034,0.002587078048285472
2023-07-26,0.001494133747044229,0.0014656303130008035
2023-07-27,-0.009335419292332189,-0.009168061944231306
2023-07-28,0.007760497908936888,0.007618608790788532
2023-07-31,0.0026289004160622124,0.00225959257364303
2023-08-01,-0.006328019120643517,-0.005719687084592967
2023-08-02,-0.010784790332583246,-0.009742365554803574
2023-08-03,-0.00577367214209014,-0.005219363339778618
2023-08-04,-0.0014890531802585713,-0.001351641278603973
2023-08-07,0.006296747636518706,0.005675748480182221
2023-08-08,-0.0025079824030350005,-0.002271434786800233
2023-08-09,-0.0029248765943917974,-0.0026477950967560885
2023-08-10,-0.001889162027215294,-0.0017130471974328206
2023-08-11,0.000978412695381577,0.0008753474551349779
2023-08-14,0.0005628958704437097,0.0005003410496532213
2023-08-15,-0.012904106411994489,-0.011655240266895834
2023-08-16,-0.0070054146025331256,-0.006331017094923618
2023-08-17,-0.00628521134240393,-0.005680965587267556
2023-08-18,0.001550832173275569,0.0013920915551638513
2023-08-21,0.0004346781489950139,0.0003845642256888134
2023-08-22,-0.0015825993620518647,-0.001436124717303013
2023-08-23,0.010164835594401705,0.0091674769613481
2023-08-24,-0.010902631143316426,-0.00984871627852368
2023-08-25,0.006400447813257979,0.005769454292975921
2023-08-28,0.0056720320906756315,0.0051119579520501396
2023-08-29,0.012771709214766587,0.01152038973079719
2023-08-30,0.0019243734875683373,0.0017292427473956156
2023-08-31,-0.002186792475681629,-0.002156038899807489
2023-09-01,0.0004365420374439935,0.00039853016595448867
2023-09-05,-0.008481168364184357,-0.007864131304891941
2023-09-06,-0.003246273632697899,-0.003013666165028121
2023-09-07,-9.881974537729801e-05,-9.736898344386976e-05
2023-09-08,0.0023408598716282768,0.002163098754957924
2023-09-11,0.005069491935048124,0.004691309064177851
2023-09-12,-0.002022066794578867,-0.0018794113880528257
2023-09-13,0.0005250771954379028,0.0004806993188993517
2023-09-14,0.008549314857181349,0.00791548083045269
2023-09-15,-0.009517040701575443,-0.00882383641864155
2023-09-18,0.0010008055655755998,0.0009214846098776912
2023-09-19,-0.0032863809389885867,-0.0030508478512809405
2023-09-20,-0.005723473614716556,-0.005308877620111935
2023-09-21,-0.016849146043002913,-0.015617510404602495
2023-09-22,-0.0015999874442498537,-0.0014882548966461935
2023-09-25,0.0006553038423845368,0.0006011937392780148
2023-09-26,-0.013831422737624098,-0.012821357198837669
2023-09-27,-0.001957514389484333,-0.0018196675309249829
2023-09-28,0.00316114892121565,0.0029231233086277598
2023-09-29,-0.004644370829573997,-0.00451422844080624
2023-10-02,-0.010184403378073817,-0.009682617296762399
2023-10-03,-0.009713371052628334,-0.009234998063145953
2023-10-04,0.005079629778116082,0.004823506592387928
2023-10-05,-0.004611825439261354,-0.004386753937551348
2023-10-06,0.00803820911832142,0.007635036830566562
2023-10-09,0.010826548300668336,0.010285000782413166
2023-10-10,0.005940665334188984,0.005641694847741879
2023-10-11,0.004611236996826561,0.004378383221469292
2023-10-12,-0.010364836892580399,-0.009854131275776098
2023-10-13,0.004270311338313057,0.00405437421018702
2023-10-16,0.007375698644445885,0.007005404795965167
2023-10-17,0.001618630101169088,0.0015342581691655433
2023-10-18,-0.010260920616554413,-0.009755295448900803
2023-10-19,-0.009163057335074814,-0.008711993278586553
2023-10-20,-0.00920855350020045,-0.008755143227912723
2023-10-23,-0.0033642752004152884,-0.003201089148489031
2023-10-24,0.008056199084052034,0.007652232765773705
2023-10-25,-0.010873438281693746,-0.010337438634839978
2023-10-26,-0.004720488852868112,-0.004489948339349388
2023-10-27,-0.007134016027277244,-0.006783629394538138
2023-10-30,0.008869879635003746,0.008425413392425413
2023-10-31,0.003962649072143813,0.004161991921744297
2023-11-01,0.0066770381145941,0.007064700145854004
2023-11-02,0.017483999104242927,0.01849163828061481
2023-11-03,0.006988382403686018,0.007393881903245281
2023-11-06,-0.0023408111363809425,-0.0024705667329791205
2023-11-07,-0.000887264368081148,-0.0009335657110028557
2023-11-08,-0.001067250174142918,-0.0011238917197873718
2023-11-09,-0.007898356470730509,-0.008346979450001853
2023-11-10,0.009279465808234943,0.009816376676832281
2023-11-13,4.369303633016612e-05,5.0747529369218566e-05
2023-11-14,0.01849700262308312,0.019562785140437394
2023-11-15,0.00037163331876790184,0.0003974748750227723
2023-11-16,0.0006576812654098276,0.0007000117066585821
2023-11-17,0.003239330764422701,0.0034297175178208987
2023-11-20,0.0036719476448608046,0.0038871701299175243
2023-11-21,0.0005827300320333253,0.0006207248320577054
2023-11-22,0.0029264943764312074,0.0030989444566489888
2023-11-24,0.0010392773854367952,0.0011034310012658561
2023-11-27,-0.0001882700065305554,-0.00019447046595978408
2023-11-28,0.0021161469270129696,0.0022421236336751175
2023-11-29,-0.00021312139348695275,-0.0002207669989497678
2023-11-30,0.0033366115019770313,0.0033916792588198543
2023-12-01,0.009009675379652518,0.009506393566349398
2023-12-04,-0.005456405868848906,-0.005750259902078228
2023-12-05,-0.003090384456461366,-0.0032548863468033658
2023-12-06,0.0001592541024621079,0.00017232388770806227
2023-12-07,0.003326973634084833,0.00351311340050623
2023-12-08,0.0007411892714701049,0.0007860023917720106
2023-12-11,0.002808497229728776,0.002966298404652885
2023-12-12,0.0018017387585946968,0.0019045432695949686
2023-12-13,0.016220593973116315,0.017111370039071292
2023-12-14,0.00644559177954451,0.006802177260064113
2023-12-15,-0.00361157829996677,-0.0038046013242271056
2023-12-18,0.003098612950633628,0.0032722654455988862
2023-12-19,0.006594312664269735,0.006959009131847255
2023-12-20,-0.012049688337891001,-0.012703813138685256
2023-12-21,0.00716321181488631,0.007558985458377789
2023-12-22,0.0019768982690420815,0.002089259095068407
2023-12-26,0.0046150292700952115,0.004871565301379672
2023-12-27,0.0029052086261405654,0.003068334815667987
2023-12-28,-0.0016449092728908097,-0.0017304678901306739
2023-12-29,-0.002874392972455148,-0.003075260542730602
2024-01-02,-0.00024848540978251164,-0.0002550456734051634
2024-01-03,-0.005021083312139955,-0.005212447524732026
2024-01-04,-0.003824617680511959,-0.003969655699920375
2024-01-05,0.00024244355947587016,0.00025489477761645514
2024-01-08,0.007043444704389795,0.007319273765153653
2024-01-09,-0.004269543762554087,-0.004431799915837815
2024-01-10,0.0012420386720585499,0.0012932054239322877
2024-01-11,-0.0018807116510712527,-0.0019504602132410197
2024-01-12,0.0015716348671607878,0.0016355647047268003
2024-01-16,-0.008608148506826284,-0.008938420587347548
2024-01-17,-0.005986809639951822,-0.006215568614620146
2024-01-18,0.003180383741616351,0.0033066057043102974
2024-01-19,0.005916748200472236,0.00614893803744847
2024-01-22,0.0013257471111309733,0.001380157630114934
2024-01-23,0.0019498967185938745,0.0020284693114270293
2024-01-24,-0.0035084551360996,-0.003641255993609343
2024-01-25,0.007305707104181729,0.007591677968796589
2024-01-26,0.001275459126502875,0.001327916760262433
2024-01-29,0.006578544579066002,0.006836375466638269
2024-01-30,0.0023691703575668345,0.002463988954340056
2024-01-31,-0.010748654610860808,-0.01012933794756564
2024-02-01,0.014184568466103031,0.01330073035518748
2024-02-02,0.0015309160093384734,0.0014311173478767187
2024-02-05,-0.010319650672219008,-0.009685132026174681
2024-02-06,0.005468446837471799,0.00512468677568854
2024-02-07,0.0043580827830656445,0.004083115631316407
2024-02-08,-8.759001065226365e-05,-8.708618337197011e-05
2024-02-09,-2.6586218719285297e-05,-2.98550210738592e-05
2024-02-12,0.0033127124518254397,0.0031025215974034392
2024-02-13,-0.014871336277431094,-0.013954774569650764
2024-02-14,0.007476192261547279,0.007008018957864058
2024-02-15,0.011504474637751925,0.010786687367215091
2024-02-16,-0.0030825208143455173,-0.0028964342526234597
2024-02-20,-0.0021882986459979777,-0.0020576157900673376
2024-02-21,0.0036853925679931026,0.003452103537890057
2024-02-22,0.010060222924692242,0.009431932812493223
2024-02-23,0.0030667503520038896,0.002871814080764359
2024-02-26,-0.004878990624696737,-0.00458158757423096
2024-02-27,0.0020763780860235032,0.0019427954457056276
2024-02-28,0.0006634032109108927,0.0006173830559538726
2024-02-29,0.0037193852329468063,0.0035099371169002355
2024-03-01,0.006715964670625885,0.006473973627328257
2024-03-04,0.000376852802890471,0.00036060889477845077
2024-03-05,-0.003296051465094121,-0.003181493465271166
2024-03-06,0.005623504657128513,0.0054204171771134475
2024-03-07,0.00750797917164475,0.007237778052949321
2024-03-08,-0.0020710871005192796,-0.002000158159551848
2024-03-11,0.0018052780883205583,0.0017381607535068484
2024-03-12,0.0020317046076010264,0.0019565199282344826
2024-03-13,0.002656076325613499,0.0025586576715083
2024-03-14,-0.004894032473009447,-0.004722580896636915
2024-03-15,-0.003419008910902647,-0.003300079069033062
2024-03-18,0.004663833698908401,0.0044949168981373135
2024-03-19,0.005013366031974589,0.004832002916163664
2024-03-20,0.007135215781463867,0.006878291634906387
2024-03-21,0.0030302668231399384,0.0029195255507366335
2024-03-22,-0.0028584496561000925,-0.0027594776043048165
2024-03-25,-0.0014177423005913622,-0.0013700825039734822
2024-03-26,-0.0013223167172912416,-0.0012780501650764275
2024-03-27,0.012222732947958658,0.011784634106145818
2024-03-28,0.002924915679992499,0.0024611784512767266
2024-04-01,-0.0036033269586520297,-0.0031728331600721373
2024-04-02,-0.003431258783218932,-0.003021782082376887
2024-04-03,0.001882969591519588,0.001643244470703862
2024-04-04,-0.008646813676683704,-0.007600185504018764
2024-04-05,0.008060208447210983,0.007065849242527757
2024-04-08,0.0012216883116403102,0.001062749098479544
2024-04-09,0.003225551486648212,0.0028218162446963504
2024-04-10,-0.012992938013759172,-0.011415382331995306
2024-04-11,0.003287399033245056,0.002876106474934364
2024-04-12,-0.013939011267613053,-0.012245871532881971
2024-04-15,-0.008238082402207173,-0.007241389102269334
2024-04-16,-0.0049213557851107296,-0.004329843597786405
2024-04-17,0.00032509874721379996,0.0002756904966036717
2024-04-18,-0.0006963234003533657,-0.0006209548770354706
2024-04-19,0.0017465361440076447,0.0015234778607896883
2024-04-22,0.0034349001488338483,0.0030055821792221793
2024-04-23,0.007227364588961653,0.006334750540173287
2024-04-24,0.0007802874215119701,0.0006752682111646431
2024-04-25,-0.0034747962580595915,-0.0030600003084458
2024-04-26,0.0037779072339476664,0.0033066930309949244
2024-04-29,0.005861071415809685,0.005135371460734543
2024-04-30,-0.015682037521287783,-0.014718698149838984
2024-05-01,0.0003060629068794184,0.0002802165369859981
2024-05-02,0.00525942268752445,0.004901372773211526
2024-05-03,0.007704438479253429,0.007182412964260487
2024-05-06,0.008534755853724903,0.007957043147959964
2024-05-07,0.0035218767074480135,0.0032803569053694182
2024-05-08,-0.000956063163858659,-0.0008972678684487246
2024-05-09,0.009456823626953988,0.008817272099894372
2024-05-10,0.0007662381867752188,0.0007095269371270389
2024-05-13,-0.0020930701477715093,-0.001958019359336332
2024-05-14,0.003872898622480102,0.0036078382397125687
2024-05-15,0.00937987894577721,0.008745489930638568
2024-05-16,-0.001983618002144455,-0.0018559078731716764
2024-05-17,0.003934643110254321,0.003665439236164343
2024-05-20,-0.0017945359587816213,-0.0016795060935507764
2024-05-21,0.002225127416144512,0.002070575935142867
2024-05-22,-0.0064307829866821365,-0.0060048199529443005
2024-05-23,-0.013074289469568408,-0.012202775805283343
2024-05-24,0.005755970913204887,0.005364619604727545
2024-05-28,-0.0035505670338598833,-0.0033177697309539965
2024-05-29,-0.010923957694750814,-0.010196657351375291
2024-05-30,0.0027737544593432637,0.002582408947264973
2024-05-31,0.011092096880786023,0.010618363491275411
2024-06-03,-0.001990579172043784,-0.0019212867580792395
2024-06-04,-0.0005863227306152697,-0.0005679421048480318
2024-06-05,0.00646107128986929,0.0062239567325459945
2024-06-06,0.0004573407964946492,0.0004378832129338534
2024-06-07,-0.0076407874194778175,-0.007366660815001329
2024-06-10,0.002695981935579781,0.002595364519058804
2024-06-11,3.441553051122676e-05,3.029232134666159e-05
2024-06-12,0.0016932707544740602,0.001629007496444007
2024-06-13,-0.0006356618905422177,-0.0006154920834809065
2024-06-14,-0.0008641764429135579,-0.0008357219629862764
2024-06-17,0.004078463881169067,0.003927725091764976
2024-06-18,0.001943225488196382,0.0018698997596109982
2024-06-20,0.002931283285820805,0.002822134651710864
2024-06-21,-0.001504978448744951,-0.0014532949849432137
2024-06-24,0.004974884413182391,0.00479164766926101
2024-06-25,-0.0021086893748861646,-0.0020351185763676414
2024-06-26,-0.003555622216572585,-0.0034295959646001234
2024-06-27,0.0019114407239959816,0.001839267369701377
2024-06-28,-0.005523431760360982,-0.004468576073675922
2024-07-01,-0.005542195597059348,-0.0043945361102008685
2024-07-02,0.007056656222943893,0.005557483458486349
2024-07-03,0.005610279452982042,0.004414969973842639
2024-07-05,0.005999051400047106,0.004722066771544176
2024-07-08,-0.0020074398352422054,-0.0016023796079850487
2024-07-09,-0.0008529769572552691,-0.0006904525303326949
2024-07-10,0.009509987062334434,0.007495405089175683
2024-07-11,0.004498074242418405,0.003536422106813826
2024-07-12,0.00639013924893935,0.005030991667902317
2024-07-15,-0.0006002374285569039,-0.0004908112576047123
2024-07-16,0.015071492579137882,0.011888521094032123
2024-07-17,-0.005721182587366679,-0.004535920129030039
2024-07-18,-0.008688400982313977,-0.006879769524368604
2024-07-19,-0.009038723146575016,-0.007156494194001695
2024-07-22,0.00660627325485263,0.005201718806564591
2024-07-23,-0.003204340011828684,-0.0025478283228018627
2024-07-24,-0.01591414459753675,-0.012587490730061893
2024-07-25,-0.0018585766261223673,-0.0014847909259610393
2024-07-26,0.014536794465508941,0.011466154457755942
2024-07-29,0.0021325686816372263,0.0016678745223211223
2024-07-30,0.0013439027088900856,0.0010448948689386057
2024-07-31,0.011229536420239326,0.010462469793079531
2024-08-01,-0.006800577509028239,-0.006331900749906157
2024-08-02,-0.011731636145948314,-0.010919111182617068
2024-08-05,-0.02330836771483309,-0.021688588698156132
2024-08-06,0.005598157045245816,0.005202257087893011
2024-08-07,-0.005719050469191238,-0.005325790767545617
2024-08-08,0.017386227261651482,0.016168335899872537
2024-08-09,0.003934035362372868,0.0036541778978703707
2024-08-12,7.343341510790679e-05,6.277919035252276e-05
2024-08-13,0.010249009297700113,0.009528803286305107
2024-08-14,0.0018890633274569937,0.0017518030222899122
2024-08-15,0.011532583126240361,0.010722871456587662
2024-08-16,0.0042152646114898135,0.003915796971790596
2024-08-19,0.007225986472944577,0.006716578032920569
2024-08-20,-0.0019421490663831965,-0.0018122545931353773
2024-08-21,0.004826665443710196,0.004484563712850288
2024-08-22,-0.00607528021111849,-0.005657180770040149
2024-08-23,0.010353084637521047,0.00962562113939847
2024-08-26,0.0009257294228592138,0.0008556430268157812
2024-08-27,-0.0005361644424530281,-0.000504311335021753
2024-08-28,-0.004533566801554799,-0.004222971630884059
2024-08-29,0.0024708993411647127,0.0022930667947228204
2024-08-30,0.005454010715088426,0.005851066993576685
2024-09-03,-0.01063850941851953,-0.011402640179873838
2024-09-04,0.00037225643428731884,0.00040493945656170315
2024-09-05,-0.002475573459687861,-0.002648978882257762
2024-09-06,-0.011194618104105014,-0.011998993409088023
2024-09-09,0.008865765279583025,0.009513095869068589
2024-09-10,0.0016415411596981885,0.0017660782629199505
2024-09-11,0.001958217946751761,0.0021056714928333773
2024-09-12,0.006968055157792401,0.00747805442468126
2024-09-13,0.006526885310416968,0.007004958703125524
2024-09-16,0.005466239092352803,0.0058675567806277884
2024-09-17,-0.00030300058750273233,-0.0003191848088194135
2024-09-18,-0.0041249900453160125,-0.004417759548176674
2024-09-19,0.00952092821390744,0.010215670710951849
2024-09-20,0.0009160237217242594,0.0009880569959777696
2024-09-23,0.004090873033225902,0.004392659706652276
2024-09-24,0.002434186101114259,0.0026160840237181805
2024-09-25,-0.004513322818606285,-0.004834194158421639
2024-09-26,0.0030792086959022975,0.003307784921267582
2024-09-27,0.0021882182094848427,0.002352315751303732
2024-09-30,0.0008596651549116018,0.0009271178840959848
2024-10-01,0.0003749027485928183,0.0003728009506391579
2024-10-02,-0.0015489595247337009,-0.0015421601522413457
2024-10-03,-0.003858616197369476,-0.0038411302058653585
2024-10-04,0.004946234822913878,0.004922980921124411
2024-10-07,-0.008338360684082618,-0.008300146900450904
2024-10-08,0.0016048140956191168,0.0015970217248033364
2024-10-09,0.003660277104278447,0.0036429735129339114
2024-10-10,-0.001728582408604888,-0.001720951604032715
2024-10-11,0.006819743372321475,0.0067878211856175165
2024-10-14,0.004996904665964708,0.004973416922689251
2024-10-15,-0.0034204021546317344,-0.0034049424674194666
2024-10-16,0.005903917324789084,0.005876232967291074
2024-10-17,-0.002301484106846066,-0.0022912029080799936
2024-10-18,0.0035474979736025143,0.0035307168003037384
2024-10-21,-0.0060793012463509054,-0.006051540195019609
2024-10-22,-0.0010388332320350386,-0.00103439360101297
2024-10-23,-0.005159617915010336,-0.0051361119674884215
2024-10-24,0.0015324178039994828,0.001524960576813905
2024-10-25,-0.003609788098267289,-0.0035934530272303975
2024-10-28,0.002775934756456655,0.00276272328014299
2024-10-29,-0.002811403110519215,-0.0027987616936810352
2024-10-30,9.201918764075351e-05,9.122625501257082e-05
2024-10-31,-0.010181942669069704,-0.008764125376500261
2024-11-01,-0.0012588138748619777,-0.0010831713484722168
2024-11-04,0.0005884234397933421,0.0004889769867086499
2024-11-05,0.010979301379270272,0.009332451531809262
2024-11-06,0.014299643149168498,0.012158328576818813
2024-11-07,0.006063133801429402,0.005148397112588297
2024-11-08,0.006823059260631305,0.005795154570528376
2024-11-11,0.0006178549724324358,0.0005140249985776658
2024-11-12,-0.008868948741274741,-0.0075600095993758965
2024-11-13,-0.0004523616895678908,-0.00039681559094624
2024-11-14,-0.006013835869212457,-0.0051300779902248295
2024-11-15,-0.007791956931616094,-0.006643402477333775
2024-11-18,0.007966750723135163,0.006768528148685913
2024-11-19,0.0014657462489908453,0.0012356494768799332
2024-11-20,0.0025382569766653406,0.002148442164109954
2024-11-21,0.009562667086846267,0.008126781464698316
2024-11-22,0.006086607622800046,0.005168374786838427
2024-11-25,0.003041117926774934,0.002576417853939079
2024-11-26,0.0028891810461658266,0.0024471069282847283
2024-11-27,-0.00037709119322812634,-0.0003327538669337585
2024-11-29,0.006667191043341988,0.00544712895723032
2024-12-02,-0.003300941840808702,-0.002833177636513547
2024-12-03,-0.0029334554438828725,-0.002519049404579127
2024-12-04,0.0007016979617641307,0.0005882900408903343
2024-12-05,-0.002709067910346386,-0.0023272422429929302
2024-12-06,-0.0011162975503503556,-0.0009657376687388872
2024-12-09,-0.006467791366393348,-0.005540209323353738
2024-12-10,-0.0014222575659773988,-0.0012272732150525058
2024-12-11,0.0016356559219409495,0.0013866394982441563
2024-12-12,-0.006949591542928791,-0.005952053615461824
2024-12-13,-0.004524463653845894,-0.0038790476250911425
2024-12-16,-0.002388937433680261,-0.0020535936535089417
2024-12-17,-0.004668199575273632,-0.004001913261302773
2024-12-18,-0.029737622282429963,-0.025431324427566734
2024-12-19,-0.004410193844484423,-0.0037813694749578245
2024-12-20,0.011589594088814386,0.009895293136827948
2024-12-23,0.0018327723379254705,0.001555135032777175
2024-12-24,0.009480135554764476,0.008092122193308647
2024-12-26,0.0004806416939622948,0.00039933026651719074
2024-12-27,-0.008502794186304192,-0.007279735427072837
2024-12-30,-0.009336949684174815,-0.007992773585770406
2024-12-31,-2.1120191141105264e-05,0.00017213437211436016
2025-01-02,0.0003994845869997899,0.0004086062198816763
2025-01-03,0.0063035080454658995,0.006425094943846471
2025-01-06,-0.0003533043377447982,-0.0003585226395278581
2025-01-07,-0.004253922522339946,-0.004333443640797871
2025-01-08,0.0018565400330673451,0.001893417026394669
2025-01-10,-0.009006939242591142,-0.009177000144864582
2025-01-13,0.0042138046978452155,0.004295584853327052
2025-01-14,0.004064204280478187,0.0041431348481224895
2025-01-15,0.012776371791974108,0.013021260223210885
2025-01-16,0.00506320545078558,0.005161166038907449
2025-01-17,0.005048154165120855,0.00514582797136648
2025-01-21,0.009971412036919133,0.010162868963673103
2025-01-22,-0.0028130363526720423,-0.0028651098640880687
2025-01-23,0.0038651525984692717,0.003940291363595256
2025-01-24,0.0005683842400262106,0.0005807233042925477
2025-01-27,-0.0017741882815481948,-0.0018064727995248104
2025-01-28,-0.00148698724974387,-0.001513800870494601
2025-01-29,-0.0015153754821184934,-0.0015427300324477307
2025-01-30,0.008873333059282631,0.009043872647317262
2025-01-31,-0.006668037952918796,-0.0065500747459299605
2025-02-03,-0.000377795507113454,-0.0003700451034519183
2025-02-04,0.00409259157023693,0.00398424445225129
2025-02-05,0.004642897122950715,0.004520258528963798
2025-02-06,-4.098437861577294e-05,-4.198110526945642e-05
2025-02-07,-0.0055170397279851275,-0.00537582153584523
2025-02-10,0.0067691602568289155,0.006591301731601372
2025-02-11,0.0007710686267659667,0.0007489824733924492
2025-02-12,-0.005065866722366745,-0.004936365615640074
2025-02-13,0.009908513373457538,0.009649124954236721
2025-02-14,-0.0023089225915157515,-0.0022510202620449875
2025-02-18,0.004871243452465377,0.004742674391491956
2025-02-19,0.0022002524727428737,0.0021410500264090406
2025-02-20,-0.002249540995908566,-0.002193180770961576
2025-02-21,-0.010312996400624053,-0.010047225357160296
2025-02-24,-0.00025323332862986486,-0.00024871788591601424
2025-02-25,-0.0010540435036281042,-0.0010287306419618156
2025-02-26,-0.0015641657618419673,-0.0015256049117087812
2025-02-27,-0.009381102240281117,-0.009139533160740248
2025-02-28,0.012779246705743881,0.012119167736383784
2025-03-03,-0.009145694064201092,-0.008756238255870541
2025-03-04,-0.013129339836324489,-0.012568761595360979
2025-03-05,0.006493024224984901,0.0062106988748547405
2025-03-06,-0.01119891433216735,-0.010721260013951104
2025-03-07,0.005471988735578198,0.005233523238426049
2025-03-10,-0.013359055857851104,-0.012788609845321467
2025-03-11,-0.008609337493845825,-0.008242921679054011
2025-03-12,-0.0009379106897353158,-0.0009010308038582168
2025-03-13,-0.005880437513039305,-0.005631244973873216
2025-03-14,0.015238537504933659,0.014580537446211827
2025-03-17,0.009601362668027096,0.009185514706436533
2025-03-18,-0.005367973801725779,-0.005140794877172456
2025-03-19,0.008664183994061776,0.008288593740362282
2025-03-20,-0.0016977236925935111,-0.0016282050516386011
2025-03-21,-0.0031703987715242386,-0.003037619527288253
2025-03-24,0.011064370285557366,0.010585676885406662
2025-03-25,-4.006250458678598e-05,-4.175080655921548e-05
2025-03-26,-0.0030506718656725836,-0.0029230356592308718
2025-03-27,-0.0006260466270180279,-0.0006025631817687508
2025-03-28,-0.010913249251403306,-0.010447865874060892
2025-03-31,0.008203788228887477,0.00913361172271375
2025-04-01,0.001741018866239498,0.0019554952468446344
2025-04-02,0.004860057798021136,0.005442017112239941
2025-04-03,-0.030134116179149937,-0.0336751455874471
2025-04-04,-0.04610163238595721,-0.05152394325174182
2025-04-07,-0.009059131852664526,-0.010117121783758624
2025-04-08,-0.012531503805328598,-0.013998606034214049
2025-04-09,0.06083163088069685,0.06800812137467299
2025-04-10,-0.0228311447906102,-0.02551174336798503
2025-04-11,0.014105900281698875,0.01577719824123937
2025-04-14,0.007651874303594989,0.008562763478000718
2025-04-15,-0.001452983581841095,-0.0016148223220439025
2025-04-16,-0.00790908608139002,-0.00883157821301179
2025-04-17,0.004109304807266952,0.004602810864501928
2025-04-21,-0.014961116631061748,-0.016714474059828916
2025-04-22,0.017128027985190215,0.019155390835717313
2025-04-23,0.005812380016301104,0.006506541260426021
2025-04-24,0.013106957084961181,0.014660560287575407
2025-04-25,0.001437415361879474,0.0016161213865196846
2025-04-28,0.003317212565666336,0.0037173949804942237
2025-04-29,0.004464168372527663,0.004999484290146928
2025-04-30,-0.0013798992057039283,-0.0026947287711243354
2025-05-01,-0.0012698791831165322,-0.0024603933254991397
2025-05-02,0.005499309492056919,0.011077983970001598
2025-05-05,-0.0011347974310816048,-0.0021902297322804014
2025-05-06,-0.0010440288661312139,-0.0020086925910211485
2025-05-07,0.0008723143527071691,0.0018239937717794393
2025-05-08,0.0007771544063474292,0.0016336738041027427
2025-05-09,0.00014421770999183844,0.00036780050401432756
2025-05-12,0.008058365785930284,0.016196096499765257
2025-05-13,0.0006806228086662085,0.001440610672625132
2025-05-14,-0.0029636913769098125,-0.005848017694932018
2025-05-15,0.004757774273794346,0.009594913639979826
2025-05-16,0.0032999936681712082,0.00667935238532462
2025-05-19,0.0006849430168850502,0.0014492511302624973
2025-05-20,-0.0005054649010803103,-0.0009315647022793078
2025-05-21,-0.0074832140874717505,-0.014887063067429854
2025-05-22,-0.0014990395090666926,-0.002918713921856514
2025-05-23,0.0002797028383419071,0.0006387707883678123
2025-05-27,0.006467249379861464,0.01301386380528179
2025-05-28,-0.003559568139372767,-0.007039771181419282
2025-05-29,0.0017783064080144754,0.0036359779133866748
2025-05-30,0.00017603586887002931,-0.00021929090704571048
2025-06-02,0.0023100445542742223,0.0045368595527926605
2025-06-03,0.0017059896318592253,0.0033698544383962397
2025-06-04,-0.0006912862260125807,-0.001261567279167701
2025-06-05,-0.002389778284234598,-0.00454297241993614
2025-06-06,0.002786083581971822,0.005456544022614971
2025-06-09,0.0002797668846796064,0.0006144606349758769
2025-06-10,0.003021131244202201,0.005910644881928842
2025-06-11,-0.00017670054737921285,-0.0002674125290044929
2025-06-12,0.002193165857441651,0.004311055573199706
2025-06-13,-0.0033541821001063705,-0.006406154274302895
2025-06-16,0.0015194527341270822,0.003009474092896706
2025-06-17,-0.0029600123938639234,-0.005644637295907693
2025-06-18,-0.0006750719316838445,-0.0012302420972549089
2025-06-20,-4.31302337120399e-05,-9.361110714956118e-06
2025-06-23,0.003729049686091772,0.007278309341806971
2025-06-24,0.002590955057779282,0.005079565159907464
2025-06-25,-0.0022718716631248788,-0.004315182471985583
2025-06-26,0.0035509996316772305,0.006934325149600344
2025-06-27,0.0005753784430987304,0.001185567923009488
2025-06-30,0.0029564494512331146,0.004219379770158602
2025-07-01,0.003960856026490849,0.005938523817330176
2025-07-02,0.001607048909962168,0.0024325400074674546
2025-07-03,0.0020023818431190326,0.0030213864054121557
2025-07-07,-0.0044458013145584506,-0.006583149763284755
2025-07-08,-0.00023666847632285105,-0.000313667722627643
2025-07-09,0.0026159261940025135,0.003935257658653296
2025-07-10,0.0026840760262751206,0.004036766461383754
2025-07-11,-0.002664853773434947,-0.003930437421082153
2025-07-14,0.00031507582445377104,0.0005081526480726962
2025-07-15,-0.00697515159840374,-0.01035060420370236
2025-07-16,0.0019222649596698916,0.0029020527444738476
2025-07-17,0.0025540818614848268,0.003843140804516312
2025-07-18,0.00037431735318518546,0.0005963926232497354
2025-07-21,0.001525472852409747,0.0023110329368161387
2025-07-22,0.004714158519010814,0.00706056407795488
2025-07-23,0.0029859099446627943,0.004486346518606511
2025-07-24,-0.0019106957816480714,-0.0028071229088382802
2025-07-25,0.0018043291132948491,0.002726387893896033
2025-07-28,-0.0027933518364487027,-0.004121834640486293
2025-07-29,0.00028145698718012846,0.0004580775959798424
2025-07-30,-0.0038627122076167453,-0.00571464149484201
2025-07-31,-0.004130711617709195,-0.004812301516979027
2025-08-01,-0.005216332349096073,-0.006047307155752153
2025-08-04,0.009005528486109252,0.010475134519475092
2025-08-05,-0.0018078682833354998,-0.002087477358394776
2025-08-06,0.00016349627005985995,0.00020278242093829072
2025-08-07,-0.0001986260442848859,-0.00021791812994835475
2025-08-08,0.002706434334887289,0.0031570755536158394
2025-08-11,-0.0021679635540325076,-0.0025058229816912977
2025-08-12,0.006541965066078317,0.0076130559377441676
2025-08-13,0.006440288888626289,0.00749493226336432
2025-08-14,-0.0031639620636682506,-0.003662937909248505
2025-08-15,-0.0011857162712507869,-0.0013459447074712326
