Date,scaler,sigma,target
2018-06-20,2.0,0.0,0.1
2018-06-21,2.0,0.0,0.1
2018-06-22,2.0,0.0,0.1
2018-06-25,2.0,0.0,0.1
2018-06-26,2.0,0.0,0.1
2018-06-27,2.0,0.0,0.1
2018-06-28,2.0,0.0,0.1
2018-06-29,2.0,0.0,0.1
2018-07-02,2.0,0.0,0.1
2018-07-03,2.0,0.0,0.1
2018-07-05,2.0,0.0,0.1
2018-07-06,2.0,0.0,0.1
2018-07-09,2.0,0.0,0.1
2018-07-10,2.0,0.0,0.1
2018-07-11,2.0,0.0,0.1
2018-07-12,2.0,0.0,0.1
2018-07-13,2.0,0.0,0.1
2018-07-16,2.0,0.0,0.1
2018-07-17,2.0,0.0,0.1
2018-07-18,2.0,0.0,0.1
2018-07-19,2.0,0.0,0.1
2018-07-20,2.0,0.0,0.1
2018-07-23,2.0,0.0,0.1
2018-07-24,2.0,0.0,0.1
2018-07-25,2.0,0.0,0.1
2018-07-26,2.0,0.0,0.1
2018-07-27,2.0,0.0,0.1
2018-07-30,2.0,0.0,0.1
2018-07-31,2.0,0.0,0.1
2018-08-01,2.0,0.0,0.1
2018-08-02,2.0,0.0,0.1
2018-08-03,2.0,0.0,0.1
2018-08-06,2.0,0.0,0.1
2018-08-07,2.0,0.0,0.1
2018-08-08,2.0,0.0,0.1
2018-08-09,2.0,0.0,0.1
2018-08-10,2.0,0.0,0.1
2018-08-13,2.0,0.0,0.1
2018-08-14,2.0,0.0,0.1
2018-08-15,2.0,0.0,0.1
2018-08-16,2.0,0.0,0.1
2018-08-17,2.0,0.0,0.1
2018-08-20,2.0,0.0,0.1
2018-08-21,2.0,0.0,0.1
2018-08-22,2.0,0.0,0.1
2018-08-23,2.0,0.0,0.1
2018-08-24,2.0,0.0,0.1
2018-08-27,2.0,0.0,0.1
2018-08-28,2.0,0.0,0.1
2018-08-29,2.0,0.0,0.1
2018-08-30,2.0,0.0,0.1
2018-08-31,2.0,0.005740702849435493,0.1
2018-09-04,2.0,0.009886666916793758,0.1
2018-09-05,2.0,0.009896553422790947,0.1
2018-09-06,2.0,0.010901289209007386,0.1
2018-09-07,2.0,0.01370896562471546,0.1
2018-09-10,2.0,0.014505273624307568,0.1
2018-09-11,2.0,0.015364341603790558,0.1
2018-09-12,2.0,0.015893561711921633,0.1
2018-09-13,2.0,0.018942211110660002,0.1
2018-09-14,2.0,0.018862896332712837,0.1
2018-09-17,2.0,0.01943180586376952,0.1
2018-09-18,2.0,0.020811236336399,0.1
2018-09-19,2.0,0.02049562982453334,0.1
2018-09-20,2.0,0.028033164791835288,0.1
2018-09-21,2.0,0.027624776259279477,0.1
2018-09-24,2.0,0.03000136808063525,0.1
2018-09-25,2.0,0.030086910739564047,0.1
2018-09-26,2.0,0.03068633370024629,0.1
2018-09-27,2.0,0.030358224379621695,0.1
2018-09-28,2.0,0.029884952839457524,0.1
2018-10-01,2.0,0.030015354599372344,0.1
2018-10-02,2.0,0.03034359851450806,0.1
2018-10-03,2.0,0.0305757044432951,0.1
2018-10-04,2.0,0.033836907687316946,0.1
2018-10-05,2.0,0.03455449611692785,0.1
2018-10-08,2.0,0.0340210818722988,0.1
2018-10-09,2.0,0.034146846622181835,0.1
2018-10-10,1.3498196877562503,0.07408396907162162,0.1
2018-10-11,1.2007724238189872,0.08327972729583162,0.1
2018-10-12,1.1757844499921593,0.0850496024170645,0.1
2018-10-15,1.1913756469066041,0.08393658226911813,0.1
2018-10-16,1.0743189995912212,0.09308222235485926,0.1
2018-10-17,1.090535448168348,0.09169807379297845,0.1
2018-10-18,1.0604355063349389,0.09430087865090306,0.1
2018-10-19,1.0773849933079889,0.09281733142853726,0.1
2018-10-22,1.0826743004465995,0.09236388077074549,0.1
2018-10-23,1.085722511340298,0.0921045653521105,0.1
2018-10-24,0.9330796363593181,0.10717198843839217,0.1
2018-10-25,0.9069290466577177,0.11026220889994365,0.1
2018-10-26,0.873965016720953,0.11442105586238684,0.1
2018-10-29,0.8837110761426122,0.11315915653846816,0.1
2018-10-30,0.8502525841877687,0.11761210945983568,0.1
2018-10-31,0.8560479091215236,0.11681589188462595,0.1
2018-11-01,0.842924003589561,0.11863465694908873,0.1
2018-11-02,0.8498071054073745,0.117673763097171,0.1
2018-11-05,0.8538288109109955,0.11711949599511016,0.1
2018-11-06,0.859452399760125,0.11635315699614106,0.1
2018-11-07,0.8166565785906738,0.12245049219167829,0.1
2018-11-08,0.8275795980424061,0.1208342982796392,0.1
2018-11-09,0.8292692839429574,0.12058809114998967,0.1
2018-11-12,0.8015309513163296,0.12476124575822442,0.1
2018-11-13,0.8135602132109396,0.12291653202326899,0.1
2018-11-14,0.8226561786386111,0.12155746543530128,0.1
2018-11-15,0.8241934866597362,0.12133073315742479,0.1
2018-11-16,0.8327661734981633,0.12008172663874485,0.1
2018-11-19,0.819729847638199,0.12199141008238194,0.1
2018-11-20,0.7859667442965793,0.1272318462907709,0.1
2018-11-21,0.7970098031915086,0.1254689711463582,0.1
2018-11-23,0.8022490229154571,0.12464957531090473,0.1
2018-11-26,0.789416847925152,0.12667578638945065,0.1
2018-11-27,0.801750607364629,0.12472706485212665,0.1
2018-11-28,0.7656879792457113,0.13060150180039556,0.1
2018-11-29,0.7778876717565236,0.128553264990295,0.1
2018-11-30,0.7828993975026687,0.127730332043919,0.1
2018-12-03,0.7761782175616064,0.12883639058327845,0.1
2018-12-04,0.7102681037070816,0.14079190587057608,0.1
2018-12-06,0.7206353322906786,0.13876644055479587,0.1
2018-12-07,0.6988163503079329,0.14309911317320365,0.1
2018-12-10,0.7099807667268749,0.14084888589449546,0.1
2018-12-11,0.7213378561761226,0.13863129342761668,0.1
2018-12-12,0.7300960175734391,0.13696828580487522,0.1
2018-12-13,0.7415336011605478,0.13485565568909294,0.1
2018-12-14,0.7259588584139496,0.137748852901219,0.1
2018-12-17,0.7009206420830677,0.1426695035015801,0.1
2018-12-18,0.7118917353191843,0.1404707977894475,0.1
2018-12-19,0.7053729504142433,0.14176897475480618,0.1
2018-12-20,0.696073513985016,0.1436629867260725,0.1
2018-12-21,0.6796010229659486,0.14714515814525267,0.1
2018-12-24,0.6354887476165715,0.1573591985303507,0.1
2018-12-26,0.536423082780253,0.1864200166064913,0.1
2018-12-27,0.5404652108329417,0.18502578518584814,0.1
2018-12-28,0.5491024764243276,0.1821153687945188,0.1
2018-12-31,0.5548096104993198,0.18024201114685381,0.1
2019-01-02,0.5633330710280006,0.17751487555579618,0.1
2019-01-03,0.5556796499020492,0.1799598024106645,0.1
2019-01-04,0.522634292952964,0.19133838201658113,0.1
2019-01-07,0.5292130440109191,0.1889598170938824,0.1
2019-01-08,0.5340692088089531,0.18724165024045028,0.1
2019-01-09,0.5418882177138763,0.1845399045985555,0.1
2019-01-10,0.5499103368769721,0.18184782735293872,0.1
2019-01-11,0.5586918975419592,0.17898952972105658,0.1
2019-01-14,0.5656986420377162,0.1767725650529895,0.1
2019-01-15,0.5715863357343189,0.17495169801694027,0.1
2019-01-16,0.5805172693624507,0.17226016395657676,0.1
2019-01-17,0.5860297414447658,0.1706398036274839,0.1
2019-01-18,0.5872266881470425,0.17029198777654983,0.1
2019-01-22,0.5880140280156229,0.17006396996593953,0.1
2019-01-23,0.5973830073001686,0.16739679364490653,0.1
2019-01-24,0.6068225656120032,0.1647928169895038,0.1
2019-01-25,0.6121888498357773,0.16334828709609053,0.1
2019-01-28,0.6195519098764076,0.16140697559942746,0.1
2019-01-29,0.6292990727991317,0.1589069558853766,0.1
2019-01-30,0.6250834190742602,0.15997864756690972,0.1
2019-01-31,0.6275571334386525,0.15934804127244553,0.1
2019-02-01,0.6375984778758411,0.1568385174524725,0.1
2019-02-04,0.6462517013023824,0.15473847078231492,0.1
2019-02-05,0.6545719972828866,0.15277158267554633,0.1
2019-02-06,0.6638227557614915,0.15064262129020708,0.1
2019-02-07,0.6700405912497684,0.1492446895097485,0.1
2019-02-08,0.6804632919002558,0.14695869886050852,0.1
2019-02-11,0.6913475559390867,0.14464504740190448,0.1
2019-02-12,0.687365853423879,0.1454829324178442,0.1
2019-02-13,0.6978185573602144,0.14330372694342083,0.1
2019-02-14,0.7087367345987797,0.14109611526854274,0.1
2019-02-15,0.706183247547786,0.1416063045211692,0.1
2019-02-19,0.7156703045594982,0.13972914533816091,0.1
2019-02-20,0.7262491670982978,0.13769378958401615,0.1
2019-02-21,0.7341829082209218,0.13620584037065211,0.1
2019-02-22,0.7418935639377138,0.1347902244484164,0.1
2019-02-25,0.7537475102803528,0.13267042164133383,0.1
2019-02-26,0.7657170517977021,0.13059654315549893,0.1
2019-02-27,0.7774396782422744,0.12862734280052643,0.1
2019-02-28,0.7880615932664138,0.12689363477988172,0.1
2019-03-01,0.7989764416880123,0.12516013587175132,0.1
2019-03-04,0.8112755908299446,0.12326267563122269,0.1
2019-03-05,0.8240572796755894,0.1213507877017572,0.1
2019-03-06,0.833304194447006,0.12000419614635638,0.1
2019-03-07,0.8395700091466124,0.1191085900050739,0.1
2019-03-08,0.8528413924857963,0.11725509676368746,0.1
2019-03-11,0.8399220829774119,0.1190586627339447,0.1
2019-03-12,0.8499068275620961,0.1176599560764133,0.1
2019-03-13,0.855948193535632,0.11682950061140253,0.1
2019-03-14,0.867711623060307,0.11524566151057525,0.1
2019-03-15,0.8774305251853506,0.11396913730449001,0.1
2019-03-18,0.8887638251537597,0.11251583060629139,0.1
2019-03-19,0.9027629617100607,0.11077104870427426,0.1
2019-03-20,0.9171838478746642,0.1090293949590631,0.1
2019-03-21,0.9103683405381227,0.10984564768683583,0.1
2019-03-22,0.8743865363406371,0.11436589636719056,0.1
2019-03-25,0.8882512147636759,0.11258076356991592,0.1
2019-03-26,0.8926693120263578,0.11202356645710176,0.1
2019-03-27,0.9035285839808004,0.11067718473212682,0.1
2019-03-28,0.9169734934207776,0.10905440638959926,0.1
2019-03-29,0.9233381712253916,0.10830268163536097,0.1
2019-04-01,0.9221989320359876,0.10843647343987342,0.1
2019-04-02,0.936954894747846,0.10672872361365067,0.1
2019-04-03,0.9519071463015368,0.10505226312096924,0.1
2019-04-04,0.9624691065926547,0.10389943876123076,0.1
2019-04-05,0.970193942142513,0.10307217521804612,0.1
2019-04-08,0.9856613312103641,0.10145472570908594,0.1
2019-04-09,0.9959285635671111,0.10040880807939741,0.1
2019-04-10,1.0097178275211118,0.09903756997685488,0.1
2019-04-11,1.0256542118854386,0.09749874649875626,0.1
2019-04-12,1.0312769375026414,0.09696716406958716,0.1
2019-04-15,1.0473981065735303,0.09547468089964484,0.1
2019-04-16,1.0640077076060865,0.0939842815847549,0.1
2019-04-17,1.0791360472196745,0.09266672191856037,0.1
2019-04-18,1.0953399152726426,0.09129586040431008,0.1
2019-04-22,1.1127100379655093,0.0898706730307215,0.1
2019-04-23,1.112034221504705,0.08992529012703313,0.1
2019-04-24,1.1292612805882767,0.08855346563189173,0.1
2019-04-25,1.1455727992895806,0.08729257543651031,0.1
2019-04-26,1.151207781838031,0.0868652918939958,0.1
2019-04-29,1.1696088128972844,0.08549867177581028,0.1
2019-04-30,1.1835233214295389,0.08449347654528117,0.1
2019-05-01,1.1582492893336447,0.08633719953114001,0.1
2019-05-02,1.1706447429194449,0.08542301206650639,0.1
2019-05-03,1.145638540430916,0.08728756625312763,0.1
2019-05-06,1.156181089822422,0.08649164121457739,0.1
2019-05-07,1.1001621581691061,0.0908956913828234,0.1
2019-05-08,1.1155035310062564,0.08964561493569952,0.1
2019-05-09,1.1310399065457006,0.08841421016293682,0.1
2019-05-10,1.130725581152167,0.08843878803741553,0.1
2019-05-13,1.0194280213982811,0.09809422333009515,0.1
2019-05-14,1.0216700463381756,0.09787895843517734,0.1
2019-05-15,1.0289940473342565,0.09718229202497632,0.1
2019-05-16,1.0272057923745523,0.09735147595773758,0.1
2019-05-17,1.0321022949696503,0.09688962081315841,0.1
2019-05-20,1.0376855713813282,0.09636830534984094,0.1
2019-05-21,1.0323452053055102,0.09686682273145852,0.1
2019-05-22,1.0460415151845173,0.09559850020136193,0.1
2019-05-23,1.0332075167047132,0.09678597801817931,0.1
2019-05-24,1.0488101216531966,0.09534614315351389,0.1
2019-05-28,1.0397401203822105,0.09617787949092492,0.1
2019-05-29,1.0434780843138463,0.09583334954826236,0.1
2019-05-30,1.05759345905217,0.09455429129603486,0.1
2019-05-31,1.0465566198821228,0.0955514475760168,0.1
2019-06-03,1.056175627482322,0.09468122289318193,0.1
2019-06-04,0.9663104462255263,0.10348641100860158,0.1
2019-06-05,0.9699663017480347,0.10309636512091604,0.1
2019-06-06,0.9671369157656146,0.10339797640837338,0.1
2019-06-07,0.9596465179975945,0.1042050360466693,0.1
2019-06-10,0.9747970387892627,0.10258545730114654,0.1
2019-06-11,0.9903526164256252,0.10097413622323674,0.1
2019-06-12,1.0061646421061485,0.09938731278677769,0.1
2019-06-13,1.011431941942237,0.0988697270208528,0.1
2019-06-14,1.0275117676595953,0.09732248636701651,0.1
2019-06-17,1.0439498992828211,0.09579003749959514,0.1
2019-06-18,1.032865694773606,0.09681800887183016,0.1
2019-06-19,1.047288633264714,0.09548466088882289,0.1
2019-06-20,1.0116551391284534,0.09884791381196419,0.1
2019-06-21,1.0276664809259997,0.09730783464874031,0.1
2019-06-24,1.0439089983724732,0.09579379060426432,0.1
2019-06-25,1.0450034947267837,0.09569345988277773,0.1
2019-06-26,1.056350183426916,0.0946655773519999,0.1
2019-06-27,1.0684247634909048,0.09359573403490407,0.1
2019-06-28,1.0707846315656284,0.09338946138383292,0.1
2019-07-01,1.0821442170125959,0.09240912479859976,0.1
2019-07-02,1.0902692178118876,0.09172046533671262,0.1
2019-07-03,1.084167192907267,0.09223669619797599,0.1
2019-07-05,1.0957114907543832,0.09126490033535314,0.1
2019-07-08,1.1046594343868816,0.09052563793609651,0.1
2019-07-09,1.122331884281393,0.08910020413794806,0.1
2019-07-10,1.1303336247125375,0.0884694552242765,0.1
2019-07-11,1.1482650552444067,0.0870879067017459,0.1
2019-07-12,1.1530216659998136,0.08672863914771933,0.1
2019-07-15,1.1714271507234946,0.0853659571901148,0.1
2019-07-16,1.1831459002005082,0.08452042979910843,0.1
2019-07-17,1.1942488931561548,0.08373463904640557,0.1
2019-07-18,1.2025278307580634,0.08315815854088038,0.1
2019-07-19,1.2016171786337297,0.08322118040431364,0.1
2019-07-22,1.2200798302524822,0.0819618499711663,0.1
2019-07-23,1.2225645876403253,0.0817952695595496,0.1
2019-07-24,1.2319720500505804,0.08117067265924933,0.1
2019-07-25,1.2342331550415462,0.08102196865440213,0.1
2019-07-26,1.2333474456207079,0.08108015332992637,0.1
2019-07-29,1.2525936623738598,0.07983434932161836,0.1
2019-07-30,1.27261875270127,0.07857812859329573,0.1
2019-07-31,1.2282717360335,0.08141520892024547,0.1
2019-08-01,1.2392026048867388,0.08069705438453291,0.1
2019-08-02,1.2377754580815432,0.08079009754725006,0.1
2019-08-05,1.024811956395637,0.09757887715489746,0.1
2019-08-06,0.9939598361370664,0.10060768691483633,0.1
2019-08-07,1.0066167935384018,0.09934267006264194,0.1
2019-08-08,0.9304032465965775,0.10748027843389499,0.1
2019-08-09,0.9339837185499456,0.10706824756565864,0.1
2019-08-12,0.9322449512958507,0.10726794482608543,0.1
2019-08-13,0.9176026328536598,0.10897963499626107,0.1
2019-08-14,0.8135490170149944,0.1229182236208847,0.1
2019-08-15,0.8232981803737268,0.12146267583708997,0.1
2019-08-16,0.8126883093747945,0.12304840471610887,0.1
2019-08-19,0.8129224038194496,0.12301297089384935,0.1
2019-08-20,0.8215891977764069,0.12171532959615994,0.1
2019-08-21,0.8283686657266944,0.1207191968231609,0.1
2019-08-22,0.8412555603277825,0.11886994240018636,0.1
2019-08-23,0.7882286546620519,0.12686674026444061,0.1
2019-08-26,0.7888049285063053,0.12677405577239703,0.1
2019-08-27,0.8014146905050805,0.12477934480708906,0.1
2019-08-28,0.8067463166204129,0.12395470290947931,0.1
2019-08-29,0.8017215019879887,0.12473159289358587,0.1
2019-08-30,0.8145184385282958,0.12277192911763173,0.1
2019-09-03,0.8262299761144342,0.12103167748799984,0.1
2019-09-04,0.8195910297863057,0.12201207232108591,0.1
2019-09-05,0.8272851927957,0.12087729947403426,0.1
2019-09-06,0.840329956579522,0.11900087485520554,0.1
2019-09-09,0.8537164292234785,0.11713491339385115,0.1
2019-09-10,0.8673691992343121,0.11529115869952156,0.1
2019-09-11,0.8720121092391533,0.11467730658838196,0.1
2019-09-12,0.8850520612967083,0.11298770363122809,0.1
2019-09-13,0.8982560614093469,0.11132683017257004,0.1
2019-09-16,0.9125943398860271,0.10957771227519217,0.1
2019-09-17,0.9253412902206073,0.1080682349926905,0.1
2019-09-18,0.9401476588493438,0.10636627029672234,0.1
2019-09-19,0.9550912364136743,0.10470203912193313,0.1
2019-09-20,0.9700536098544534,0.1030870860992971,0.1
2019-09-23,0.9855062916060018,0.10147068654126794,0.1
2019-09-24,0.994482237680729,0.10055483769445087,0.1
2019-09-25,1.0097291067690826,0.09903646367091333,0.1
2019-09-26,1.0247660154029026,0.09758325168568696,0.1
2019-09-27,1.035599353972747,0.09656243953453801,0.1
2019-09-30,1.0500827115746243,0.09523059364537827,0.1
2019-10-01,1.0186204587747023,0.09817199246153953,0.1
2019-10-02,0.9595703324352476,0.10421330945717631,0.1
2019-10-03,0.957600253955057,0.10442770831250563,0.1
2019-10-04,0.9313034201525849,0.10737639080463807,0.1
2019-10-07,0.9370193487303825,0.10672138215234865,0.1
2019-10-08,0.9085742548267065,0.11006255071477139,0.1
2019-10-09,0.9089361389314562,0.11001873037808776,0.1
2019-10-10,0.919710923930589,0.10872981650867838,0.1
2019-10-11,0.9184939392283713,0.10887388117553636,0.1
2019-10-14,0.9328773290002981,0.10719523016725391,0.1
2019-10-15,0.9391009249846706,0.10648482749778183,0.1
2019-10-16,0.9540159440271194,0.10482005109671139,0.1
2019-10-17,0.9671900994443312,0.10339229077867099,0.1
2019-10-18,0.9794592779084319,0.10209714916738871,0.1
2019-10-21,0.9888945050919542,0.10112302119698938,0.1
2019-10-22,1.004717771576642,0.09953043812798905,0.1
2019-10-23,1.0159619302990686,0.09842888499824302,0.1
2019-10-24,1.031990007441563,0.09690016306254065,0.1
2019-10-25,1.0455377910368195,0.09564455809945795,0.1
2019-10-28,1.062115879444266,0.09415168526839397,0.1
2019-10-29,1.079015619470875,0.09267706434966877,0.1
2019-10-30,1.0910750903723638,0.09165272022283255,0.1
2019-10-31,1.1083460537070362,0.09022452840025406,0.1
2019-11-01,1.0930697121640585,0.0914854733299856,0.1
2019-11-04,1.107409917487507,0.09030079866620676,0.1
2019-11-05,1.1210568035014077,0.08920154597667936,0.1
2019-11-06,1.1389340455574395,0.0878013967446693,0.1
2019-11-07,1.1568424181010735,0.08644219682413391,0.1
2019-11-08,1.1753461937123715,0.08508131522011107,0.1
2019-11-11,1.1902517663891574,0.08401583834936702,0.1
2019-11-12,1.206455455242747,0.08288743655262375,0.1
2019-11-13,1.2249610768597035,0.08163524693891408,0.1
2019-11-14,1.2384024734676988,0.08074919272406339,0.1
2019-11-15,1.2414211285348515,0.08055284198201289,0.1
2019-11-18,1.261253095544873,0.079286227604301,0.1
2019-11-19,1.2805740333730427,0.07808997948880719,0.1
2019-11-20,1.3003261914706616,0.07690378049441622,0.1
2019-11-21,1.3201226793290846,0.07575053558720937,0.1
2019-11-22,1.3389815028769763,0.07468363064399096,0.1
2019-11-25,1.3401092454714725,0.07462078210259519,0.1
2019-11-26,1.355266879520768,0.07378620514607478,0.1
2019-11-27,1.3698610658733859,0.07300010379975487,0.1
2019-11-29,1.383656098119759,0.07227229377002663,0.1
2019-12-02,1.3514001592003941,0.07399732737871564,0.1
2019-12-03,1.3635323288230699,0.07333892852127298,0.1
2019-12-04,1.3620537888558384,0.0734185395747129,0.1
2019-12-05,1.3832410571753082,0.07229397904383218,0.1
2019-12-06,1.368472100303613,0.07307419711210314,0.1
2019-12-09,1.3858903381854815,0.07215578119328547,0.1
2019-12-10,1.4076500231623474,0.07104038529075972,0.1
2019-12-11,1.4152533441410435,0.0706587272264619,0.1
2019-12-12,1.4049713262096355,0.07117582980841491,0.1
2019-12-13,1.4265023954124496,0.0701015296725714,0.1
2019-12-16,1.4188481533091457,0.07047970550391343,0.1
2019-12-17,1.4413237890930901,0.0693806629410606,0.1
2019-12-18,1.4643201306646216,0.0682910778223149,0.1
2019-12-19,1.4744271632590176,0.0678229501543934,0.1
2019-12-20,1.471487091226523,0.0679584622904489,0.1
2019-12-23,1.4943597701672227,0.06691828968924247,0.1
2019-12-24,1.51607000841508,0.06596001467276656,0.1
2019-12-26,1.514623348951373,0.0660230149424499,0.1
2019-12-27,1.5386323206871169,0.0649927852518673,0.1
2019-12-30,1.5386616360565673,0.06499154697603939,0.1
2019-12-31,1.5587703479739636,0.06415313206976037,0.1
2020-01-02,1.5348236525732881,0.06515406498482078,0.1
2020-01-03,1.5456010182418152,0.06469975033644461,0.1
2020-01-06,1.5571820624500057,0.06421856660913763,0.1
2020-01-07,1.5752242867984785,0.06348302323553065,0.1
2020-01-08,1.5984704231257494,0.06255980627058068,0.1
2020-01-09,1.5860401292476147,0.06305010709119824,0.1
2020-01-10,1.6076250399679988,0.062203559607401114,0.1
2020-01-13,1.6023856873396007,0.06240694783415559,0.1
2020-01-14,1.6280228069079616,0.06142420092377329,0.1
2020-01-15,1.6328403443848671,0.0612429747610582,0.1
2020-01-16,1.607825036944918,0.062195822121300794,0.1
2020-01-17,1.6283434295763728,0.06141210642893425,0.1
2020-01-21,1.645800463342421,0.06076070716185858,0.1
2020-01-22,1.6719238410557107,0.059811336823127385,0.1
2020-01-23,1.6944484119653438,0.05901625525678458,0.1
2020-01-24,1.6515494203046077,0.06054920232514523,0.1
2020-01-27,1.5003015280826628,0.06665326811190868,0.1
2020-01-28,1.4822591599066575,0.06746458561692904,0.1
2020-01-29,1.505511752784151,0.06642259671176227,0.1
2020-01-30,1.522591537942735,0.06567749623455547,0.1
2020-01-31,1.3427766176812603,0.07447255089434195,0.1
2020-02-03,1.3463497337672696,0.07427490606039369,0.1
2020-02-04,1.313855181930116,0.07611188917571206,0.1
2020-02-05,1.2418343802865066,0.08052603598954054,0.1
2020-02-06,1.2587196933455342,0.0794458055504092,0.1
2020-02-07,1.2696733979827233,0.07876041205469182,0.1
2020-02-10,1.274164086097795,0.07848282736194212,0.1
2020-02-11,1.290974009738985,0.07746089328337327,0.1
2020-02-12,1.2913689073517725,0.07743720592210274,0.1
2020-02-13,1.3118459577849537,0.07622846219601086,0.1
2020-02-14,1.330848974570076,0.07514000604937499,0.1
2020-02-18,1.3521385665661834,0.0739569171922627,0.1
2020-02-19,1.3614543289379515,0.07345086638198756,0.1
2020-02-20,1.3820506009156064,0.07235625087370184,0.1
2020-02-21,1.3789618553266563,0.07251832210856292,0.1
2020-02-24,1.023640262111066,0.09769056933513807,0.1
2020-02-25,0.8129607521004092,0.12300716823245725,0.1
2020-02-26,0.8184153705980806,0.12218734348417984,0.1
2020-02-27,0.6431882065957892,0.15547548753928703,0.1
2020-02-28,0.6403349855592143,0.1561682592005628,0.1
2020-03-02,0.5355884542364856,0.186710522247079,0.1
2020-03-03,0.5275169634138566,0.18956736358361675,0.1
2020-03-04,0.5,0.20946513318387813,0.1
2020-03-05,0.5,0.21630344471394136,0.1
2020-03-06,0.5,0.21561075967012272,0.1
2020-03-09,0.5,0.2855711881658978,0.1
2020-03-10,0.5,0.2939822599840895,0.1
2020-03-11,0.5,0.3153135822968688,0.1
2020-03-12,0.5,0.3922920794614644,0.1
2020-03-13,0.5,0.42845843426499425,0.1
2020-03-16,0.5,0.493554820109576,0.1
2020-03-17,0.5,0.5019596630514521,0.1
2020-03-18,0.5,0.5184506146762378,0.1
2020-03-19,0.5,0.5105239892149511,0.1
2020-03-20,0.5,0.5081183838328166,0.1
2020-03-23,0.5,0.5040666773821436,0.1
2020-03-24,0.5,0.5534201671391932,0.1
2020-03-25,0.5,0.546165775216489,0.1
2020-03-26,0.5,0.5566392690640076,0.1
2020-03-27,0.5,0.5521361510981396,0.1
2020-03-30,0.5,0.5477655658135162,0.1
2020-03-31,0.5,0.5409491535624269,0.1
2020-04-01,0.5,0.539479265750467,0.1
2020-04-02,0.5,0.5346830332600225,0.1
2020-04-03,0.5,0.5271794083760928,0.1
2020-04-06,0.5,0.5403288210555146,0.1
2020-04-07,0.5,0.5318213124126798,0.1
2020-04-08,0.5,0.5289050324434268,0.1
2020-04-09,0.5,0.5229133067468228,0.1
2020-04-13,0.5,0.5153502688174992,0.1
2020-04-14,0.5,0.5104776876039404,0.1
2020-04-15,0.5,0.504777497356299,0.1
2020-04-16,0.5,0.49683261392698497,0.1
2020-04-17,0.5,0.49333616400691727,0.1
2020-04-20,0.5,0.48712419402713203,0.1
2020-04-21,0.5,0.48256570647602715,0.1
2020-04-22,0.5,0.4774439615332594,0.1
2020-04-23,0.5,0.4700071838148911,0.1
2020-04-24,0.5,0.46332619938297914,0.1
2020-04-27,0.5,0.45680681866176376,0.1
2020-04-28,0.5,0.44968814505775956,0.1
2020-04-29,0.5,0.4455926121613478,0.1
2020-04-30,0.5,0.44052099588540455,0.1
2020-05-01,0.5,0.43668038982104734,0.1
2020-05-04,0.5,0.42989284153318486,0.1
2020-05-05,0.5,0.4232865826454264,0.1
2020-05-06,0.5,0.4182193732273885,0.1
2020-05-07,0.5,0.41336793536052235,0.1
2020-05-08,0.5,0.40870953193271126,0.1
2020-05-11,0.5,0.4025081216634339,0.1
2020-05-12,0.5,0.39759491570045613,0.1
2020-05-13,0.5,0.39300067248522635,0.1
2020-05-14,0.5,0.3880313319613635,0.1
2020-05-15,0.5,0.38200303006665265,0.1
2020-05-18,0.5,0.38268415449894916,0.1
2020-05-19,0.5,0.3773364666562303,0.1
2020-05-20,0.5,0.37341490350330964,0.1
2020-05-21,0.5,0.36802280841973123,0.1
2020-05-22,0.5,0.36229729546276,0.1
2020-05-26,0.5,0.35760849569373016,0.1
2020-05-27,0.5,0.35371621753650556,0.1
2020-05-28,0.5,0.34815205058774346,0.1
2020-05-29,0.5,0.34281057662788544,0.1
2020-06-01,0.5,0.33766500746003936,0.1
2020-06-02,0.5,0.33283900927905596,0.1
2020-06-03,0.5,0.32849212249835547,0.1
2020-06-04,0.5,0.323373657329913,0.1
2020-06-05,0.5,0.3221020949359177,0.1
2020-06-08,0.5,0.3195199561605056,0.1
2020-06-09,0.5,0.31524830226576106,0.1
2020-06-10,0.5,0.3106797936807724,0.1
2020-06-11,0.5,0.33009920879810073,0.1
2020-06-12,0.5,0.32575822262900506,0.1
2020-06-15,0.5,0.3212357787666315,0.1
2020-06-16,0.5,0.3178643637299803,0.1
2020-06-17,0.5,0.3130873257375394,0.1
2020-06-18,0.5,0.3082106487818798,0.1
2020-06-19,0.5,0.30361250296968073,0.1
2020-06-22,0.5,0.29900844566943113,0.1
2020-06-23,0.5,0.2943416778897598,0.1
2020-06-24,0.5,0.2947963472395157,0.1
2020-06-25,0.5,0.2908198909158682,0.1
2020-06-26,0.5,0.28986699515327113,0.1
2020-06-29,0.5,0.2875748194636189,0.1
2020-06-30,0.5,0.284276392380876,0.1
2020-07-01,0.5,0.27987896692327824,0.1
2020-07-02,0.5,0.2758261563332375,0.1
2020-07-06,0.5,0.2726381083605573,0.1
2020-07-07,0.5,0.2687008029111264,0.1
2020-07-08,0.5,0.26460650346170483,0.1
2020-07-09,0.5,0.26126369886886586,0.1
2020-07-10,0.5,0.25899815746783283,0.1
2020-07-13,0.5,0.25505358997372274,0.1
2020-07-14,0.5,0.2536349703207654,0.1
2020-07-15,0.5,0.2507307400125926,0.1
2020-07-16,0.5,0.24678471954914127,0.1
2020-07-17,0.5,0.24308385260054458,0.1
2020-07-20,0.5,0.2392557475012616,0.1
2020-07-21,0.5,0.2366581309815798,0.1
2020-07-22,0.5,0.23368927372430612,0.1
2020-07-23,0.5,0.23011543145758553,0.1
2020-07-24,0.5,0.22663275255296983,0.1
2020-07-27,0.5,0.2234936961465804,0.1
2020-07-28,0.5,0.22011221660901517,0.1
2020-07-29,0.5,0.21811047712861062,0.1
2020-07-30,0.5,0.2153362694000047,0.1
2020-07-31,0.5,0.21216926184797003,0.1
2020-08-03,0.5,0.20885618434594863,0.1
2020-08-04,0.5,0.20712612152041363,0.1
2020-08-05,0.5,0.20419076907894798,0.1
2020-08-06,0.5,0.201536496267057,0.1
2020-08-07,0.5040626405234137,0.1983880414072366,0.1
2020-08-10,0.5111799361288845,0.19562583139958545,0.1
2020-08-11,0.510764602534032,0.195784906596649,0.1
2020-08-12,0.5166101388951323,0.19356956526999017,0.1
2020-08-13,0.5248637872519262,0.19052562289270988,0.1
2020-08-14,0.5332238599792495,0.1875384946275501,0.1
2020-08-17,0.5407654601904442,0.18492305326745995,0.1
2020-08-18,0.5492245042482168,0.18207490602933105,0.1
2020-08-19,0.5541585450414138,0.18045377247142644,0.1
2020-08-20,0.563016194140294,0.1776147845137856,0.1
2020-08-21,0.5719935102737809,0.17482715835733115,0.1
2020-08-24,0.5755347370549944,0.17375145853350057,0.1
2020-08-25,0.5846865257042799,0.1710318189384401,0.1
2020-08-26,0.5924720162885996,0.16878434297441808,0.1
2020-08-27,0.6014687744905685,0.1662596700630019,0.1
2020-08-28,0.6063867073447059,0.1649112666698911,0.1
2020-08-31,0.6152706178571868,0.16253010804948181,0.1
2020-09-01,0.6220880666774714,0.1607489443320991,0.1
2020-09-02,0.6175182576895014,0.1619385317839164,0.1
2020-09-03,0.5918410454270077,0.168964286564226,0.1
2020-09-04,0.5978135614622506,0.16727623200015776,0.1
2020-09-08,0.5862348434284265,0.17058010304399285,0.1
2020-09-09,0.5813214931542755,0.17202185224116812,0.1
2020-09-10,0.5795095726329179,0.17255970345004737,0.1
2020-09-11,0.588073697306196,0.17004671431161184,0.1
2020-09-14,0.5897020412012488,0.16957716442068888,0.1
2020-09-15,0.5988642867055327,0.16698274086457748,0.1
2020-09-16,0.608411743455763,0.16436237642620535,0.1
2020-09-17,0.6160335632526573,0.16232881772220328,0.1
2020-09-18,0.6190983762490273,0.16152521769783454,0.1
2020-09-21,0.6103503254194155,0.16384033207696388,0.1
2020-09-22,0.6184557320316523,0.16169306034483008,0.1
2020-09-23,0.5970595532752782,0.167487480020095,0.1
2020-09-24,0.6056498466115917,0.1651119051040243,0.1
2020-09-25,0.6082311872996267,0.1644111681348856,0.1
2020-09-28,0.6046691495347868,0.16537969578394535,0.1
2020-09-29,0.6129992750810442,0.16313232994733814,0.1
2020-09-30,0.6209472061230538,0.16104428687965286,0.1
2020-10-01,0.6305677813862,0.1585872335249454,0.1
2020-10-02,0.6402635593302626,0.15618568094770754,0.1
2020-10-05,0.6349941354725557,0.15748176937977718,0.1
2020-10-06,0.6351616499950166,0.1574402358844943,0.1
2020-10-07,0.630043757655093,0.15871913463944412,0.1
2020-10-08,0.6287075155100125,0.15905647305469098,0.1
2020-10-09,0.6355755838446416,0.15733769915309354,0.1
2020-10-12,0.6373344718444233,0.1569034854032037,0.1
2020-10-13,0.6429014617795591,0.1555448322098985,0.1
2020-10-14,0.6524399596039996,0.15327080833720746,0.1
2020-10-15,0.6628665047341592,0.1508599382919563,0.1
2020-10-16,0.673467126967813,0.1484853469392565,0.1
2020-10-19,0.6667125524871457,0.14998967640095245,0.1
2020-10-20,0.6758257713804913,0.1479671303385378,0.1
2020-10-21,0.6860285690849307,0.14576652417462216,0.1
2020-10-22,0.6918681082616696,0.14453621840042855,0.1
2020-10-23,0.7016004755899962,0.14253126028158278,0.1
2020-10-26,0.6846397306441658,0.1460622215218385,0.1
2020-10-27,0.6936924889235466,0.14415609451844769,0.1
2020-10-28,0.6164246299105509,0.16222583451039418,0.1
2020-10-29,0.6208267289797788,0.16107553900640312,0.1
2020-10-30,0.6270258343647686,0.159483061971934,0.1
2020-11-02,0.6133550373186083,0.16303770885646912,0.1
2020-11-03,0.6074320500834782,0.16462746736241066,0.1
2020-11-04,0.6075659495489493,0.16459118565521813,0.1
2020-11-05,0.5935034247102389,0.16849102437584443,0.1
2020-11-06,0.6023049600135468,0.16602885023186734,0.1
2020-11-09,0.5927927924017069,0.16869300922983366,0.1
2020-11-10,0.5994221544967664,0.16682733404132039,0.1
2020-11-11,0.6088281411740262,0.16424996355649107,0.1
2020-11-12,0.6128027121787532,0.16318465635450752,0.1
2020-11-13,0.6053574810036174,0.16519164813856896,0.1
2020-11-16,0.5992883581541727,0.1668645796958299,0.1
2020-11-17,0.6078229294100137,0.16452159857981252,0.1
2020-11-18,0.6072644596064429,0.1646729006087532,0.1
2020-11-19,0.6160458520095152,0.16232557962009528,0.1
2020-11-20,0.6251429329125685,0.15996341754052243,0.1
2020-11-23,0.6306130907327289,0.15857583908352887,0.1
2020-11-24,0.6241771341053385,0.16021093137821296,0.1
2020-11-25,0.6328984870195573,0.15800322176613119,0.1
2020-11-27,0.6430134328541223,0.15551774642736987,0.1
2020-11-30,0.6447684443855676,0.15509443874117484,0.1
2020-12-01,0.648288978642113,0.15425219816239522,0.1
2020-12-02,0.6578222118676618,0.15201675801746511,0.1
2020-12-03,0.6682162298822873,0.14965215678406368,0.1
2020-12-04,0.672550690225524,0.14868767730573193,0.1
2020-12-07,0.6832738449982589,0.14635420444090733,0.1
2020-12-08,0.6926043277399057,0.14438258034904036,0.1
2020-12-09,0.7000403142228556,0.14284891593852597,0.1
2020-12-10,0.7111210573515807,0.1406230331196052,0.1
2020-12-11,0.7222212931427602,0.13846171658114376,0.1
2020-12-14,0.7253999199428351,0.13785499177871494,0.1
2020-12-15,0.7150957302220309,0.139841416713467,0.1
2020-12-16,0.7264660154820455,0.1376526883141879,0.1
2020-12-17,0.7341539815411787,0.13621120706867815,0.1
2020-12-18,0.7444426816101307,0.1343286762974327,0.1
2020-12-21,0.7513358041167993,0.1330962792563183,0.1
2020-12-22,0.7598996646592909,0.13159632073904923,0.1
2020-12-23,0.7698529063654862,0.129894943791412,0.1
2020-12-24,0.7803904124515749,0.12814098995123835,0.1
2020-12-28,0.7897066182624906,0.12662930471574319,0.1
2020-12-29,0.8019067772698792,0.12470277448016294,0.1
2020-12-30,0.8110767051792952,0.12329290110470399,0.1
2020-12-31,0.8183884338109012,0.12219136521069926,0.1
2021-01-04,0.8166788528835409,0.1224471524478914,0.1
2021-01-05,0.8171430495781471,0.1223775935579766,0.1
2021-01-06,0.8115464462338077,0.12322153644326336,0.1
2021-01-07,0.8149297742743775,0.12270995999506965,0.1
2021-01-08,0.8279517070778176,0.12077999132695935,0.1
2021-01-11,0.837817767337646,0.1193576979368347,0.1
2021-01-12,0.8484489129856992,0.1178621346193952,0.1
2021-01-13,0.8614994796673514,0.11607668067148776,0.1
2021-01-14,0.8748220920973109,0.1143089559618443,0.1
2021-01-15,0.8743777049932976,0.11436705148007695,0.1
2021-01-19,0.8778375510706545,0.11391629337117672,0.1
2021-01-20,0.8691149333041172,0.11505958092312334,0.1
2021-01-21,0.875876937477367,0.11417129019062001,0.1
2021-01-22,0.8873620901097963,0.11269356795220616,0.1
2021-01-25,0.8978181263279347,0.11138113284591257,0.1
2021-01-26,0.9084393348122157,0.11007889703572897,0.1
2021-01-27,0.8159588973397157,0.12255519282408912,0.1
2021-01-28,0.8159311379496438,0.12255936236394943,0.1
2021-01-29,0.7767087101471857,0.12874839523951018,0.1
2021-02-01,0.7677106067637463,0.13025741616563832,0.1
2021-02-02,0.7650197449890846,0.13071558042129594,0.1
2021-02-03,0.7763330100740007,0.1288107019827328,0.1
2021-02-04,0.7839706902105382,0.12755578907311527,0.1
2021-02-05,0.7904006687824009,0.12651811157251214,0.1
2021-02-08,0.7900639467330745,0.12657203307846335,0.1
2021-02-09,0.8025705350475363,0.1245996403220522,0.1
2021-02-10,0.81417099657142,0.12282432120661754,0.1
2021-02-11,0.8255436461141176,0.12113229926813184,0.1
2021-02-12,0.8370627125912892,0.11946536202816956,0.1
2021-02-16,0.8492731035484758,0.11774775344017718,0.1
2021-02-17,0.8623523353015322,0.11596188229145778,0.1
2021-02-18,0.8715051855415953,0.11474401031573345,0.1
2021-02-19,0.8852097927746414,0.11296757086990136,0.1
2021-02-22,0.8989431452377352,0.11124174040345336,0.1
2021-02-23,0.9119144062939399,0.10965941464441206,0.1
2021-02-24,0.9106448882980747,0.10981228938416634,0.1
2021-02-25,0.8241292986954878,0.12134018309783398,0.1
2021-02-26,0.8278893472667119,0.12078908894063124,0.1
2021-03-01,0.7797479208698099,0.12824657472436715,0.1
2021-03-02,0.7899647857698365,0.12658792113441866,0.1
2021-03-03,0.7872572342246182,0.12702328496033644,0.1
2021-03-04,0.7848742498772596,0.12740894482859927,0.1
2021-03-05,0.7455050390722255,0.13413725563069182,0.1
2021-03-08,0.7573992151606419,0.1320307679204425,0.1
2021-03-09,0.7524258688710315,0.13290345818391894,0.1
2021-03-10,0.7511565564323641,0.13312803987886676,0.1
2021-03-11,0.7602300859584693,0.13153912459794825,0.1
2021-03-12,0.7720168426230932,0.12953085279879192,0.1
2021-03-15,0.7794830233474336,0.1282901577131946,0.1
2021-03-16,0.7887314101251875,0.12678587249888779,0.1
2021-03-17,0.8006329804274931,0.1249011750010668,0.1
2021-03-18,0.7876866889811251,0.12695403057953192,0.1
2021-03-19,0.8000965050398418,0.12498492290629414,0.1
2021-03-22,0.8099813537789068,0.1234596321674043,0.1
2021-03-23,0.815109394627924,0.12268291919963378,0.1
2021-03-24,0.8280574001262346,0.12076457499776626,0.1
2021-03-25,0.8352296913839371,0.11972754444864696,0.1
2021-03-26,0.8190055990322327,0.12209928737747788,0.1
2021-03-29,0.8315373727821748,0.12025917688512058,0.1
2021-03-30,0.8420175408060886,0.11876237151101034,0.1
2021-03-31,0.8545806889840719,0.11701645179799265,0.1
2021-04-01,0.8458255058533559,0.11822769508364459,0.1
2021-04-05,0.8427851234930915,0.11865420640735802,0.1
2021-04-06,0.8554827712232695,0.11689306127931516,0.1
2021-04-07,0.8683883035897263,0.11515585779612876,0.1
2021-04-08,0.8798961370192243,0.11364977727799158,0.1
2021-04-09,0.891807409046158,0.11213183360626715,0.1
2021-04-12,0.9060711485354277,0.11036660880510309,0.1
2021-04-13,0.9181283740303767,0.1089172307800733,0.1
2021-04-14,0.9328160993470521,0.10720226641671118,0.1
2021-04-15,0.9162564689805948,0.10913974786039725,0.1
2021-04-16,0.9275797563286016,0.10780744115827201,0.1
2021-04-19,0.9363580913771239,0.10679674893707347,0.1
2021-04-20,0.9447769632818662,0.10584508713319024,0.1
2021-04-21,0.9363372264651333,0.10679912874715095,0.1
2021-04-22,0.9321595288644114,0.10727777478370405,0.1
2021-04-23,0.9317095937562031,0.10732958066563242,0.1
2021-04-26,0.9465845989631102,0.10564296113579295,0.1
2021-04-27,0.9613434443539056,0.10402109733759869,0.1
2021-04-28,0.9740112569070527,0.10266821793984948,0.1
2021-04-29,0.9757629926259352,0.10248390311553414,0.1
2021-04-30,0.980665588302212,0.10197156012492098,0.1
2021-05-03,0.9817097196323364,0.101863104744905,0.1
2021-05-04,0.9960375404635915,0.10039782230844073,0.1
2021-05-05,1.0092127601052108,0.09908713400489999,0.1
2021-05-06,0.9974332843541973,0.10025733206281207,0.1
2021-05-07,0.9964946276937938,0.1003517703165464,0.1
2021-05-10,1.0041841294724192,0.09958333045209375,0.1
2021-05-11,0.9899336168645011,0.10101687456249674,0.1
2021-05-12,0.9082477526493823,0.11010211663975761,0.1
2021-05-13,0.8965190931998878,0.11154252124522687,0.1
2021-05-14,0.8626130173672093,0.11592683855526677,0.1
2021-05-17,0.8762695789323504,0.11412013198248913,0.1
2021-05-18,0.8763891449712503,0.11410456253800413,0.1
2021-05-19,0.883908969210541,0.1131338220148558,0.1
2021-05-20,0.8817824575687944,0.1134066561901389,0.1
2021-05-21,0.8955196535401502,0.11166700764710415,0.1
2021-05-24,0.8966617059512554,0.11152478056806436,0.1
2021-05-25,0.9095060409800158,0.10994979196866848,0.1
2021-05-26,0.9234225231358113,0.10829278850640794,0.1
2021-05-27,0.9377411002051552,0.10663924187403369,0.1
2021-05-28,0.9521936006715153,0.10502065959010545,0.1
2021-06-01,0.9658415050759017,0.10353665635040336,0.1
2021-06-02,0.9800259870623333,0.10203811054006227,0.1
2021-06-03,0.9926926307543024,0.10073611599595991,0.1
2021-06-04,0.9884246487060238,0.10117109091817267,0.1
2021-06-07,1.0031610415962808,0.09968489191015126,0.1
2021-06-08,1.019210285824771,0.09811517936073168,0.1
2021-06-09,1.0345761784489442,0.0966579378909747,0.1
2021-06-10,1.0473163453942336,0.09548213435202116,0.1
2021-06-11,1.06403336814547,0.09398201503237862,0.1
2021-06-14,1.0787778762475158,0.09269748870624403,0.1
2021-06-15,1.0960337401560154,0.09123806716549206,0.1
2021-06-16,1.083622901685465,0.09228302562123797,0.1
2021-06-17,1.0789902253954478,0.09267924550785454,0.1
2021-06-18,1.0242729453736332,0.09763022683716606,0.1
2021-06-21,0.9648822985912219,0.10363958396376965,0.1
2021-06-22,0.9770773556034531,0.10234604192442774,0.1
2021-06-23,0.9912830802317323,0.1008793572635407,0.1
2021-06-24,0.9970082883858131,0.10030006888097497,0.1
2021-06-25,1.0081810274767562,0.09918853586272781,0.1
2021-06-28,1.0242726643735292,0.09763025362115127,0.1
2021-06-29,1.0368690824822322,0.09644419116114748,0.1
2021-06-30,1.0485088468267074,0.09537353957732274,0.1
2021-07-01,1.0484403972333698,0.09537976623552522,0.1
2021-07-02,1.055304934715574,0.09475934084109254,0.1
2021-07-06,1.0631827303091954,0.09405720874615595,0.1
2021-07-07,1.0745200193627067,0.09306480865690114,0.1
2021-07-08,1.0674181011037127,0.09368400245096067,0.1
2021-07-09,1.0444267658726072,0.0957463014809383,0.1
2021-07-12,1.0585188978449573,0.09447162464797783,0.1
2021-07-13,1.0624681977511912,0.09412046422816131,0.1
2021-07-14,1.0791828403406838,0.09266270391070278,0.1
2021-07-15,1.0963668236621593,0.09121034843609475,0.1
2021-07-16,1.084624097939632,0.09219784088327143,0.1
2021-07-19,1.028873619421506,0.0971936670474902,0.1
2021-07-20,0.9991966211383635,0.10008040247981637,0.1
2021-07-21,1.0020166289155517,0.09979874296919262,0.1
2021-07-22,1.0178022154288067,0.09825091602681309,0.1
2021-07-23,1.0156988045139679,0.09845438387401864,0.1
2021-07-26,1.0273574046925242,0.09733710930903235,0.1
2021-07-27,1.0436323018524059,0.09581918825481349,0.1
2021-07-28,1.060289215513082,0.09431388958493672,0.1
2021-07-29,1.065372796019723,0.09386385720904847,0.1
2021-07-30,1.0723153353255268,0.09325615022529044,0.1
2021-08-02,1.088610844198653,0.09186019093316297,0.1
2021-08-03,1.0807751048880563,0.09252618749981083,0.1
2021-08-04,1.076355826061454,0.09290607954984074,0.1
2021-08-05,1.0835049577467453,0.09229307100537852,0.1
2021-08-06,1.1007695789494052,0.09084553380866671,0.1
2021-08-09,1.1131597806765372,0.08983436316682562,0.1
2021-08-10,1.1202185405160443,0.08926829576837178,0.1
2021-08-11,1.120574113820406,0.08923996973218228,0.1
2021-08-12,1.1379039674155027,0.08788087823186687,0.1
2021-08-13,1.150857199216487,0.08689175344089677,0.1
2021-08-16,1.1687432683169812,0.08556199014006083,0.1
2021-08-17,1.1671569854552313,0.08567827742640513,0.1
2021-08-18,1.1418909543324025,0.08757403640040586,0.1
2021-08-19,1.157915153529883,0.08636211357555158,0.1
2021-08-20,1.1560619119616058,0.0865005575958471,0.1
2021-08-23,1.1371956218398533,0.087935618181691,0.1
2021-08-24,1.1543645331746217,0.08662774810396302,0.1
2021-08-25,1.1716643169443592,0.0853486775638904,0.1
2021-08-26,1.1732981179222917,0.08522983074163856,0.1
2021-08-27,1.1329040627452567,0.08826872750167361,0.1
2021-08-30,1.1508420650800066,0.08689289610998709,0.1
2021-08-31,1.1678692133108823,0.08562602632233306,0.1
2021-09-01,1.1865561896886456,0.08427750903751147,0.1
2021-09-02,1.1870660450638786,0.08424131110128652,0.1
2021-09-03,1.2023037478166194,0.08317365739032233,0.1
2021-09-07,1.1832066040335227,0.0845160935200179,0.1
2021-09-08,1.202137541586992,0.08318515688977306,0.1
2021-09-09,1.2202063739519562,0.08195334996991038,0.1
2021-09-10,1.210117540326473,0.08263660071650675,0.1
2021-09-13,1.2165247643125368,0.08220136813779572,0.1
2021-09-14,1.222319012698879,0.08181170296876927,0.1
2021-09-15,1.2049924840609318,0.08298806948819391,0.1
2021-09-16,1.2006568256682466,0.08328774539247986,0.1
2021-09-17,1.1739719843139187,0.08518090834888281,0.1
2021-09-20,1.1055991177751332,0.0904486973553636,0.1
2021-09-21,1.1231758862247212,0.08903325046990222,0.1
2021-09-22,1.1047230181432537,0.09052042761639337,0.1
2021-09-23,1.0919305126187946,0.09158091915589793,0.1
2021-09-24,1.1090831125928342,0.09016456824973038,0.1
2021-09-27,1.125382592772022,0.0888586696135772,0.1
2021-09-28,1.033147073573557,0.09679164037517869,0.1
2021-09-29,1.047804713492278,0.09543763137570288,0.1
2021-09-30,1.0250019226698852,0.09756079260761179,0.1
2021-10-01,0.9921949929578383,0.10078664043837736,0.1
2021-10-04,0.9990849745728716,0.10009158634654872,0.1
2021-10-05,1.000821537539792,0.09991791368301173,0.1
2021-10-06,1.0129217695064707,0.09872430725693983,0.1
2021-10-07,1.0190709329201337,0.09812859612573914,0.1
2021-10-08,1.0353123296170976,0.09658920997974035,0.1
2021-10-11,1.0356589351730074,0.09655688432147301,0.1
2021-10-12,1.0515846075090987,0.09509458324696406,0.1
2021-10-13,1.055739059978178,0.09472037531894197,0.1
2021-10-14,0.9935794309314655,0.1006462059165733,0.1
2021-10-15,1.0070035229099688,0.09930451852941583,0.1
2021-10-18,1.0228976893243935,0.09776148782391747,0.1
2021-10-19,1.0270833652797116,0.09736308013592103,0.1
2021-10-20,1.0299912258367478,0.09708820569686082,0.1
2021-10-21,1.0464703814024743,0.09555932186631075,0.1
2021-10-22,1.0599648955606376,0.09434274702758709,0.1
2021-10-25,1.0653896782625325,0.09386236983549795,0.1
2021-10-26,1.0819327812118018,0.09242718377383535,0.1
2021-10-27,1.081839599087903,0.0924351448073354,0.1
2021-10-28,1.0754043196746046,0.09298828186803078,0.1
2021-10-29,1.0924118730938823,0.0915405649306834,0.1
2021-11-01,1.1033118139903093,0.09063620885045498,0.1
2021-11-02,1.1182620789220519,0.08942447560807476,0.1
2021-11-03,1.1340342153465512,0.08818076090362129,0.1
2021-11-04,1.146959235076696,0.08718705682099775,0.1
2021-11-05,1.1363050273104436,0.0880045389191784,0.1
2021-11-08,1.1544675218889602,0.08662002014260067,0.1
2021-11-09,1.1728453794593392,0.08526273092033515,0.1
2021-11-10,1.172840146134184,0.08526311137081341,0.1
2021-11-11,1.1915146696646681,0.08392678877226357,0.1
2021-11-12,1.200183905116415,0.08332056410163262,0.1
2021-11-15,1.2193211123924361,0.08201285041623654,0.1
2021-11-16,1.2388290664164285,0.08072138659877497,0.1
2021-11-17,1.2562037995031745,0.07960491764118988,0.1
2021-11-18,1.2756076152478033,0.0783940130214523,0.1
2021-11-19,1.282588243868933,0.0779673449199484,0.1
2021-11-22,1.3015961125274627,0.07682874820962565,0.1
2021-11-23,1.3197563142721667,0.07577156397630049,0.1
2021-11-24,1.3374972283533708,0.07476651007577244,0.1
2021-11-26,1.1594576941003296,0.08624721756458227,0.1
2021-11-29,1.1544670164195845,0.0866200580681255,0.1
2021-11-30,1.0100668179978673,0.09900335128147052,0.1
2021-12-01,1.0013918402930808,0.09986100942337682,0.1
2021-12-02,0.9424184029613674,0.1061099822390664,0.1
2021-12-03,0.9566303164553968,0.10453358865996439,0.1
2021-12-06,0.937837436792684,0.10662828767210511,0.1
2021-12-07,0.9032753070473502,0.11070821843550956,0.1
2021-12-08,0.9177256929956376,0.10896502164342843,0.1
2021-12-09,0.9269072157196733,0.10788566353144373,0.1
2021-12-10,0.9297178993280312,0.10755950818229555,0.1
2021-12-13,0.9399060427476452,0.10639361324634972,0.1
2021-12-14,0.9479404336327837,0.10549186051360938,0.1
2021-12-15,0.939707871612349,0.10641605015867345,0.1
2021-12-16,0.9545373304515055,0.10476279639340981,0.1
2021-12-17,0.9368767511974467,0.10673762570390116,0.1
2021-12-20,0.9215948611223298,0.10850754948678723,0.1
2021-12-21,0.8917409307062277,0.11214019291545078,0.1
2021-12-22,0.8893757873875233,0.11243841064500162,0.1
2021-12-23,0.8976298701351934,0.11140449234932306,0.1
2021-12-27,0.8796825313514686,0.11367737386619307,0.1
2021-12-28,0.8936017797411663,0.11190667058537554,0.1
2021-12-29,0.9079000815727402,0.11014427912240263,0.1
2021-12-30,0.9224208556294025,0.10841038490154935,0.1
2021-12-31,0.9371515621817399,0.10670632588734585,0.1
2022-01-03,0.9521403950275443,0.10502652814883158,0.1
2022-01-04,0.9566493537272405,0.10453150844704587,0.1
2022-01-05,0.9375281345233676,0.10666346567918121,0.1
2022-01-06,0.9523135958602298,0.10500742658164981,0.1
2022-01-07,0.9675498012866403,0.10335385306990998,0.1
2022-01-10,0.9792725602263145,0.1021166160082026,0.1
2022-01-11,0.9644426798547989,0.10368682565464175,0.1
2022-01-12,0.9779460698920857,0.10225512743359641,0.1
2022-01-13,0.9797020199720545,0.10207185242187461,0.1
2022-01-14,0.9943784020487959,0.10056533789748666,0.1
2022-01-18,0.9492937479919656,0.10534147118479321,0.1
2022-01-19,0.9606085727546427,0.10410067413123313,0.1
2022-01-20,0.9557816858931234,0.10462640315874615,0.1
2022-01-21,0.9149706833274991,0.10929311924653941,0.1
2022-01-24,0.9286981648959175,0.10767761128418657,0.1
2022-01-25,0.9328428073880908,0.10719919712946555,0.1
2022-01-26,0.9324677152757765,0.10724231880824431,0.1
2022-01-27,0.9472030181204611,0.10557398792756216,0.1
2022-01-28,0.9077876323689075,0.11015792288230021,0.1
2022-01-31,0.8761901538352648,0.1141304767718279,0.1
2022-02-01,0.8782327299557596,0.11386503439132523,0.1
2022-02-02,0.8769979108924628,0.11402535713937632,0.1
2022-02-03,0.8246809141990236,0.12125902064451877,0.1
2022-02-04,0.8378739562878086,0.11934969364968559,0.1
2022-02-07,0.8511794414508564,0.11748404053268431,0.1
2022-02-08,0.8599391689343304,0.11628729520940864,0.1
2022-02-09,0.8443501919629305,0.11843427164684095,0.1
2022-02-10,0.813678897797825,0.12289860320901064,0.1
2022-02-11,0.8175098857035616,0.1223226798217106,0.1
2022-02-14,0.8231284814267938,0.12148771699244579,0.1
2022-02-15,0.8250408328472512,0.12120612219263831,0.1
2022-02-16,0.8358879102780598,0.11963326514285248,0.1
2022-02-17,0.8226099199711542,0.12156430110094786,0.1
2022-02-18,0.8335944259847825,0.11996241443416937,0.1
2022-02-22,0.8312039063991006,0.12030742304041248,0.1
2022-02-23,0.8086307404305357,0.12366584029041172,0.1
2022-02-24,0.8156200027259484,0.12260611518327415,0.1
2022-02-25,0.7411515504761992,0.13492517142512722,0.1
2022-02-28,0.7521456802598034,0.13295296725689945,0.1
2022-03-01,0.7520893621346197,0.13296292307096955,0.1
2022-03-02,0.7435250288965162,0.134494463687944,0.1
2022-03-03,0.7553864625989432,0.13238256832925657,0.1
2022-03-04,0.7670444644518098,0.13037053865119522,0.1
2022-03-07,0.7254515052794736,0.13784518919907116,0.1
2022-03-08,0.7339801625124323,0.1362434642071218,0.1
2022-03-09,0.7263072396036618,0.1376827801614217,0.1
2022-03-10,0.7378166956156701,0.135535019191393,0.1
2022-03-11,0.7359389516395539,0.1358808360084978,0.1
2022-03-14,0.7387822735949101,0.13535787683886974,0.1
2022-03-15,0.7330173209959744,0.13642242432160642,0.1
2022-03-16,0.7131320451278242,0.1402264849591434,0.1
2022-03-17,0.706120081922006,0.14161897184372307,0.1
2022-03-18,0.7127129508807307,0.14030894187684623,0.1
2022-03-21,0.7237124430491237,0.13817642761354632,0.1
2022-03-22,0.7307255523034312,0.13685028487750947,0.1
2022-03-23,0.7402074267535459,0.13509726650350845,0.1
2022-03-24,0.7368935608176583,0.13570480910301325,0.1
2022-03-25,0.7442306515689754,0.13436694630781676,0.1
2022-03-28,0.755726380976329,0.13232302393732662,0.1
2022-03-29,0.7544479614848173,0.13254724660292216,0.1
2022-03-30,0.7664440237566469,0.13047267236798357,0.1
2022-03-31,0.758753960006083,0.13179502878535,0.1
2022-04-01,0.7685489505823496,0.13011532957559488,0.1
2022-04-04,0.7785323082176125,0.12844682095331664,0.1
2022-04-05,0.7720820989392202,0.12951990486166187,0.1
2022-04-06,0.7818292604750505,0.1279051642800355,0.1
2022-04-07,0.7916374627179046,0.12632044933380626,0.1
2022-04-08,0.8038061434633874,0.12440810612509944,0.1
2022-04-11,0.7863124925314696,0.1271759013748568,0.1
2022-04-12,0.7988488655075704,0.12518012394805403,0.1
2022-04-13,0.7948731575421448,0.12580623593984921,0.1
2022-04-14,0.7946763517926536,0.12583739251132509,0.1
2022-04-18,0.8073269976894908,0.12386554678115867,0.1
2022-04-19,0.8031653458873532,0.12450736390962934,0.1
2022-04-20,0.8148014238061396,0.12272928971193398,0.1
2022-04-21,0.7876439814467323,0.1269609142652516,0.1
2022-04-22,0.711897534732007,0.14046965345602003,0.1
2022-04-25,0.7232873340349087,0.13825764021352765,0.1
2022-04-26,0.6909114719794169,0.14473634330242982,0.1
2022-04-27,0.7019664086950527,0.1424569591383993,0.1
2022-04-28,0.6712955736415683,0.1489656776038777,0.1
2022-04-29,0.6047342306162985,0.16536189773495658,0.1
2022-05-02,0.6143988266244198,0.16276072750563653,0.1
2022-05-03,0.620686888939117,0.16111182913968233,0.1
2022-05-04,0.5728516809256918,0.17456525542249676,0.1
2022-05-05,0.5334810444633157,0.18744808468424676,0.1
2022-05-06,0.5410264758671501,0.18483383801083175,0.1
2022-05-09,0.5120214949953802,0.1953043006542182,0.1
2022-05-10,0.5201682503732545,0.19224548966270721,0.1
2022-05-11,0.5268416113560553,0.1898103677547539,0.1
2022-05-12,0.5351867531009235,0.18685066366196548,0.1
2022-05-13,0.5294644867848997,0.18887008004490777,0.1
2022-05-16,0.5379353298350078,0.18589595152761465,0.1
2022-05-17,0.5353144907773567,0.18680607703106458,0.1
2022-05-18,0.5,0.20027324711202163,0.1
2022-05-19,0.5071028444347334,0.1971986572299152,0.1
2022-05-20,0.5151996278346812,0.19409951909376824,0.1
2022-05-23,0.5129406572785598,0.1949543257704635,0.1
2022-05-24,0.5210979562919207,0.19190249893050762,0.1
2022-05-25,0.5263461140475998,0.1899890534595199,0.1
2022-05-26,0.5218580984874317,0.19162297239391865,0.1
2022-05-27,0.5125748998331816,0.19509343909064836,0.1
2022-05-31,0.5161741089277841,0.1937330801184966,0.1
2022-06-01,0.5227893923434833,0.19128161639189872,0.1
2022-06-02,0.5187041794762108,0.1927881130647151,0.1
2022-06-03,0.5205448053815643,0.19210642189906985,0.1
2022-06-06,0.5288223997690708,0.18909940283102342,0.1
2022-06-07,0.5316754080663938,0.18808468189958552,0.1
2022-06-08,0.5337105008010646,0.18736749576766154,0.1
2022-06-09,0.5213257679816639,0.19181864036215687,0.1
2022-06-10,0.5081905595812652,0.1967765794043817,0.1
2022-06-13,0.5,0.2196365776151709,0.1
2022-06-14,0.5,0.2170393370431594,0.1
2022-06-15,0.5,0.21547299112179605,0.1
2022-06-16,0.5,0.22298101387763583,0.1
2022-06-17,0.5,0.2196576460019157,0.1
2022-06-21,0.5,0.22195598871544647,0.1
2022-06-22,0.5,0.21846555911893908,0.1
2022-06-23,0.5,0.21538252031070115,0.1
2022-06-24,0.5,0.2213420683953335,0.1
2022-06-27,0.5,0.21787654847840163,0.1
2022-06-28,0.5,0.21676182301505625,0.1
2022-06-29,0.5,0.2133813129837952,0.1
2022-06-30,0.5,0.2105602550301518,0.1
2022-07-01,0.5,0.2096239276131298,0.1
2022-07-05,0.5,0.20715504994816306,0.1
2022-07-06,0.5,0.20392357929207935,0.1
2022-07-07,0.5,0.20287614292164277,0.1
2022-07-08,0.5004008969462578,0.19983976969317832,0.1
2022-07-11,0.5059976957589356,0.1976293584697299,0.1
2022-07-12,0.5123777513675348,0.19516850552761178,0.1
2022-07-13,0.5203639758730807,0.19217317999812977,0.1
2022-07-14,0.5254269033940782,0.19032143073381702,0.1
2022-07-15,0.521899194733764,0.19160788330208658,0.1
2022-07-18,0.5291404296030705,0.188985748216242,0.1
2022-07-19,0.5126441421609909,0.19506708801638073,0.1
2022-07-20,0.5204258406260615,0.19215033573218057,0.1
2022-07-21,0.5247067301489284,0.1905826517064434,0.1
2022-07-22,0.5324108102365286,0.18782488649239495,0.1
2022-07-25,0.5401548697579145,0.18513209007042333,0.1
2022-07-26,0.5448827529900413,0.18352572081103782,0.1
2022-07-27,0.5352072646328422,0.18684350271030245,0.1
2022-07-28,0.5340072462729051,0.18726337647653357,0.1
2022-07-29,0.5341239194655893,0.1872224709577764,0.1
2022-08-01,0.542664317475467,0.1842759820015637,0.1
2022-08-02,0.5475938069086671,0.18261711279119516,0.1
2022-08-03,0.5504608612382801,0.18166595854798226,0.1
2022-08-04,0.5591630923470163,0.17883869906410071,0.1
2022-08-05,0.5671894181378706,0.1763079436994932,0.1
2022-08-08,0.5754138922394872,0.17378794872470685,0.1
2022-08-09,0.5844832173641216,0.17109131114315976,0.1
2022-08-10,0.5770765188491147,0.173287244817089,0.1
2022-08-11,0.5862616621186958,0.17057229981337887,0.1
2022-08-12,0.578872648818354,0.17274956798205762,0.1
2022-08-15,0.5880931540016264,0.1700410884220622,0.1
2022-08-16,0.5966053716236652,0.1676149843033585,0.1
2022-08-17,0.6019782079973017,0.1661189702077193,0.1
2022-08-18,0.6106625578476691,0.16375656033744448,0.1
2022-08-19,0.6096233902116371,0.16403570073858872,0.1
2022-08-22,0.5974269008381476,0.16738449483896203,0.1
2022-08-23,0.6069159614456033,0.1647674576918551,0.1
2022-08-24,0.6158189893325443,0.16238537903546146,0.1
2022-08-25,0.6115488254468131,0.16351924137363433,0.1
2022-08-26,0.5726239025124926,0.17463469401335086,0.1
2022-08-29,0.5807708692910146,0.1721849446789172,0.1
2022-08-30,0.5799004280924951,0.17244339744486245,0.1
2022-08-31,0.5846267001240234,0.17104932083804228,0.1
2022-09-01,0.5939217432604355,0.16837235062490358,0.1
2022-09-02,0.6009076438807374,0.16641492418733,0.1
2022-09-06,0.6076807017902512,0.1645601048468317,0.1
2022-09-07,0.5906542266033681,0.1693037914501394,0.1
2022-09-08,0.5990913479589489,0.16691945283585072,0.1
2022-09-09,0.5939834442954353,0.16835486066218042,0.1
2022-09-12,0.5985230713361448,0.1670779369903982,0.1
2022-09-13,0.5298254251298514,0.1887414141657918,0.1
2022-09-14,0.5377424121957662,0.18596264258136067,0.1
2022-09-15,0.5395362419030486,0.1853443610150834,0.1
2022-09-16,0.5439939450215462,0.18382557547775513,0.1
2022-09-19,0.5492178109523159,0.18207712496906292,0.1
2022-09-20,0.5491072498903817,0.18211378564016956,0.1
2022-09-21,0.5482559379174747,0.18239656533378457,0.1
2022-09-22,0.5513881434926026,0.18136044668385512,0.1
2022-09-23,0.5376962256220491,0.185978616242493,0.1
2022-09-26,0.5357452733680794,0.18665586981538487,0.1
2022-09-27,0.5428016391931051,0.18422936258750755,0.1
2022-09-28,0.5183003967447893,0.1929383049444971,0.1
2022-09-29,0.5114082365089592,0.1955385010664531,0.1
2022-09-30,0.5114732997988584,0.1955136270834195,0.1
2022-10-03,0.5,0.20578693543443624,0.1
2022-10-04,0.5,0.21582304086546633,0.1
2022-10-05,0.5,0.21281437605801123,0.1
2022-10-06,0.5,0.21095084634420366,0.1
2022-10-07,0.5,0.215966929302542,0.1
2022-10-10,0.5,0.2133215514400029,0.1
2022-10-11,0.5,0.2103862109126093,0.1
2022-10-12,0.5,0.20722567113520213,0.1
2022-10-13,0.5,0.2118350087260907,0.1
2022-10-14,0.5,0.21649276173385687,0.1
2022-10-17,0.5,0.21956338358985758,0.1
2022-10-18,0.5,0.21853103684651934,0.1
2022-10-19,0.5,0.21598962279608405,0.1
2022-10-20,0.5,0.21460355546717833,0.1
2022-10-21,0.5,0.21832190484603936,0.1
2022-10-24,0.5,0.21578234947056976,0.1
2022-10-25,0.5,0.2171963200006879,0.1
2022-10-26,0.5,0.2137775163908215,0.1
2022-10-27,0.5,0.21051610786929906,0.1
2022-10-28,0.5,0.21136886601260904,0.1
2022-10-31,0.5,0.20883028052753394,0.1
2022-11-01,0.5,0.20555617061125897,0.1
2022-11-02,0.5,0.20959980698519556,0.1
2022-11-03,0.5,0.20658194787114226,0.1
2022-11-04,0.5,0.20637095876456096,0.1
2022-11-07,0.5,0.2035761096248831,0.1
2022-11-08,0.5,0.201485471458009,0.1
2022-11-09,0.5,0.20343724248336675,0.1
2022-11-10,0.5,0.2378367632197149,0.1
2022-11-11,0.5,0.23507686955752535,0.1
2022-11-14,0.5,0.23194016492216038,0.1
2022-11-15,0.5,0.2294068026047025,0.1
2022-11-16,0.5,0.22604173629720126,0.1
2022-11-17,0.5,0.22307517907945218,0.1
2022-11-18,0.5,0.21980500198235708,0.1
2022-11-21,0.5,0.2164107898287689,0.1
2022-11-22,0.5,0.21610242954186432,0.1
2022-11-23,0.5,0.2135251734964741,0.1
2022-11-25,0.5,0.21016313351495014,0.1
2022-11-28,0.5,0.20993733398910655,0.1
2022-11-29,0.5,0.20663282666051963,0.1
2022-11-30,0.5,0.21348884048053648,0.1
2022-12-01,0.5,0.21044416450134784,0.1
2022-12-02,0.5,0.2071544110859733,0.1
2022-12-05,0.5,0.20971923219178254,0.1
2022-12-06,0.5,0.20803891922587417,0.1
2022-12-07,0.5,0.20479789856730699,0.1
2022-12-08,0.5,0.201944828766102,0.1
2022-12-09,0.5,0.2001649042236302,0.1
2022-12-12,0.5011610857804357,0.19953664168532653,0.1
2022-12-13,0.505685959605624,0.1977511894496504,0.1
2022-12-14,0.5125518593352648,0.1951022090324505,0.1
2022-12-15,0.5012008965983368,0.1995207923184147,0.1
2022-12-16,0.5057080436463625,0.1977425537449612,0.1
2022-12-19,0.509994269793524,0.19608063447553234,0.1
2022-12-20,0.517989360363815,0.19305415835136847,0.1
2022-12-21,0.5181632481071599,0.19298937229781934,0.1
2022-12-22,0.5194305398363075,0.19251852236396005,0.1
2022-12-23,0.5257612322958967,0.19020040630101143,0.1
2022-12-27,0.5339376367284511,0.18728779003615698,0.1
2022-12-28,0.5351107774059879,0.18687719295201213,0.1
2022-12-29,0.5320191494655301,0.18796315903376912,0.1
2022-12-30,0.5399701957121794,0.1851954066985265,0.1
2023-01-03,0.5485676551310698,0.1822929205990224,0.1
2023-01-04,0.5509935009510374,0.18149034394669974,0.1
2023-01-05,0.5556488831415072,0.17996976694099284,0.1
2023-01-06,0.5329677020858864,0.1876286304191192,0.1
2023-01-09,0.5414946405196219,0.1846740346387165,0.1
2023-01-10,0.5487897376343273,0.18221915087383173,0.1
2023-01-11,0.5510240126869542,0.1814802943203342,0.1
2023-01-12,0.5578780272924786,0.179250651769393,0.1
2023-01-13,0.5661233070730487,0.17663996297382026,0.1
2023-01-17,0.5740894732539455,0.17418887587887458,0.1
2023-01-18,0.5714412410229801,0.1749961200227384,0.1
2023-01-19,0.578799912566418,0.17277127696270148,0.1
2023-01-20,0.577629442910667,0.17312136911875778,0.1
2023-01-23,0.5828389688920175,0.1715739772687145,0.1
2023-01-24,0.591913683537172,0.16894355170574468,0.1
2023-01-25,0.6013541091632849,0.16629137221518034,0.1
2023-01-26,0.6065627597936998,0.16486340182508297,0.1
2023-01-27,0.6162678598810496,0.1622671025214616,0.1
2023-01-30,0.6176632262594857,0.16190052402114213,0.1
2023-01-31,0.6124274487710816,0.16328464734992448,0.1
2023-02-01,0.6171435091507215,0.16203686584602411,0.1
2023-02-02,0.6233349600869187,0.16042738880882898,0.1
2023-02-03,0.6173217398667252,0.16199008319646932,0.1
2023-02-06,0.6258600463888617,0.1597801306809536,0.1
2023-02-07,0.6291474724547294,0.158945246350323,0.1
2023-02-08,0.6322363795887367,0.158168690110887,0.1
2023-02-09,0.6327200030797033,0.15804779288351828,0.1
2023-02-10,0.6406216341190781,0.1560983811255617,0.1
2023-02-13,0.6437047304981302,0.1553507303303723,0.1
2023-02-14,0.6539232219716662,0.15292315158725606,0.1
2023-02-15,0.6643749874340313,0.15051740642167002,0.1
2023-02-16,0.6601037662801262,0.15149133379972765,0.1
2023-02-17,0.6706400700118337,0.1491112811052812,0.1
2023-02-21,0.6485330653861331,0.15419414265402265,0.1
2023-02-22,0.6589069003571953,0.15176650896475619,0.1
2023-02-23,0.668275551656839,0.1496388723963827,0.1
2023-02-24,0.6725953666521554,0.14867780088606644,0.1
2023-02-27,0.6825137092550158,0.1465172034553753,0.1
2023-02-28,0.6923139124894576,0.14444314666509434,0.1
2023-03-01,0.7024754047694322,0.1423537383957552,0.1
2023-03-02,0.7083037606237548,0.1411823649106943,0.1
2023-03-03,0.6876818310045487,0.14541608559575067,0.1
2023-03-06,0.6980966097177352,0.1432466489708831,0.1
2023-03-07,0.6842305318174461,0.14614957291423555,0.1
2023-03-08,0.6951556517766385,0.14385267492888218,0.1
2023-03-09,0.6803693724320143,0.1469789853157925,0.1
2023-03-10,0.6854235604331346,0.14589518915399954,0.1
2023-03-13,0.6962842186974136,0.14361951242709023,0.1
2023-03-14,0.6919655713828446,0.1445158605220156,0.1
2023-03-15,0.697509710360794,0.14336717971750385,0.1
2023-03-16,0.6923453902145781,0.14443657950695257,0.1
2023-03-17,0.6964219641462103,0.1435911058931012,0.1
2023-03-20,0.6973218717754419,0.143405798738811,0.1
2023-03-21,0.6999255874872339,0.14287233069876007,0.1
2023-03-22,0.6920742725374216,0.14449316203210377,0.1
2023-03-23,0.7031356661874185,0.14222006478810212,0.1
2023-03-24,0.7087624613206952,0.14109099374938933,0.1
2023-03-27,0.719864575252892,0.13891501740430762,0.1
2023-03-28,0.730987604591341,0.1368012253175005,0.1
2023-03-29,0.7259543430157138,0.13774970969191574,0.1
2023-03-30,0.7333271568197239,0.13636478489856788,0.1
2023-03-31,0.7230248588433011,0.13830783101978059,0.1
2023-04-03,0.7294714469261986,0.13708555752438809,0.1
2023-04-04,0.739423001541514,0.13524058595895008,0.1
2023-04-05,0.750683497673751,0.13321193327132425,0.1
2023-04-06,0.762559818455749,0.131137253209209,0.1
2023-04-10,0.7747564322783254,0.1290728231915805,0.1
2023-04-11,0.7853377556564198,0.12733374816089876,0.1
2023-04-12,0.7966588004394388,0.12552425196939992,0.1
2023-04-13,0.7912090594512223,0.1263888460394518,0.1
2023-04-14,0.7996073333194997,0.12506138429828897,0.1
2023-04-17,0.8121693918811552,0.12312702374609188,0.1
2023-04-18,0.8248736078378953,0.12123069407216634,0.1
2023-04-19,0.8378625305274845,0.11935132119709904,0.1
2023-04-20,0.849189178180881,0.11775939045080432,0.1
2023-04-21,0.8626360833450563,0.11592373879403303,0.1
2023-04-24,0.8728864934509486,0.11456243251588295,0.1
2023-04-25,0.8592972296017073,0.11637416781426257,0.1
2023-04-26,0.8493776896409782,0.11773325485187727,0.1
2023-04-27,0.8135216409209403,0.12292235998392846,0.1
2023-04-28,0.8117257692190253,0.12319431486844584,0.1
2023-05-01,0.8216201154600735,0.1217107494307197,0.1
2023-05-02,0.8236792376842571,0.12140648376805784,0.1
2023-05-03,0.8307652861659929,0.12037094190767533,0.1
2023-05-04,0.8350109254623989,0.11975891207007097,0.1
2023-05-05,0.8155016313432087,0.12262391165949049,0.1
2023-05-08,0.8282403413721527,0.12073790058852865,0.1
2023-05-09,0.8398520055289326,0.1190685970167098,0.1
2023-05-10,0.8521771031866631,0.11734649948473885,0.1
2023-05-11,0.8645480657344335,0.11566736884090997,0.1
2023-05-12,0.8781510852675412,0.11387562081020898,0.1
2023-05-15,0.8917976836806257,0.11213305644311633,0.1
2023-05-16,0.8771901728139377,0.1140003651422702,0.1
2023-05-17,0.8731908862511885,0.11452249625431074,0.1
2023-05-18,0.882612328145748,0.11330002630949741,0.1
2023-05-19,0.8967026662475845,0.11151968625059207,0.1
2023-05-22,0.9102386151434847,0.10986130266978027,0.1
2023-05-23,0.9106186654715882,0.10981545161740379,0.1
2023-05-24,0.9111118644084031,0.1097560068158385,0.1
2023-05-25,0.9239251749236548,0.10823387295217185,0.1
2023-05-26,0.9161017858822548,0.10915817602483406,0.1
2023-05-30,0.9305981883947814,0.1074577634548088,0.1
2023-05-31,0.9420014240080357,0.10615695205058094,0.1
2023-06-01,0.9366363189852416,0.10676502498679606,0.1
2023-06-02,0.9005578316674782,0.11104228566292008,0.1
2023-06-05,0.9147425380860231,0.10932037796037854,0.1
2023-06-06,0.9259351292328687,0.10799892653694797,0.1
2023-06-07,0.9406524116022283,0.10630919430660726,0.1
2023-06-08,0.9451202786099497,0.10580663886196215,0.1
2023-06-09,0.9597597986414892,0.10419273670510784,0.1
2023-06-12,0.967331292741214,0.10337719946660774,0.1
2023-06-13,0.974933536668737,0.10257109458116631,0.1
2023-06-14,0.9904620635327762,0.10096297847422889,0.1
2023-06-15,0.9583943543534781,0.10434118225525114,0.1
2023-06-16,0.972768900222462,0.10279933905898005,0.1
2023-06-20,0.9727145143439835,0.10280508671903785,0.1
2023-06-21,0.9881035883583783,0.10120396401569458,0.1
2023-06-22,1.0028552526658916,0.09971528765908126,0.1
2023-06-23,1.007790283092919,0.0992269936291695,0.1
2023-06-26,1.0234485825472242,0.09770886559939691,0.1
2023-06-27,1.0174611680954437,0.09828384918825661,0.1
2023-06-28,1.0332014796483233,0.09678654354428294,0.1
2023-06-29,1.0462655554531375,0.09557802938154646,0.1
2023-06-30,1.018432829922529,0.09819007897418909,0.1
2023-07-03,1.032484889581114,0.09685371767578184,0.1
2023-07-05,1.0441631326227714,0.09577047577691807,0.1
2023-07-06,1.0222113403108128,0.0978271283603585,0.1
2023-07-07,1.0385019415641354,0.09629254987177532,0.1
2023-07-10,1.0513507253275542,0.09511573787029484,0.1
2023-07-11,1.0328894227849212,0.09681578472395977,0.1
2023-07-12,1.0200721547300737,0.09803228088944502,0.1
2023-07-13,1.0236725174574117,0.09768749116014082,0.1
2023-07-14,1.0342097034654594,0.09669218889062552,0.1
2023-07-17,1.0505915472047405,0.09518447037391962,0.1
2023-07-18,1.0509653538061263,0.09515061522993574,0.1
2023-07-19,1.0610058934963968,0.09425018335238833,0.1
2023-07-20,1.0764276130062087,0.0928998836444966,0.1
2023-07-21,1.0926812458600705,0.09151799793295443,0.1
2023-07-24,1.1065444250335088,0.09037142814846477,0.1
2023-07-25,1.1202930742746442,0.08926235669603419,0.1
2023-07-26,1.1368354192910601,0.0879634802919501,0.1
2023-07-27,1.1079517912998187,0.09025663461645994,0.1
2023-07-28,1.0938044285817083,0.09142402186985651,0.1
2023-07-31,1.1078761258527894,0.09026279894155571,0.1
2023-08-01,1.108154046456776,0.0902401613924897,0.1
2023-08-02,1.0768182156672967,0.09286618534589955,0.1
2023-08-03,1.080675988486075,0.0925346737277753,0.1
2023-08-04,1.0971250472911225,0.09114731292199273,0.1
2023-08-07,1.0970442496131996,0.0911540259522425,0.1
2023-08-08,1.1119872147566583,0.08992909151557422,0.1
2023-08-09,1.1260528999940265,0.08880577457820187,0.1
2023-08-10,1.142500665579411,0.0875273013073351,0.1
2023-08-11,1.1602208356450079,0.08619048798964764,0.1
2023-08-14,1.1785688543255637,0.08484867017568103,0.1
2023-08-15,1.1159718233131435,0.08960799718322265,0.1
2023-08-16,1.1120417973033305,0.08992467750987161,0.1
2023-08-17,1.1124272540588886,0.08989351855155672,0.1
2023-08-18,1.128998347323496,0.08857408891436282,0.1
2023-08-21,1.1469355512767023,0.08718885720185915,0.1
2023-08-22,1.1641423035465719,0.08590015129194166,0.1
2023-08-23,1.1307145601157198,0.08843965004728141,0.1
2023-08-24,1.0957468672541124,0.09126195382204931,0.1
2023-08-25,1.095147177106431,0.0913119278307573,0.1
2023-08-28,1.0983346534790475,0.09104693153698047,0.1
2023-08-29,1.0488550686372045,0.09534205724908375,0.1
2023-08-30,1.0640825747539242,0.09397766900104124,0.1
2023-08-31,1.079267809153842,0.09265540874271153,0.1
2023-09-01,1.0964185851490762,0.09120604243168985,0.1
2023-09-05,1.0823735500280793,0.09238954517819266,0.1
2023-09-06,1.0952115100830657,0.09130656414706194,0.1
2023-09-07,1.1127358307078752,0.08986858986681885,0.1
2023-09-08,1.1276904552281581,0.08867681688390958,0.1
2023-09-11,1.1324895909516852,0.08830103234411649,0.1
2023-09-12,1.1486720970857607,0.08705704635265805,0.1
2023-09-13,1.1668557572096887,0.08570039559913625,0.1
2023-09-14,1.1456924025728605,0.087283462625249,0.1
2023-09-15,1.119258704843053,0.08934484902131935,0.1
2023-09-18,1.136588434332571,0.08798259508836384,0.1
2023-09-19,1.1494582199470451,0.08699750740362443,0.1
2023-09-20,1.1510675614670913,0.0868758736216536,0.1
2023-09-21,1.0418450598402533,0.095983562100235,0.1
2023-09-22,1.0575898191489073,0.09455461672321576,0.1
2023-09-25,1.074286052698293,0.09308507706008955,0.1
2023-09-26,1.0167814511057056,0.09834955180511441,0.1
2023-09-27,1.0317389095027676,0.09692374599712793,0.1
2023-09-28,1.04418288013519,0.0957686645724866,0.1
2023-09-29,1.0522533252949962,0.09503414966349981,0.1
2023-10-02,1.027303611994131,0.0973422061720263,0.1
2023-10-03,1.008122045324343,0.0991943390820573,0.1
2023-10-04,1.0142317792005582,0.09859679222319616,0.1
2023-10-05,1.0225587513919063,0.09779389190487106,0.1
2023-10-06,1.01360018371313,0.09865822994789639,0.1
2023-10-09,0.986517388057083,0.101366687714392,0.1
2023-10-10,0.9895723833548971,0.10105374976307956,0.1
2023-10-11,0.9975479139661958,0.10024581135396844,0.1
2023-10-12,0.9764767777269631,0.10240898942090504,0.1
2023-10-13,0.985595998450281,0.10146145089594188,0.1
2023-10-16,0.9820921676965597,0.10182343703498238,0.1
2023-10-17,0.9967896245018226,0.10032207152033529,0.1
2023-10-18,0.9764911856323656,0.10240747839955262,0.1
2023-10-19,0.9646460973631867,0.10366496093577235,0.1
2023-10-20,0.9533173453120335,0.10489686408387824,0.1
2023-10-23,0.9651033487832918,0.10361584603977414,0.1
2023-10-24,0.9590818109909905,0.10426639193237644,0.1
2023-10-25,0.9382161479013646,0.10658524714553631,0.1
2023-10-26,0.9466623926176949,0.10563427973882188,0.1
2023-10-27,0.9464393807205462,0.10565917061044912,0.1
2023-10-30,0.937218795894871,0.10669867104459686,0.1
2023-10-31,0.9457405051893916,0.10573724975433325,0.1
2023-11-01,0.9435264878423409,0.10598536584667621,0.1
2023-11-02,0.8575616238884236,0.11660969569343846,0.1
2023-11-03,0.8570927443301307,0.11667348797609527,0.1
2023-11-06,0.8693242241650815,0.11503188018951416,0.1
2023-11-07,0.8830363826717493,0.11324561701233204,0.1
2023-11-08,0.8968557757385488,0.11150064782450816,0.1
2023-11-09,0.8915020894926898,0.11217023625475192,0.1
2023-11-10,0.8784057597028232,0.1138426050778986,0.1
2023-11-13,0.8924564055936287,0.11205029105425461,0.1
2023-11-14,0.8110751353037841,0.12329313974413174,0.1
2023-11-15,0.8240030597985872,0.12135877265363944,0.1
2023-11-16,0.8370476562051363,0.11946751091014689,0.1
2023-11-17,0.8474746119698874,0.11799763507671097,0.1
2023-11-20,0.8571074765183944,0.1166714825615617,0.1
2023-11-21,0.8706946549735003,0.11485082563535838,0.1
2023-11-22,0.8818858876534826,0.11339335553501087,0.1
2023-11-24,0.895600961844077,0.11165686981185922,0.1
2023-11-27,0.9099275535228265,0.10989885910460168,0.1
2023-11-28,0.9228151829462357,0.10836406015854003,0.1
2023-11-29,0.937574672220747,0.10665817130398712,0.1
2023-11-30,0.9481836904935116,0.10546479653953118,0.1
2023-12-01,0.9325518314350572,0.10723264555291799,0.1
2023-12-04,0.9368836419780222,0.1067368406485059,0.1
2023-12-05,0.9484685637089945,0.1054331201120142,0.1
2023-12-06,0.9636227101145868,0.10377505526837237,0.1
2023-12-07,0.9743073531790368,0.1026370166187427,0.1
2023-12-08,0.9896113486575229,0.10104977083746768,0.1
2023-12-11,1.0017540843363797,0.09982489870879421,0.1
2023-12-12,1.016153185968676,0.09841035916712916,0.1
2023-12-13,0.9241377949142922,0.10820897116243836,0.1
2023-12-14,0.9238611888992031,0.10824136915974548,0.1
2023-12-15,0.9341573870758565,0.10704834258499493,0.1
2023-12-18,0.9453456686633935,0.10578141236039948,0.1
2023-12-19,0.9436420404613828,0.10597238752854438,0.1
2023-12-20,0.9078050615983005,0.11015580792636022,0.1
2023-12-21,0.9048173476716729,0.11051954326177063,0.1
2023-12-22,0.9178600526232884,0.108949070954984,0.1
2023-12-26,0.9248167296117851,0.10812953182840616,0.1
2023-12-27,0.9363950549040196,0.10679253321158343,0.1
2023-12-28,0.950455344221664,0.10521272841270714,0.1
2023-12-29,0.9627194971878051,0.10387241589280105,0.1
2024-01-02,0.9781126165771495,0.10223771609239068,0.1
2024-01-03,0.9837354339573283,0.10165334758525911,0.1
2024-01-04,0.9935790300617687,0.10064624652332207,0.1
2024-01-05,1.0094320479439622,0.09906560843167467,0.1
2024-01-08,1.003095145071725,0.09969144052915305,0.1
2024-01-09,1.0113404977290372,0.09887866670478417,0.1
2024-01-10,1.0267191567869896,0.09739761777986063,0.1
2024-01-11,1.0415864395451895,0.09600739430100988,0.1
2024-01-12,1.0568831359037638,0.09461784051884585,0.1
2024-01-16,1.0374637891297185,0.09638890633849061,0.1
2024-01-17,1.0371189517046642,0.09642095521987586,0.1
2024-01-18,1.0484717863668236,0.09537691075743789,0.1
2024-01-19,1.0472514982238477,0.09548804672955953,0.1
2024-01-22,1.0629996577452896,0.09407340752311087,0.1
2024-01-23,1.0778116204656099,0.09278059180397447,0.1
2024-01-24,1.088556273968338,0.09186479596084586,0.1
2024-01-25,1.075902031930816,0.09294526549089215,0.1
2024-01-26,1.0921004168330368,0.09156667139637972,0.1
2024-01-29,1.084710902467452,0.09219046270533879,0.1
2024-01-30,1.0986738722071183,0.09101882053416879,0.1
2024-01-31,1.066056840270573,0.09380362868326916,0.1
2024-02-01,1.0033172450122165,0.09966937227196009,0.1
2024-02-02,1.0184210575079218,0.09819121400013095,0.1
2024-02-05,0.99667425117851,0.10033368463342536,0.1
2024-02-06,1.001727918414809,0.0998275062137089,0.1
2024-02-07,1.0106397925667818,0.09894722208198836,0.1
2024-02-08,1.0268110306850073,0.09738890312980752,0.1
2024-02-09,1.0432399546127735,0.09585522444557608,0.1
2024-02-12,1.0552174295929475,0.09476719886874427,0.1
2024-02-13,0.989356349571457,0.10107581564854295,0.1
2024-02-14,0.9856819837374792,0.10145259997633621,0.1
2024-02-15,0.9577912752262921,0.10440688131803409,0.1
2024-02-16,0.9702501694532323,0.10306620204596643,0.1
2024-02-20,0.9843023534103708,0.10159479925403417,0.1
2024-02-21,0.9951767164454621,0.10048466603718037,0.1
2024-02-22,0.9761770515726955,0.10244043315594481,0.1
2024-02-23,0.9884680845095128,0.10116664520293636,0.1
2024-02-26,0.9962965565691105,0.10037172099075027,0.1
2024-02-27,1.0105724897788728,0.09895381183578567,0.1
2024-02-28,1.026535843206756,0.09741501055395575,0.1
2024-02-29,1.0369266461211313,0.09643883718686716,0.1
2024-03-01,1.0342853516858763,0.09668511676879196,0.1
2024-03-04,1.0507465344416211,0.0951704304722177,0.1
2024-03-05,1.062979012322399,0.09407523463847114,0.1
2024-03-06,1.065290657027843,0.0938710945602392,0.1
2024-03-07,1.0565579915025278,0.09464695814546849,0.1
2024-03-08,1.0716715077708403,0.09331217567592867,0.1
2024-03-11,1.0871442161139908,0.09198411629089205,0.1
2024-03-12,1.1023469301112594,0.09071554269208792,0.1
2024-03-13,1.1161557265101598,0.08959323293772462,0.1
2024-03-14,1.1218346472555025,0.08913969651823794,0.1
2024-03-15,1.1337851048336394,0.08820013561094811,0.1
2024-03-18,1.1395362747038018,0.08775499492194128,0.1
2024-03-19,1.1433058110769607,0.08746566231986778,0.1
2024-03-20,1.1328295742843615,0.08827453155358576,0.1
2024-03-21,1.1455946280104152,0.08729091212104641,0.1
2024-03-22,1.1594910983172717,0.08624473283591953,0.1
2024-03-25,1.1769731727950088,0.08496370377119616,0.1
2024-03-26,1.194839691729668,0.08369323574716411,0.1
2024-03-27,1.125507765780371,0.08884878722330716,0.1
2024-03-28,1.139163535570302,0.08778370872794553,0.1
2024-04-01,1.1515933060115877,0.08683621160176644,0.1
2024-04-02,1.164597694162352,0.08586656190481809,0.1
2024-04-03,1.1813016252045856,0.0846523850186707,0.1
2024-04-04,1.1634578808302656,0.0859506834305322,0.1
2024-04-05,1.1502072877974245,0.08694085062831917,0.1
2024-04-08,1.1677929448261029,0.08563161855280013,0.1
2024-04-09,1.1809818522223294,0.08467530623931568,0.1
2024-04-10,1.1209926687875678,0.08920664941382447,0.1
2024-04-11,1.1338822634993608,0.0881925780295587,0.1
2024-04-12,1.0720780633757003,0.0932767896445204,0.1
2024-04-15,1.0640338015219772,0.09398197675389784,0.1
2024-04-16,1.0721823469926561,0.09326771726888444,0.1
2024-04-17,1.0892741948511908,0.09180424953852993,0.1
2024-04-18,1.1065471714972732,0.09037120384546247,0.1
2024-04-19,1.122818343392047,0.08906160162818402,0.1
2024-04-22,1.1352616971335732,0.08808541700340143,0.1
2024-04-23,1.1293448797574521,0.088546910507512,0.1
2024-04-24,1.147076962985275,0.08717810855493896,0.1
2024-04-25,1.1599332097247996,0.08621186044300391,0.1
2024-04-26,1.1711730144680428,0.08538448099866858,0.1
2024-04-29,1.1722733551455995,0.0853043358539696,0.1
2024-04-30,1.0718868291461399,0.09329343106087007,0.1
2024-05-01,1.0889723569468734,0.09182969554926783,0.1
2024-05-02,1.093400243757337,0.09145781754754523,0.1
2024-05-03,1.0834791742448895,0.09229526729915517,0.1
2024-05-06,1.0683849813561472,0.09359921914389482,0.1
2024-05-07,1.0798399841575992,0.09260631340486215,0.1
2024-05-08,1.0967708432139678,0.09117674910737131,0.1
2024-05-09,1.0735498567050747,0.0931489109475723,0.1
2024-05-10,1.090409900263273,0.09170863175018458,0.1
2024-05-13,1.1059728031670968,0.09041813660664803,0.1
2024-05-14,1.1161505943513568,0.08959364489530583,0.1
2024-05-15,1.0917742132212547,0.09159402996426552,0.1
2024-05-16,1.1075514845909087,0.09028925642850504,0.1
2024-05-17,1.1174871983424406,0.08948648373630513,0.1
2024-05-20,1.133895470635622,0.08819155079960195,0.1
2024-05-21,1.1492662386248638,0.08701204006449664,0.1
2024-05-22,1.1462496186236868,0.08724103229807045,0.1
2024-05-23,1.0827052580506025,0.09236123982629287,0.1
2024-05-24,1.0848176669010496,0.09218138960224123,0.1
2024-05-28,1.0966882544421397,0.09118361539384566,0.1
2024-05-29,1.062345571208193,0.0941313285527902,0.1
2024-05-30,1.0758533264171724,0.09294947326418737,0.1
2024-05-31,1.0376175016320095,0.0963746273002486,0.1
2024-06-03,1.0526587520858586,0.09499754768755644,0.1
2024-06-04,1.0693873969070284,0.09351148170366358,0.1
2024-06-05,1.0669725917516772,0.09372311976245551,0.1
2024-06-06,1.083911059588401,0.09225849216629776,0.1
2024-06-07,1.0743475299240481,0.09307975046684343,0.1
2024-06-10,1.0878930131177007,0.09192080360312128,0.1
2024-06-11,1.1052940134074174,0.09047366473262482,0.1
2024-06-12,1.1213559450224877,0.08917774988743168,0.1
2024-06-13,1.139131448467617,0.08778618142315539,0.1
2024-06-14,1.1570096619258357,0.08642970174816916,0.1
2024-06-17,1.1653855981956904,0.08580850849266125,0.1
2024-06-18,1.181557299937003,0.0846340672647291,0.1
2024-06-20,1.1947694574350052,0.08369815563806371,0.1
2024-06-21,1.2125596752673868,0.08247016789334394,0.1
2024-06-24,1.2148565066751242,0.08231424818531421,0.1
2024-06-25,1.2314730702935912,0.08120356215029481,0.1
2024-06-26,1.242610504540023,0.08047574009284349,0.1
2024-06-27,1.2595869071359003,0.07939110785724508,0.1
2024-06-28,1.2659594246522736,0.07899147322787807,0.1
2024-07-01,1.270893087485766,0.0786848248563788,0.1
2024-07-02,1.2651090232239333,0.07904457099291379,0.1
2024-07-03,1.2687882896476266,0.07881535541896627,0.1
2024-07-05,1.2700742198321826,0.07873555611042417,0.1
2024-07-08,1.2884387138355304,0.07761331519006578,0.1
2024-07-09,1.308725328704046,0.07641022742260528,0.1
2024-07-10,1.2795390397223276,0.07815314491826758,0.1
2024-07-11,1.2888482821035152,0.07758865134753572,0.1
2024-07-12,1.2869751356753996,0.07770157886346452,0.1
2024-07-15,1.3074190536506387,0.07648657079057795,0.1
2024-07-16,1.2130960538941358,0.08243370315070432,0.1
2024-07-17,1.2181211138154953,0.08209364312451009,0.1
2024-07-18,1.2044745111170607,0.08302375772755659,0.1
2024-07-19,1.1891316654975164,0.08409497694955535,0.1
2024-07-22,1.1892465551774036,0.08408685277636369,0.1
2024-07-23,1.2040655573084384,0.08305195626020519,0.1
2024-07-24,1.1240819715812487,0.08896148370685972,0.1
2024-07-25,1.140911641071996,0.08764920647670876,0.1
2024-07-26,1.0851605985765593,0.0921522585054906,0.1
2024-07-29,1.1009168146244093,0.09083338420452429,0.1
2024-07-30,1.1178367855994975,0.08945849813519051,0.1
2024-07-31,1.074957689697267,0.09302691720653891,0.1
2024-08-01,1.0726405677703281,0.09322787428026108,0.1
2024-08-02,1.0344441035837126,0.09667027890009862,0.1
2024-08-05,0.88629616548929,0.11282910148301709,0.1
2024-08-06,0.8925633793849536,0.11203686181804577,0.1
2024-08-07,0.8988692490088155,0.11125088561019321,0.1
2024-08-08,0.8430825182078288,0.11861235150809869,0.1
2024-08-09,0.8531438985486681,0.11721352068521586,0.1
2024-08-12,0.8667898866280908,0.11536821269224903,0.1
2024-08-13,0.8568351774686882,0.11670856032711655,0.1
2024-08-14,0.8696756494544405,0.11498539721415837,0.1
2024-08-15,0.853505017740641,0.11716392747721083,0.1
2024-08-16,0.8630926202439255,0.11586242038744139,0.1
2024-08-19,0.8648919602387457,0.1156213776948463,0.1
2024-08-20,0.8779299184349922,0.11390430819154806,0.1
2024-08-21,0.8862135480501625,0.11283961999906109,0.1
2024-08-22,0.8915826715073233,0.11216009821157524,0.1
2024-08-23,0.8794803700809111,0.11370350425308541,0.1
2024-08-26,0.8933074597306976,0.11194354072689225,0.1
2024-08-27,0.9075481326871399,0.11018699328256248,0.1
2024-08-28,0.916815169777711,0.1090732388560344,0.1
2024-08-29,0.9296991270008811,0.107561680005649,0.1
2024-08-30,0.9325167135372062,0.10723668385597267,0.1
2024-09-03,0.9072167004902961,0.11022724774131254,0.1
2024-09-04,0.9216607756644514,0.10849978933725066,0.1
2024-09-05,0.93428078140938,0.10703420426688874,0.1
2024-09-06,0.9047209847894813,0.1105313148266025,0.1
2024-09-09,0.8922880666765411,0.11207143044338225,0.1
2024-09-10,0.9055681069201963,0.11042791727736119,0.1
2024-09-11,0.9185974586278375,0.10886161186356408,0.1
2024-09-12,0.9155340902867781,0.10922586177940836,0.1
2024-09-13,0.914675571079363,0.1093283817364828,0.1
2024-09-16,0.9183328997886395,0.10889297336838925,0.1
2024-09-17,0.9330087659467897,0.10718012911542472,0.1
2024-09-18,0.9416874776752318,0.1061923433949367,0.1
2024-09-19,0.9221754718751052,0.10843923206574237,0.1
2024-09-20,0.9365624430473936,0.10677344659969419,0.1
2024-09-23,0.9448355434583603,0.10583852469602514,0.1
2024-09-24,0.9574331750028533,0.10444593169617503,0.1
2024-09-25,0.9646611372551591,0.10366334471039167,0.1
2024-09-26,0.9758711724905929,0.10247254229754797,0.1
2024-09-27,0.9892245547402322,0.10108928202480755,0.1
2024-09-30,1.0046484477368982,0.09953730603502456,0.1
2024-10-01,1.0206382411273944,0.0979779083032792,0.1
2024-10-02,1.0360312896572688,0.09652218132628135,0.1
2024-10-03,1.0461700312372746,0.09558675646800258,0.1
2024-10-04,1.051271804709396,0.09512287835746064,0.1
2024-10-07,1.0370741973524888,0.0964251162118261,0.1
2024-10-08,1.0523763818968623,0.09502303711886273,0.1
2024-10-09,1.0626084158913798,0.09410804441645043,0.1
2024-10-10,1.0782784898562807,0.09274041997566751,0.1
2024-10-11,1.0719041994865803,0.0932919192292538,0.1
2024-10-14,1.0762987542351778,0.09291100598835163,0.1
2024-10-15,1.0878704811311106,0.09192270746791957,0.1
2024-10-16,1.0868892390671179,0.09200569515788976,0.1
2024-10-17,1.1016957035889263,0.09076916581796239,0.1
2024-10-18,1.1121961101801454,0.08991220081124249,0.1
2024-10-21,1.1102582461828256,0.09006913512582283,0.1
2024-10-22,1.1275083838560849,0.0886911365199782,0.1
2024-10-23,1.130707405063432,0.08844020968836767,0.1
2024-10-24,1.1472664269742445,0.08716371162689393,0.1
2024-10-25,1.1579987950452493,0.08635587569509731,0.1
2024-10-28,1.171382233451761,0.08536923059292596,0.1
2024-10-29,1.1852472506596947,0.08437058170296635,0.1
2024-10-30,1.204192401545909,0.08304320793888316,0.1
2024-10-31,1.1749768177112887,0.08510806212737694,0.1
2024-11-01,1.1931032331680793,0.08381504401297053,0.1
2024-11-04,1.2119676146013898,0.08251045555609958,0.1
2024-11-05,1.1709881560989062,0.08539796024337723,0.1
2024-11-06,1.1013455921275297,0.09079802081635839,0.1
2024-11-07,1.1041895940397346,0.09056415722425426,0.1
2024-11-08,1.1031505490951394,0.09064945857301629,0.1
2024-11-11,1.120606925764343,0.08923735674022545,0.1
2024-11-12,1.1073485644254797,0.09030580181578374,0.1
2024-11-13,1.1250107631359791,0.0888880384764044,0.1
2024-11-14,1.1283014639607203,0.0886287957554944,0.1
2024-11-15,1.1216219367063769,0.08915660146024627,0.1
2024-11-18,1.1131893622064553,0.08983197593784922,0.1
2024-11-19,1.1300177290403872,0.0884941867991046,0.1
2024-11-20,1.1451531120434673,0.08732456729873887,0.1
2024-11-21,1.1238374507987914,0.08898083964804952,0.1
2024-11-22,1.1260123955162205,0.08880896906481656,0.1
2024-11-25,1.1398939567245578,0.08772745869040856,0.1
2024-11-26,1.1542489098061977,0.08663642577474069,0.1
2024-11-27,1.1726772938318848,0.08527495204860343,0.1
2024-11-29,1.1698605442566226,0.08548027411553068,0.1
2024-12-02,1.1835971244412158,0.08448820796790181,0.1
2024-12-03,1.1984809732083954,0.08343895500676564,0.1
2024-12-04,1.2173411260097102,0.08214624304017996,0.1
2024-12-05,1.2330726123375402,0.08109822487292914,0.1
2024-12-06,1.2521951921480083,0.07985975399606876,0.1
2024-12-09,1.2487207277560555,0.0800819573001719,0.1
2024-12-10,1.2676433235295959,0.07888654335476827,0.1
2024-12-11,1.2861228418050026,0.07775307050736734,0.1
2024-12-12,1.2774180686920502,0.07828290710056271,0.1
2024-12-13,1.2856058898964706,0.07778433560852227,0.1
2024-12-16,1.3027702998914348,0.07675950242980932,0.1
2024-12-17,1.3097868110845223,0.0763483027571476,0.1
2024-12-18,0.9663599665313133,0.10348110793428618,0.1
2024-12-19,0.976754890507386,0.10237983036670942,0.1
2024-12-20,0.9561788452617649,0.10458294543488239,0.1
2024-12-23,0.9705156384506106,0.10303800993835195,0.1
2024-12-24,0.961765480420257,0.10397545143365261,0.1
2024-12-26,0.9770705322627529,0.10234675665472644,0.1
2024-12-27,0.9733171988352504,0.10274142912471705,0.1
2024-12-30,0.9658756630519826,0.10353299479978521,0.1
2024-12-31,0.9813071193789633,0.1019048960566868,0.1
2025-01-02,0.9969161239025172,0.10030934158085544,0.1
2025-01-03,0.9959891028854039,0.10040270491945912,0.1
2025-01-06,1.0118941464750026,0.098824566135061,0.1
2025-01-07,1.0204286976883046,0.09799802791370098,0.1
2025-01-08,1.035053110562578,0.09661339981447661,0.1
2025-01-10,1.015647410953673,0.09845936584045635,0.1
2025-01-13,1.0237162561878004,0.09768331741882103,0.1
2025-01-14,1.0322864554867037,0.0968723356472326,0.1
2025-01-15,0.9785808912898072,0.10218879286330246,0.1
2025-01-16,0.9837787963428187,0.10164886697268567,0.1
2025-01-17,0.9889552087407433,0.10111681410458623,0.1
2025-01-21,0.9653298930704605,0.10359152940133896,0.1
2025-01-22,0.9779060107008163,0.10225931623872013,0.1
2025-01-23,0.9873718510853511,0.10127896586283756,0.1
2025-01-24,1.0029976481731344,0.099701131086539,0.1
2025-01-27,1.0178059833230517,0.09825055230419096,0.1
2025-01-28,1.0331971741832666,0.09678694686621568,0.1
2025-01-29,1.048755391766764,0.09535111884529822,0.1
2025-01-30,1.0279724130868655,0.09727887512050368,0.1
2025-01-31,1.026662770884994,0.09740296700716923,0.1
2025-02-03,1.0430526616622333,0.09587243643157733,0.1
2025-02-04,1.0520880022687045,0.09504908314167801,0.1
2025-02-05,1.0588911928819036,0.09443840941564319,0.1
2025-02-06,1.0758338425882414,0.09295115662044984,0.1
2025-02-07,1.0789028938408338,0.09268674740875485,0.1
2025-02-10,1.0737930550306434,0.09312781408997496,0.1
2025-02-11,1.0906241793944929,0.09169061340224396,0.1
2025-02-12,1.0956498412520612,0.09127003558520515,0.1
2025-02-13,1.0650830618936908,0.09388939095717336,0.1
2025-02-14,1.0797800487048606,0.0926114537122118,0.1
2025-02-18,1.0851653849998524,0.09215185204236274,0.1
2025-02-19,1.0999365952093187,0.09091433127649501,0.1
2025-02-20,1.1150892602775866,0.08967891949305147,0.1
2025-02-21,1.079997201936193,0.09259283248208645,0.1
2025-02-24,1.0972633351970003,0.09113582564211554,0.1
2025-02-25,1.114329285656752,0.0897400806809659,0.1
2025-02-26,1.130966420318896,0.08841995500786241,0.1
2025-02-27,1.102957206497561,0.09066534894635656,0.1
2025-02-28,1.044884327762318,0.09570437353018392,0.1
2025-03-03,1.0278196810624896,0.09729333057392602,0.1
2025-03-04,0.9806484744505426,0.10197333968834246,0.1
2025-03-05,0.9812800599227551,0.10190770615258589,0.1
2025-03-06,0.9555284658166261,0.10465412970668196,0.1
2025-03-07,0.9608055420431023,0.10407933304314136,0.1
2025-03-10,0.9219037293843557,0.10847119586638367,0.1
2025-03-11,0.9158088389969702,0.10919309329829567,0.1
2025-03-12,0.9302486398520813,0.10749814158922177,0.1
2025-03-13,0.9350506289399488,0.10694608067733008,0.1
2025-03-14,0.8848351410180274,0.11301540294268515,0.1
2025-03-17,0.875399177633453,0.11423360057332838,0.1
2025-03-18,0.8823933964275408,0.11332813731931829,0.1
2025-03-19,0.8772826436830925,0.1139883488178569,0.1
2025-03-20,0.8906519500489353,0.11227730427638505,0.1
2025-03-21,0.902360764049184,0.11082042125952787,0.1
2025-03-24,0.8841215847156499,0.11310661534427063,0.1
2025-03-25,0.8982680245604872,0.11132534751966588,0.1
2025-03-26,0.9102304548444525,0.10986228758637702,0.1
2025-03-27,0.9247098296665822,0.10814203201025395,0.1
2025-03-28,0.9062549481343631,0.11034422510559778,0.1
2025-03-31,0.8945989764005654,0.11178192982329552,0.1
2025-04-01,0.9076917226171224,0.11016956253789864,0.1
2025-04-02,0.9129426187690062,0.10953590942532405,0.1
2025-04-03,0.6982344484421605,0.14321837059616757,0.1
2025-04-04,0.5,0.2017722886287762,0.1
2025-04-07,0.5,0.20058230875085561,0.1
2025-04-08,0.5,0.20125038415702845,0.1
2025-04-09,0.5,0.275215909890011,0.1
2025-04-10,0.5,0.2801256854440457,0.1
2025-04-11,0.5,0.2792816063525824,0.1
2025-04-14,0.5,0.27595094980986956,0.1
2025-04-15,0.5,0.2716391707213282,0.1
2025-04-16,0.5,0.2684868783327552,0.1
2025-04-17,0.5,0.26458492596832145,0.1
2025-04-21,0.5,0.2645689797659126,0.1
2025-04-22,0.5,0.26593778691779557,0.1
2025-04-23,0.5,0.2624011951448852,0.1
2025-04-24,0.5,0.26156003639994124,0.1
2025-04-25,0.5,0.25748468703318494,0.1
2025-04-28,0.5,0.25365342763472287,0.1
2025-04-29,0.5,0.2500651270819762,0.1
2025-04-30,0.5,0.24617936077571909,0.1
2025-05-01,0.5,0.24239438874564995,0.1
2025-05-02,0.5,0.24062268267782316,0.1
2025-05-05,0.5,0.23690718032991623,0.1
2025-05-06,0.5,0.23323897319054043,0.1
2025-05-07,0.5,0.22962781818872602,0.1
2025-05-08,0.5,0.22606252426762333,0.1
2025-05-09,0.5,0.222505800514528,0.1
2025-05-12,0.5,0.22371341978117393,0.1
2025-05-13,0.5,0.22023146361686818,0.1
2025-05-14,0.5,0.21736667734699325,0.1
2025-05-15,0.5,0.21565898612638185,0.1
2025-05-16,0.5,0.21310825984679518,0.1
2025-05-19,0.5,0.20979587423431723,0.1
2025-05-20,0.5,0.2065056436701939,0.1
2025-05-21,0.5,0.20745764047095216,0.1
2025-05-22,0.5,0.20434578916426038,0.1
2025-05-23,0.5,0.20113764015840757,0.1
2025-05-27,0.5,0.20135074226241856,0.1
2025-05-28,0.5021595214904886,0.1991399061859551,0.1
2025-05-29,0.5094742972143674,0.1962807555685656,0.1
2025-05-30,0.5176112118626055,0.19319519691266648,0.1
2025-06-02,0.5246773888452131,0.19059330957656603,0.1
2025-06-03,0.532364560681201,0.18784120391493078,0.1
2025-06-04,0.5407958764492792,0.1849126525456762,0.1
2025-06-05,0.54815247170118,0.18243099349648476,0.1
2025-06-06,0.5548506787352163,0.1802286702215996,0.1
2025-06-09,0.5636948991719001,0.17740093115425684,0.1
2025-06-10,0.5700789605670777,0.17541429682043774,0.1
2025-06-11,0.5791980976849324,0.17265250075872524,0.1
2025-06-12,0.5869252604523864,0.17037944477448913,0.1
2025-06-13,0.5930024075492064,0.1686333794381807,0.1
2025-06-16,0.6016711205550304,0.16620375581223157,0.1
2025-06-17,0.6085315479557912,0.16433001762344923,0.1
2025-06-18,0.6181454512533493,0.16177422287463314,0.1
2025-06-20,0.6280359285188006,0.1592265592763877,0.1
2025-06-23,0.632618402238229,0.1580731759401814,0.1
2025-06-24,0.639976299012841,0.15625578658811162,0.1
2025-06-25,0.6482831389745879,0.15425358765025649,0.1
2025-06-26,0.6531904738468364,0.15309470055659224,0.1
2025-06-27,0.6634581176703801,0.15072541481764204,0.1
2025-06-30,0.6713685099761735,0.14894949422568085,0.1
2025-07-01,0.677630054711304,0.14757314747883163,0.1
2025-07-02,0.6876635024899764,0.14541996141704153,0.1
2025-07-03,0.6973792703583421,0.14339399556372803,0.1
2025-07-07,0.7026869576359867,0.1423108809880645,0.1
2025-07-08,0.7139227972184375,0.1400711679044523,0.1
2025-07-09,0.7229365052798249,0.13832473428810085,0.1
2025-07-10,0.7318748939593295,0.1366353741949195,0.1
2025-07-11,0.7411962862643539,0.13491702785506696,0.1
2025-07-14,0.7529981443053906,0.1328024521126089,0.1
2025-07-15,0.7470981300605207,0.13385122512875147,0.1
2025-07-16,0.7575264035055804,0.13200860001345596,0.1
2025-07-17,0.7669003759551106,0.1303950332211773,0.1
2025-07-18,0.7790865196775817,0.12835544894472586,0.1
2025-07-21,0.7904392131619576,0.12651194213907305,0.1
2025-07-22,0.7928879596895504,0.12612122403669024,0.1
2025-07-23,0.8013179859946867,0.12479440340512096,0.1
2025-07-24,0.812563487692682,0.12306730675772229,0.1
2025-07-25,0.8238267270655493,0.12138474841208123,0.1
2025-07-28,0.833260964388048,0.12001042203319896,0.1
2025-07-29,0.8465249851161221,0.1181300041442752,0.1
2025-07-30,0.8522237127903048,0.11734008159968397,0.1
2025-07-31,0.860760235456043,0.1161763704697843,0.1
2025-08-01,0.865301621388832,0.11556663887847264,0.1
2025-08-04,0.8507776704922769,0.11753952115614177,0.1
2025-08-05,0.8633673188156664,0.11582555630803365,0.1
2025-08-06,0.8771609174423887,0.11400416732151993,0.1
2025-08-07,0.8911910331289976,0.11220938753041208,0.1
2025-08-08,0.9024048205991111,0.11081501086575479,0.1
2025-08-11,0.9150627159255553,0.10928212707131593,0.1
2025-08-12,0.9115286420372725,0.1097058231505478,0.1
2025-08-13,0.9086760546370922,0.11005022030644143,0.1
2025-08-14,0.9192624367173657,0.10878286331060623,0.1
2025-08-15,0.9335786587692735,0.10711470218463318,0.1
